depot,route,date,min,min_rest,max,max_rest,min_path,max_path,min_resp_path,max_resp_path
0521,300,20220617,055733,2-0,092416,2-0,0521_300-20220617/0521_300-20220617-055733-2-0.json,0521_300-20220617/0521_300-20220617-092416-2-0.json,0521_300-20220617/0521_300-20220617-055733-2-0.txt,0521_300-20220617/0521_300-20220617-092416-2-0.txt
0521,301,20220530,064538,154-154,064538,154-154,0521_301-20220530/0521_301-20220530-064538-154-154.json,0521_301-20220530/0521_301-20220530-064538-154-154.json,0521_301-20220530/0521_301-20220530-064538-154-154.txt,0521_301-20220530/0521_301-20220530-064538-154-154.txt
0521,301,20220531,054500,159-0,064436,148-148,0521_301-20220531/0521_301-20220531-054500-159-0.json,0521_301-20220531/0521_301-20220531-064436-148-148.json,0521_301-20220531/0521_301-20220531-054500-159-0.txt,0521_301-20220531/0521_301-20220531-064436-148-148.txt
0521,301,20220601,053213,135-0,062223,131-131,0521_301-20220601/0521_301-20220601-053213-135-0.json,0521_301-20220601/0521_301-20220601-062223-131-131.json,0521_301-20220601/0521_301-20220601-053213-135-0.txt,0521_301-20220601/0521_301-20220601-062223-131-131.txt
0521,301,20220602,053759,139-0,054739,133-133,0521_301-20220602/0521_301-20220602-053759-139-0.json,0521_301-20220602/0521_301-20220602-054739-133-133.json,0521_301-20220602/0521_301-20220602-053759-139-0.txt,0521_301-20220602/0521_301-20220602-054739-133-133.txt
0521,301,20220603,053852,106-0,063715,103-103,0521_301-20220603/0521_301-20220603-053852-106-0.json,0521_301-20220603/0521_301-20220603-063715-103-103.json,0521_301-20220603/0521_301-20220603-053852-106-0.txt,0521_301-20220603/0521_301-20220603-063715-103-103.txt
0521,301,20220607,055050,118-0,063933,110-110,0521_301-20220607/0521_301-20220607-055050-118-0.json,0521_301-20220607/0521_301-20220607-063933-110-110.json,0521_301-20220607/0521_301-20220607-055050-118-0.txt,0521_301-20220607/0521_301-20220607-063933-110-110.txt
0521,301,20220608,053331,167-0,063258,166-166,0521_301-20220608/0521_301-20220608-053331-167-0.json,0521_301-20220608/0521_301-20220608-063258-166-166.json,0521_301-20220608/0521_301-20220608-053331-167-0.txt,0521_301-20220608/0521_301-20220608-063258-166-166.txt
0521,301,20220609,054447,161-0,063137,146-146,0521_301-20220609/0521_301-20220609-054447-161-0.json,0521_301-20220609/0521_301-20220609-063137-146-146.json,0521_301-20220609/0521_301-20220609-054447-161-0.txt,0521_301-20220609/0521_301-20220609-063137-146-146.txt
0521,301,20220610,054723,146-0,063624,142-142,0521_301-20220610/0521_301-20220610-054723-146-0.json,0521_301-20220610/0521_301-20220610-063624-142-142.json,0521_301-20220610/0521_301-20220610-054723-146-0.txt,0521_301-20220610/0521_301-20220610-063624-142-142.txt
0521,301,20220613,060743,148-0,065320,145-145,0521_301-20220613/0521_301-20220613-060743-148-0.json,0521_301-20220613/0521_301-20220613-065320-145-145.json,0521_301-20220613/0521_301-20220613-060743-148-0.txt,0521_301-20220613/0521_301-20220613-065320-145-145.txt
0521,301,20220614,053247,170-0,062909,166-166,0521_301-20220614/0521_301-20220614-053247-170-0.json,0521_301-20220614/0521_301-20220614-062909-166-166.json,0521_301-20220614/0521_301-20220614-053247-170-0.txt,0521_301-20220614/0521_301-20220614-062909-166-166.txt
0521,301,20220615,052610,146-0,061704,141-141,0521_301-20220615/0521_301-20220615-052610-146-0.json,0521_301-20220615/0521_301-20220615-061704-141-141.json,0521_301-20220615/0521_301-20220615-052610-146-0.txt,0521_301-20220615/0521_301-20220615-061704-141-141.txt
0521,301,20220616,053402,141-0,053736,137-0,0521_301-20220616/0521_301-20220616-053402-141-0.json,0521_301-20220616/0521_301-20220616-053736-137-0.json,0521_301-20220616/0521_301-20220616-053402-141-0.txt,0521_301-20220616/0521_301-20220616-053736-137-0.txt
0521,301,20220617,051858,114-0,060456,113-113,0521_301-20220617/0521_301-20220617-051858-114-0.json,0521_301-20220617/0521_301-20220617-060456-113-113.json,0521_301-20220617/0521_301-20220617-051858-114-0.txt,0521_301-20220617/0521_301-20220617-060456-113-113.txt
0521,301,20220618,053622,49-0,055328,49-49,0521_301-20220618/0521_301-20220618-053622-49-0.json,0521_301-20220618/0521_301-20220618-055328-49-49.json,0521_301-20220618/0521_301-20220618-053622-49-0.txt,0521_301-20220618/0521_301-20220618-055328-49-49.txt
0521,301,20220620,053901,107-0,061915,97-97,0521_301-20220620/0521_301-20220620-053901-107-0.json,0521_301-20220620/0521_301-20220620-061915-97-97.json,0521_301-20220620/0521_301-20220620-053901-107-0.txt,0521_301-20220620/0521_301-20220620-061915-97-97.txt
0521,301,20220621,054120,146-0,064156,142-142,0521_301-20220621/0521_301-20220621-054120-146-0.json,0521_301-20220621/0521_301-20220621-064156-142-142.json,0521_301-20220621/0521_301-20220621-054120-146-0.txt,0521_301-20220621/0521_301-20220621-064156-142-142.txt
0521,301,20220622,053139,134-0,061235,129-129,0521_301-20220622/0521_301-20220622-053139-134-0.json,0521_301-20220622/0521_301-20220622-061235-129-129.json,0521_301-20220622/0521_301-20220622-053139-134-0.txt,0521_301-20220622/0521_301-20220622-061235-129-129.txt
0521,302,20220530,082328,108-0,084628,126-0,0521_302-20220530/0521_302-20220530-082328-108-0.json,0521_302-20220530/0521_302-20220530-084628-126-0.json,0521_302-20220530/0521_302-20220530-082328-108-0.txt,0521_302-20220530/0521_302-20220530-084628-126-0.txt
0521,302,20220531,081653,123-0,095010,148-148,0521_302-20220531/0521_302-20220531-081653-123-0.json,0521_302-20220531/0521_302-20220531-095010-148-148.json,0521_302-20220531/0521_302-20220531-081653-123-0.txt,0521_302-20220531/0521_302-20220531-095010-148-148.txt
0521,302,20220601,082406,117-0,092712,120-120,0521_302-20220601/0521_302-20220601-082406-117-0.json,0521_302-20220601/0521_302-20220601-092712-120-120.json,0521_302-20220601/0521_302-20220601-082406-117-0.txt,0521_302-20220601/0521_302-20220601-092712-120-120.txt
0521,302,20220602,082202,114-0,091245,106-106,0521_302-20220602/0521_302-20220602-082202-114-0.json,0521_302-20220602/0521_302-20220602-091245-106-106.json,0521_302-20220602/0521_302-20220602-082202-114-0.txt,0521_302-20220602/0521_302-20220602-091245-106-106.txt
0521,302,20220603,082433,128-0,091803,123-123,0521_302-20220603/0521_302-20220603-082433-128-0.json,0521_302-20220603/0521_302-20220603-091803-123-123.json,0521_302-20220603/0521_302-20220603-082433-128-0.txt,0521_302-20220603/0521_302-20220603-091803-123-123.txt
0521,302,20220607,082712,112-0,091028,107-107,0521_302-20220607/0521_302-20220607-082712-112-0.json,0521_302-20220607/0521_302-20220607-091028-107-107.json,0521_302-20220607/0521_302-20220607-082712-112-0.txt,0521_302-20220607/0521_302-20220607-091028-107-107.txt
0521,302,20220608,082043,123-0,094137,148-148,0521_302-20220608/0521_302-20220608-082043-123-0.json,0521_302-20220608/0521_302-20220608-094137-148-148.json,0521_302-20220608/0521_302-20220608-082043-123-0.txt,0521_302-20220608/0521_302-20220608-094137-148-148.txt
0521,302,20220609,082941,121-0,092241,121-121,0521_302-20220609/0521_302-20220609-082941-121-0.json,0521_302-20220609/0521_302-20220609-092241-121-121.json,0521_302-20220609/0521_302-20220609-082941-121-0.txt,0521_302-20220609/0521_302-20220609-092241-121-121.txt
0521,302,20220610,083203,146-0,083923,145-145,0521_302-20220610/0521_302-20220610-083203-146-0.json,0521_302-20220610/0521_302-20220610-083923-145-145.json,0521_302-20220610/0521_302-20220610-083203-146-0.txt,0521_302-20220610/0521_302-20220610-083923-145-145.txt
0521,302,20220611,060325,65-0,062837,63-63,0521_302-20220611/0521_302-20220611-060325-65-0.json,0521_302-20220611/0521_302-20220611-062837-63-63.json,0521_302-20220611/0521_302-20220611-060325-65-0.txt,0521_302-20220611/0521_302-20220611-062837-63-63.txt
0521,302,20220613,082042,81-0,085744,74-74,0521_302-20220613/0521_302-20220613-082042-81-0.json,0521_302-20220613/0521_302-20220613-085744-74-74.json,0521_302-20220613/0521_302-20220613-082042-81-0.txt,0521_302-20220613/0521_302-20220613-085744-74-74.txt
0521,302,20220614,082850,138-0,083721,129-129,0521_302-20220614/0521_302-20220614-082850-138-0.json,0521_302-20220614/0521_302-20220614-083721-129-129.json,0521_302-20220614/0521_302-20220614-082850-138-0.txt,0521_302-20220614/0521_302-20220614-083721-129-129.txt
0521,302,20220615,083158,130-0,094059,134-134,0521_302-20220615/0521_302-20220615-083158-130-0.json,0521_302-20220615/0521_302-20220615-094059-134-134.json,0521_302-20220615/0521_302-20220615-083158-130-0.txt,0521_302-20220615/0521_302-20220615-094059-134-134.txt
0521,302,20220616,081437,115-0,085738,107-107,0521_302-20220616/0521_302-20220616-081437-115-0.json,0521_302-20220616/0521_302-20220616-085738-107-107.json,0521_302-20220616/0521_302-20220616-081437-115-0.txt,0521_302-20220616/0521_302-20220616-085738-107-107.txt
0521,302,20220617,081535,99-0,085735,93-93,0521_302-20220617/0521_302-20220617-081535-99-0.json,0521_302-20220617/0521_302-20220617-085735-93-93.json,0521_302-20220617/0521_302-20220617-081535-99-0.txt,0521_302-20220617/0521_302-20220617-085735-93-93.txt
0521,302,20220620,081630,87-0,084458,82-82,0521_302-20220620/0521_302-20220620-081630-87-0.json,0521_302-20220620/0521_302-20220620-084458-82-82.json,0521_302-20220620/0521_302-20220620-081630-87-0.txt,0521_302-20220620/0521_302-20220620-084458-82-82.txt
0521,302,20220621,084401,111-0,085237,108-105,0521_302-20220621/0521_302-20220621-084401-111-0.json,0521_302-20220621/0521_302-20220621-085237-108-105.json,0521_302-20220621/0521_302-20220621-084401-111-0.txt,0521_302-20220621/0521_302-20220621-085237-108-105.txt
0521,302,20220622,083550,153-0,084245,147-147,0521_302-20220622/0521_302-20220622-083550-153-0.json,0521_302-20220622/0521_302-20220622-084245-147-147.json,0521_302-20220622/0521_302-20220622-083550-153-0.txt,0521_302-20220622/0521_302-20220622-084245-147-147.txt
0521,303,20220531,053710,143-0,061117,130-130,0521_303-20220531/0521_303-20220531-053710-143-0.json,0521_303-20220531/0521_303-20220531-061117-130-130.json,0521_303-20220531/0521_303-20220531-053710-143-0.txt,0521_303-20220531/0521_303-20220531-061117-130-130.txt
0521,303,20220601,053821,127-0,060800,124-124,0521_303-20220601/0521_303-20220601-053821-127-0.json,0521_303-20220601/0521_303-20220601-060800-124-124.json,0521_303-20220601/0521_303-20220601-053821-127-0.txt,0521_303-20220601/0521_303-20220601-060800-124-124.txt
0521,303,20220602,054351,130-0,061510,128-128,0521_303-20220602/0521_303-20220602-054351-130-0.json,0521_303-20220602/0521_303-20220602-061510-128-128.json,0521_303-20220602/0521_303-20220602-054351-130-0.txt,0521_303-20220602/0521_303-20220602-061510-128-128.txt
0521,303,20220603,053414,119-0,055712,115-115,0521_303-20220603/0521_303-20220603-053414-119-0.json,0521_303-20220603/0521_303-20220603-055712-115-115.json,0521_303-20220603/0521_303-20220603-053414-119-0.txt,0521_303-20220603/0521_303-20220603-055712-115-115.txt
0521,303,20220607,053146,93-0,060344,90-90,0521_303-20220607/0521_303-20220607-053146-93-0.json,0521_303-20220607/0521_303-20220607-060344-90-90.json,0521_303-20220607/0521_303-20220607-053146-93-0.txt,0521_303-20220607/0521_303-20220607-060344-90-90.txt
0521,303,20220608,053212,146-0,060550,144-144,0521_303-20220608/0521_303-20220608-053212-146-0.json,0521_303-20220608/0521_303-20220608-060550-144-144.json,0521_303-20220608/0521_303-20220608-053212-146-0.txt,0521_303-20220608/0521_303-20220608-060550-144-144.txt
0521,303,20220609,054936,119-0,061413,117-117,0521_303-20220609/0521_303-20220609-054936-119-0.json,0521_303-20220609/0521_303-20220609-061413-117-117.json,0521_303-20220609/0521_303-20220609-054936-119-0.txt,0521_303-20220609/0521_303-20220609-061413-117-117.txt
0521,303,20220610,060922,126-126,060954,126-126,0521_303-20220610/0521_303-20220610-060922-126-126.json,0521_303-20220610/0521_303-20220610-060954-126-126.json,0521_303-20220610/0521_303-20220610-060922-126-126.txt,0521_303-20220610/0521_303-20220610-060954-126-126.txt
0521,303,20220613,053844,113-0,060742,106-106,0521_303-20220613/0521_303-20220613-053844-113-0.json,0521_303-20220613/0521_303-20220613-060742-106-106.json,0521_303-20220613/0521_303-20220613-053844-113-0.txt,0521_303-20220613/0521_303-20220613-060742-106-106.txt
0521,303,20220614,054341,145-0,061943,141-141,0521_303-20220614/0521_303-20220614-054341-145-0.json,0521_303-20220614/0521_303-20220614-061943-141-141.json,0521_303-20220614/0521_303-20220614-054341-145-0.txt,0521_303-20220614/0521_303-20220614-061943-141-141.txt
0521,303,20220615,053000,114-0,060156,112-112,0521_303-20220615/0521_303-20220615-053000-114-0.json,0521_303-20220615/0521_303-20220615-060156-112-112.json,0521_303-20220615/0521_303-20220615-053000-114-0.txt,0521_303-20220615/0521_303-20220615-060156-112-112.txt
0521,303,20220616,060031,121-121,060142,120-120,0521_303-20220616/0521_303-20220616-060031-121-121.json,0521_303-20220616/0521_303-20220616-060142-120-120.json,0521_303-20220616/0521_303-20220616-060031-121-121.txt,0521_303-20220616/0521_303-20220616-060142-120-120.txt
0521,303,20220617,052525,124-0,055632,122-122,0521_303-20220617/0521_303-20220617-052525-124-0.json,0521_303-20220617/0521_303-20220617-055632-122-122.json,0521_303-20220617/0521_303-20220617-052525-124-0.txt,0521_303-20220617/0521_303-20220617-055632-122-122.txt
0521,303,20220620,052723,96-0,060549,103-103,0521_303-20220620/0521_303-20220620-052723-96-0.json,0521_303-20220620/0521_303-20220620-060549-103-103.json,0521_303-20220620/0521_303-20220620-052723-96-0.txt,0521_303-20220620/0521_303-20220620-060549-103-103.txt
0521,303,20220621,054117,129-0,061909,128-128,0521_303-20220621/0521_303-20220621-054117-129-0.json,0521_303-20220621/0521_303-20220621-061909-128-128.json,0521_303-20220621/0521_303-20220621-054117-129-0.txt,0521_303-20220621/0521_303-20220621-061909-128-128.txt
0521,303,20220622,053019,125-0,060220,123-123,0521_303-20220622/0521_303-20220622-053019-125-0.json,0521_303-20220622/0521_303-20220622-060220-123-123.json,0521_303-20220622/0521_303-20220622-053019-125-0.txt,0521_303-20220622/0521_303-20220622-060220-123-123.txt
0521,304,20220531,054417,162-0,062245,160-160,0521_304-20220531/0521_304-20220531-054417-162-0.json,0521_304-20220531/0521_304-20220531-062245-160-160.json,0521_304-20220531/0521_304-20220531-054417-162-0.txt,0521_304-20220531/0521_304-20220531-062245-160-160.txt
0521,304,20220601,054238,158-0,061546,158-158,0521_304-20220601/0521_304-20220601-054238-158-0.json,0521_304-20220601/0521_304-20220601-061546-158-158.json,0521_304-20220601/0521_304-20220601-054238-158-0.txt,0521_304-20220601/0521_304-20220601-061546-158-158.txt
0521,304,20220602,053619,143-0,061653,141-141,0521_304-20220602/0521_304-20220602-053619-143-0.json,0521_304-20220602/0521_304-20220602-061653-141-141.json,0521_304-20220602/0521_304-20220602-053619-143-0.txt,0521_304-20220602/0521_304-20220602-061653-141-141.txt
0521,304,20220603,054230,141-0,063720,139-139,0521_304-20220603/0521_304-20220603-054230-141-0.json,0521_304-20220603/0521_304-20220603-063720-139-139.json,0521_304-20220603/0521_304-20220603-054230-141-0.txt,0521_304-20220603/0521_304-20220603-063720-139-139.txt
0521,304,20220604,052800,50-0,054512,50-50,0521_304-20220604/0521_304-20220604-052800-50-0.json,0521_304-20220604/0521_304-20220604-054512-50-50.json,0521_304-20220604/0521_304-20220604-052800-50-0.txt,0521_304-20220604/0521_304-20220604-054512-50-50.txt
0521,304,20220607,051846,96-0,055826,95-95,0521_304-20220607/0521_304-20220607-051846-96-0.json,0521_304-20220607/0521_304-20220607-055826-95-95.json,0521_304-20220607/0521_304-20220607-051846-96-0.txt,0521_304-20220607/0521_304-20220607-055826-95-95.txt
0521,304,20220608,053030,132-0,063013,134-134,0521_304-20220608/0521_304-20220608-053030-132-0.json,0521_304-20220608/0521_304-20220608-063013-134-134.json,0521_304-20220608/0521_304-20220608-053030-132-0.txt,0521_304-20220608/0521_304-20220608-063013-134-134.txt
0521,304,20220609,053400,139-0,063022,136-136,0521_304-20220609/0521_304-20220609-053400-139-0.json,0521_304-20220609/0521_304-20220609-063022-136-136.json,0521_304-20220609/0521_304-20220609-053400-139-0.txt,0521_304-20220609/0521_304-20220609-063022-136-136.txt
0521,304,20220610,053801,147-0,063639,144-144,0521_304-20220610/0521_304-20220610-053801-147-0.json,0521_304-20220610/0521_304-20220610-063639-144-144.json,0521_304-20220610/0521_304-20220610-053801-147-0.txt,0521_304-20220610/0521_304-20220610-063639-144-144.txt
0521,304,20220613,053130,124-0,061401,122-122,0521_304-20220613/0521_304-20220613-053130-124-0.json,0521_304-20220613/0521_304-20220613-061401-122-122.json,0521_304-20220613/0521_304-20220613-053130-124-0.txt,0521_304-20220613/0521_304-20220613-061401-122-122.txt
0521,304,20220614,054245,163-0,062732,161-161,0521_304-20220614/0521_304-20220614-054245-163-0.json,0521_304-20220614/0521_304-20220614-062732-161-161.json,0521_304-20220614/0521_304-20220614-054245-163-0.txt,0521_304-20220614/0521_304-20220614-062732-161-161.txt
0521,304,20220615,053654,138-0,061934,136-136,0521_304-20220615/0521_304-20220615-053654-138-0.json,0521_304-20220615/0521_304-20220615-061934-136-136.json,0521_304-20220615/0521_304-20220615-053654-138-0.txt,0521_304-20220615/0521_304-20220615-061934-136-136.txt
0521,304,20220616,053450,119-119,054915,120-120,0521_304-20220616/0521_304-20220616-053450-119-119.json,0521_304-20220616/0521_304-20220616-054915-120-120.json,0521_304-20220616/0521_304-20220616-053450-119-119.txt,0521_304-20220616/0521_304-20220616-054915-120-120.txt
0521,304,20220617,052921,112-0,060954,110-110,0521_304-20220617/0521_304-20220617-052921-112-0.json,0521_304-20220617/0521_304-20220617-060954-110-110.json,0521_304-20220617/0521_304-20220617-052921-112-0.txt,0521_304-20220617/0521_304-20220617-060954-110-110.txt
0521,304,20220618,052746,50-0,060202,50-50,0521_304-20220618/0521_304-20220618-052746-50-0.json,0521_304-20220618/0521_304-20220618-060202-50-50.json,0521_304-20220618/0521_304-20220618-052746-50-0.txt,0521_304-20220618/0521_304-20220618-060202-50-50.txt
0521,304,20220620,052619,102-0,055008,100-100,0521_304-20220620/0521_304-20220620-052619-102-0.json,0521_304-20220620/0521_304-20220620-055008-100-100.json,0521_304-20220620/0521_304-20220620-052619-102-0.txt,0521_304-20220620/0521_304-20220620-055008-100-100.txt
0521,304,20220621,053841,154-0,062835,152-152,0521_304-20220621/0521_304-20220621-053841-154-0.json,0521_304-20220621/0521_304-20220621-062835-152-152.json,0521_304-20220621/0521_304-20220621-053841-154-0.txt,0521_304-20220621/0521_304-20220621-062835-152-152.txt
0521,304,20220622,052739,131-0,061127,133-133,0521_304-20220622/0521_304-20220622-052739-131-0.json,0521_304-20220622/0521_304-20220622-061127-133-133.json,0521_304-20220622/0521_304-20220622-052739-131-0.txt,0521_304-20220622/0521_304-20220622-061127-133-133.txt
0521,305,20220531,053556,144-0,060818,141-141,0521_305-20220531/0521_305-20220531-053556-144-0.json,0521_305-20220531/0521_305-20220531-060818-141-141.json,0521_305-20220531/0521_305-20220531-053556-144-0.txt,0521_305-20220531/0521_305-20220531-060818-141-141.txt
0521,305,20220601,052648,142-0,060655,141-141,0521_305-20220601/0521_305-20220601-052648-142-0.json,0521_305-20220601/0521_305-20220601-060655-141-141.json,0521_305-20220601/0521_305-20220601-052648-142-0.txt,0521_305-20220601/0521_305-20220601-060655-141-141.txt
0521,305,20220602,053405,158-0,061315,141-141,0521_305-20220602/0521_305-20220602-053405-158-0.json,0521_305-20220602/0521_305-20220602-061315-141-141.json,0521_305-20220602/0521_305-20220602-053405-158-0.txt,0521_305-20220602/0521_305-20220602-061315-141-141.txt
0521,305,20220603,052622,117-0,055408,114-114,0521_305-20220603/0521_305-20220603-052622-117-0.json,0521_305-20220603/0521_305-20220603-055408-114-114.json,0521_305-20220603/0521_305-20220603-052622-117-0.txt,0521_305-20220603/0521_305-20220603-055408-114-114.txt
0521,305,20220607,051845,98-0,055007,98-98,0521_305-20220607/0521_305-20220607-051845-98-0.json,0521_305-20220607/0521_305-20220607-055007-98-98.json,0521_305-20220607/0521_305-20220607-051845-98-0.txt,0521_305-20220607/0521_305-20220607-055007-98-98.txt
0521,305,20220608,051923,110-0,052759,112-112,0521_305-20220608/0521_305-20220608-051923-110-0.json,0521_305-20220608/0521_305-20220608-052759-112-112.json,0521_305-20220608/0521_305-20220608-051923-110-0.txt,0521_305-20220608/0521_305-20220608-052759-112-112.txt
0521,305,20220609,052558,147-0,060347,133-133,0521_305-20220609/0521_305-20220609-052558-147-0.json,0521_305-20220609/0521_305-20220609-060347-133-133.json,0521_305-20220609/0521_305-20220609-052558-147-0.txt,0521_305-20220609/0521_305-20220609-060347-133-133.txt
0521,305,20220610,054025,122-0,061610,122-122,0521_305-20220610/0521_305-20220610-054025-122-0.json,0521_305-20220610/0521_305-20220610-061610-122-122.json,0521_305-20220610/0521_305-20220610-054025-122-0.txt,0521_305-20220610/0521_305-20220610-061610-122-122.txt
0521,305,20220613,051352,109-0,055327,111-111,0521_305-20220613/0521_305-20220613-051352-109-0.json,0521_305-20220613/0521_305-20220613-055327-111-111.json,0521_305-20220613/0521_305-20220613-051352-109-0.txt,0521_305-20220613/0521_305-20220613-055327-111-111.txt
0521,305,20220617,052539,129-0,060029,128-128,0521_305-20220617/0521_305-20220617-052539-129-0.json,0521_305-20220617/0521_305-20220617-060029-128-128.json,0521_305-20220617/0521_305-20220617-052539-129-0.txt,0521_305-20220617/0521_305-20220617-060029-128-128.txt
0521,305,20220618,051331,39-0,052656,41-41,0521_305-20220618/0521_305-20220618-051331-39-0.json,0521_305-20220618/0521_305-20220618-052656-41-41.json,0521_305-20220618/0521_305-20220618-051331-39-0.txt,0521_305-20220618/0521_305-20220618-052656-41-41.txt
0521,305,20220620,052010,116-0,055508,113-113,0521_305-20220620/0521_305-20220620-052010-116-0.json,0521_305-20220620/0521_305-20220620-055508-113-113.json,0521_305-20220620/0521_305-20220620-052010-116-0.txt,0521_305-20220620/0521_305-20220620-055508-113-113.txt
0521,305,20220621,052528,138-0,055721,137-137,0521_305-20220621/0521_305-20220621-052528-138-0.json,0521_305-20220621/0521_305-20220621-055721-137-137.json,0521_305-20220621/0521_305-20220621-052528-138-0.txt,0521_305-20220621/0521_305-20220621-055721-137-137.txt
0521,305,20220622,052704,127-0,060145,123-123,0521_305-20220622/0521_305-20220622-052704-127-0.json,0521_305-20220622/0521_305-20220622-060145-123-123.json,0521_305-20220622/0521_305-20220622-052704-127-0.txt,0521_305-20220622/0521_305-20220622-060145-123-123.txt
0521,307,20220531,052515,146-0,060047,147-147,0521_307-20220531/0521_307-20220531-052515-146-0.json,0521_307-20220531/0521_307-20220531-060047-147-147.json,0521_307-20220531/0521_307-20220531-052515-146-0.txt,0521_307-20220531/0521_307-20220531-060047-147-147.txt
0521,307,20220601,053040,123-0,055742,123-123,0521_307-20220601/0521_307-20220601-053040-123-0.json,0521_307-20220601/0521_307-20220601-055742-123-123.json,0521_307-20220601/0521_307-20220601-053040-123-0.txt,0521_307-20220601/0521_307-20220601-055742-123-123.txt
0521,307,20220602,052817,122-0,055921,122-122,0521_307-20220602/0521_307-20220602-052817-122-0.json,0521_307-20220602/0521_307-20220602-055921-122-122.json,0521_307-20220602/0521_307-20220602-052817-122-0.txt,0521_307-20220602/0521_307-20220602-055921-122-122.txt
0521,307,20220603,052611,105-0,053502,107-107,0521_307-20220603/0521_307-20220603-052611-105-0.json,0521_307-20220603/0521_307-20220603-053502-107-107.json,0521_307-20220603/0521_307-20220603-052611-105-0.txt,0521_307-20220603/0521_307-20220603-053502-107-107.txt
0521,307,20220604,052148,55-0,055013,58-58,0521_307-20220604/0521_307-20220604-052148-55-0.json,0521_307-20220604/0521_307-20220604-055013-58-58.json,0521_307-20220604/0521_307-20220604-052148-55-0.txt,0521_307-20220604/0521_307-20220604-055013-58-58.txt
0521,307,20220607,051806,68-0,054219,68-68,0521_307-20220607/0521_307-20220607-051806-68-0.json,0521_307-20220607/0521_307-20220607-054219-68-68.json,0521_307-20220607/0521_307-20220607-051806-68-0.txt,0521_307-20220607/0521_307-20220607-054219-68-68.txt
0521,307,20220608,052428,124-0,060354,130-130,0521_307-20220608/0521_307-20220608-052428-124-0.json,0521_307-20220608/0521_307-20220608-060354-130-130.json,0521_307-20220608/0521_307-20220608-052428-124-0.txt,0521_307-20220608/0521_307-20220608-060354-130-130.txt
0521,307,20220609,052437,114-0,055544,115-115,0521_307-20220609/0521_307-20220609-052437-114-0.json,0521_307-20220609/0521_307-20220609-055544-115-115.json,0521_307-20220609/0521_307-20220609-052437-114-0.txt,0521_307-20220609/0521_307-20220609-055544-115-115.txt
0521,307,20220611,053103,66-0,061041,66-66,0521_307-20220611/0521_307-20220611-053103-66-0.json,0521_307-20220611/0521_307-20220611-061041-66-66.json,0521_307-20220611/0521_307-20220611-053103-66-0.txt,0521_307-20220611/0521_307-20220611-061041-66-66.txt
0521,307,20220613,052330,90-0,054954,93-93,0521_307-20220613/0521_307-20220613-052330-90-0.json,0521_307-20220613/0521_307-20220613-054954-93-93.json,0521_307-20220613/0521_307-20220613-052330-90-0.txt,0521_307-20220613/0521_307-20220613-054954-93-93.txt
0521,307,20220614,054012,138-0,054809,138-138,0521_307-20220614/0521_307-20220614-054012-138-0.json,0521_307-20220614/0521_307-20220614-054809-138-138.json,0521_307-20220614/0521_307-20220614-054012-138-0.txt,0521_307-20220614/0521_307-20220614-054809-138-138.txt
0521,307,20220615,052657,98-0,055451,95-95,0521_307-20220615/0521_307-20220615-052657-98-0.json,0521_307-20220615/0521_307-20220615-055451-95-95.json,0521_307-20220615/0521_307-20220615-052657-98-0.txt,0521_307-20220615/0521_307-20220615-055451-95-95.txt
0521,307,20220616,053457,97-97,055512,97-97,0521_307-20220616/0521_307-20220616-053457-97-97.json,0521_307-20220616/0521_307-20220616-055512-97-97.json,0521_307-20220616/0521_307-20220616-053457-97-97.txt,0521_307-20220616/0521_307-20220616-055512-97-97.txt
0521,307,20220617,052205,96-0,052840,96-96,0521_307-20220617/0521_307-20220617-052205-96-0.json,0521_307-20220617/0521_307-20220617-052840-96-96.json,0521_307-20220617/0521_307-20220617-052205-96-0.txt,0521_307-20220617/0521_307-20220617-052840-96-96.txt
0521,308,20220531,060810,152-0,072716,144-144,0521_308-20220531/0521_308-20220531-060810-152-0.json,0521_308-20220531/0521_308-20220531-072716-144-144.json,0521_308-20220531/0521_308-20220531-060810-152-0.txt,0521_308-20220531/0521_308-20220531-072716-144-144.txt
0521,308,20220601,061019,138-0,072854,134-134,0521_308-20220601/0521_308-20220601-061019-138-0.json,0521_308-20220601/0521_308-20220601-072854-134-134.json,0521_308-20220601/0521_308-20220601-061019-138-0.txt,0521_308-20220601/0521_308-20220601-072854-134-134.txt
0521,308,20220602,055819,142-0,072213,145-145,0521_308-20220602/0521_308-20220602-055819-142-0.json,0521_308-20220602/0521_308-20220602-072213-145-145.json,0521_308-20220602/0521_308-20220602-055819-142-0.txt,0521_308-20220602/0521_308-20220602-072213-145-145.txt
0521,308,20220603,055828,124-0,070137,123-123,0521_308-20220603/0521_308-20220603-055828-124-0.json,0521_308-20220603/0521_308-20220603-070137-123-123.json,0521_308-20220603/0521_308-20220603-055828-124-0.txt,0521_308-20220603/0521_308-20220603-070137-123-123.txt
0521,308,20220607,054758,112-0,064234,111-111,0521_308-20220607/0521_308-20220607-054758-112-0.json,0521_308-20220607/0521_308-20220607-064234-111-111.json,0521_308-20220607/0521_308-20220607-054758-112-0.txt,0521_308-20220607/0521_308-20220607-064234-111-111.txt
0521,308,20220608,055644,143-0,070616,143-143,0521_308-20220608/0521_308-20220608-055644-143-0.json,0521_308-20220608/0521_308-20220608-070616-143-143.json,0521_308-20220608/0521_308-20220608-055644-143-0.txt,0521_308-20220608/0521_308-20220608-070616-143-143.txt
0521,308,20220609,060525,154-0,072908,139-139,0521_308-20220609/0521_308-20220609-060525-154-0.json,0521_308-20220609/0521_308-20220609-072908-139-139.json,0521_308-20220609/0521_308-20220609-060525-154-0.txt,0521_308-20220609/0521_308-20220609-072908-139-139.txt
0521,308,20220610,060101,140-0,070330,140-140,0521_308-20220610/0521_308-20220610-060101-140-0.json,0521_308-20220610/0521_308-20220610-070330-140-140.json,0521_308-20220610/0521_308-20220610-060101-140-0.txt,0521_308-20220610/0521_308-20220610-070330-140-140.txt
0521,308,20220611,060749,66-0,065314,73-73,0521_308-20220611/0521_308-20220611-060749-66-0.json,0521_308-20220611/0521_308-20220611-065314-73-73.json,0521_308-20220611/0521_308-20220611-060749-66-0.txt,0521_308-20220611/0521_308-20220611-065314-73-73.txt
0521,308,20220613,054402,86-0,062440,84-84,0521_308-20220613/0521_308-20220613-054402-86-0.json,0521_308-20220613/0521_308-20220613-062440-84-84.json,0521_308-20220613/0521_308-20220613-054402-86-0.txt,0521_308-20220613/0521_308-20220613-062440-84-84.txt
0521,308,20220614,055100,144-0,065902,133-133,0521_308-20220614/0521_308-20220614-055100-144-0.json,0521_308-20220614/0521_308-20220614-065902-133-133.json,0521_308-20220614/0521_308-20220614-055100-144-0.txt,0521_308-20220614/0521_308-20220614-065902-133-133.txt
0521,308,20220615,055115,118-0,065150,116-116,0521_308-20220615/0521_308-20220615-055115-118-0.json,0521_308-20220615/0521_308-20220615-065150-116-116.json,0521_308-20220615/0521_308-20220615-055115-118-0.txt,0521_308-20220615/0521_308-20220615-065150-116-116.txt
0521,308,20220616,060115,139-0,072655,139-139,0521_308-20220616/0521_308-20220616-060115-139-0.json,0521_308-20220616/0521_308-20220616-072655-139-139.json,0521_308-20220616/0521_308-20220616-060115-139-0.txt,0521_308-20220616/0521_308-20220616-072655-139-139.txt
0521,308,20220617,060621,122-0,065906,120-120,0521_308-20220617/0521_308-20220617-060621-122-0.json,0521_308-20220617/0521_308-20220617-065906-120-120.json,0521_308-20220617/0521_308-20220617-060621-122-0.txt,0521_308-20220617/0521_308-20220617-065906-120-120.txt
0521,308,20220620,055201,86-0,063936,82-82,0521_308-20220620/0521_308-20220620-055201-86-0.json,0521_308-20220620/0521_308-20220620-063936-82-82.json,0521_308-20220620/0521_308-20220620-055201-86-0.txt,0521_308-20220620/0521_308-20220620-063936-82-82.txt
0521,308,20220621,060320,132-0,070505,131-131,0521_308-20220621/0521_308-20220621-060320-132-0.json,0521_308-20220621/0521_308-20220621-070505-131-131.json,0521_308-20220621/0521_308-20220621-060320-132-0.txt,0521_308-20220621/0521_308-20220621-070505-131-131.txt
0521,308,20220622,055816,131-0,070809,130-130,0521_308-20220622/0521_308-20220622-055816-131-0.json,0521_308-20220622/0521_308-20220622-070809-130-130.json,0521_308-20220622/0521_308-20220622-055816-131-0.txt,0521_308-20220622/0521_308-20220622-070809-130-130.txt
0521,310,20220530,062810,191-173,070242,134-134,0521_310-20220530/0521_310-20220530-062810-191-173.json,0521_310-20220530/0521_310-20220530-070242-134-134.json,0521_310-20220530/0521_310-20220530-062810-191-173.txt,0521_310-20220530/0521_310-20220530-070242-134-134.txt
0521,310,20220531,050953,213-0,072402,158-158,0521_310-20220531/0521_310-20220531-050953-213-0.json,0521_310-20220531/0521_310-20220531-072402-158-158.json,0521_310-20220531/0521_310-20220531-050953-213-0.txt,0521_310-20220531/0521_310-20220531-072402-158-158.txt
0521,310,20220601,051612,206-0,074649,157-157,0521_310-20220601/0521_310-20220601-051612-206-0.json,0521_310-20220601/0521_310-20220601-074649-157-157.json,0521_310-20220601/0521_310-20220601-051612-206-0.txt,0521_310-20220601/0521_310-20220601-074649-157-157.txt
0521,310,20220602,052701,162-0,071619,118-118,0521_310-20220602/0521_310-20220602-052701-162-0.json,0521_310-20220602/0521_310-20220602-071619-118-118.json,0521_310-20220602/0521_310-20220602-052701-162-0.txt,0521_310-20220602/0521_310-20220602-071619-118-118.txt
0521,310,20220603,063408,168-0,072006,131-131,0521_310-20220603/0521_310-20220603-063408-168-0.json,0521_310-20220603/0521_310-20220603-072006-131-131.json,0521_310-20220603/0521_310-20220603-063408-168-0.txt,0521_310-20220603/0521_310-20220603-072006-131-131.txt
0521,310,20220607,061141,130-0,073700,101-101,0521_310-20220607/0521_310-20220607-061141-130-0.json,0521_310-20220607/0521_310-20220607-073700-101-101.json,0521_310-20220607/0521_310-20220607-061141-130-0.txt,0521_310-20220607/0521_310-20220607-073700-101-101.txt
0521,310,20220608,063124,215-0,075850,144-144,0521_310-20220608/0521_310-20220608-063124-215-0.json,0521_310-20220608/0521_310-20220608-075850-144-144.json,0521_310-20220608/0521_310-20220608-063124-215-0.txt,0521_310-20220608/0521_310-20220608-075850-144-144.txt
0521,310,20220609,063504,205-0,070754,149-149,0521_310-20220609/0521_310-20220609-063504-205-0.json,0521_310-20220609/0521_310-20220609-070754-149-149.json,0521_310-20220609/0521_310-20220609-063504-205-0.txt,0521_310-20220609/0521_310-20220609-070754-149-149.txt
0521,310,20220610,055739,139-0,075614,136-136,0521_310-20220610/0521_310-20220610-055739-139-0.json,0521_310-20220610/0521_310-20220610-075614-136-136.json,0521_310-20220610/0521_310-20220610-055739-139-0.txt,0521_310-20220610/0521_310-20220610-075614-136-136.txt
0521,310,20220611,053953,73-0,064810,73-73,0521_310-20220611/0521_310-20220611-053953-73-0.json,0521_310-20220611/0521_310-20220611-064810-73-73.json,0521_310-20220611/0521_310-20220611-053953-73-0.txt,0521_310-20220611/0521_310-20220611-064810-73-73.txt
0521,310,20220613,063147,169-0,074038,130-129,0521_310-20220613/0521_310-20220613-063147-169-0.json,0521_310-20220613/0521_310-20220613-074038-130-129.json,0521_310-20220613/0521_310-20220613-063147-169-0.txt,0521_310-20220613/0521_310-20220613-074038-130-129.txt
0521,310,20220614,063351,212-0,075720,156-156,0521_310-20220614/0521_310-20220614-063351-212-0.json,0521_310-20220614/0521_310-20220614-075720-156-156.json,0521_310-20220614/0521_310-20220614-063351-212-0.txt,0521_310-20220614/0521_310-20220614-075720-156-156.txt
0521,310,20220615,062526,190-0,075338,135-135,0521_310-20220615/0521_310-20220615-062526-190-0.json,0521_310-20220615/0521_310-20220615-075338-135-135.json,0521_310-20220615/0521_310-20220615-062526-190-0.txt,0521_310-20220615/0521_310-20220615-075338-135-135.txt
0521,310,20220616,062111,140-0,071459,114-114,0521_310-20220616/0521_310-20220616-062111-140-0.json,0521_310-20220616/0521_310-20220616-071459-114-114.json,0521_310-20220616/0521_310-20220616-062111-140-0.txt,0521_310-20220616/0521_310-20220616-071459-114-114.txt
0521,310,20220617,060115,122-0,065956,119-119,0521_310-20220617/0521_310-20220617-060115-122-0.json,0521_310-20220617/0521_310-20220617-065956-119-119.json,0521_310-20220617/0521_310-20220617-060115-122-0.txt,0521_310-20220617/0521_310-20220617-065956-119-119.txt
0521,310,20220620,060345,128-0,064255,59-59,0521_310-20220620/0521_310-20220620-060345-128-0.json,0521_310-20220620/0521_310-20220620-064255-59-59.json,0521_310-20220620/0521_310-20220620-060345-128-0.txt,0521_310-20220620/0521_310-20220620-064255-59-59.txt
0521,310,20220621,052005,186-0,065847,122-122,0521_310-20220621/0521_310-20220621-052005-186-0.json,0521_310-20220621/0521_310-20220621-065847-122-122.json,0521_310-20220621/0521_310-20220621-052005-186-0.txt,0521_310-20220621/0521_310-20220621-065847-122-122.txt
0521,310,20220622,051543,200-0,072059,107-107,0521_310-20220622/0521_310-20220622-051543-200-0.json,0521_310-20220622/0521_310-20220622-072059-107-107.json,0521_310-20220622/0521_310-20220622-051543-200-0.txt,0521_310-20220622/0521_310-20220622-072059-107-107.txt
0521,313,20220530,063021,128-128,072103,126-126,0521_313-20220530/0521_313-20220530-063021-128-128.json,0521_313-20220530/0521_313-20220530-072103-126-126.json,0521_313-20220530/0521_313-20220530-063021-128-128.txt,0521_313-20220530/0521_313-20220530-072103-126-126.txt
0521,313,20220531,055001,117-0,065834,116-116,0521_313-20220531/0521_313-20220531-055001-117-0.json,0521_313-20220531/0521_313-20220531-065834-116-116.json,0521_313-20220531/0521_313-20220531-055001-117-0.txt,0521_313-20220531/0521_313-20220531-065834-116-116.txt
0521,313,20220601,054530,133-0,080404,71-71,0521_313-20220601/0521_313-20220601-054530-133-0.json,0521_313-20220601/0521_313-20220601-080404-71-71.json,0521_313-20220601/0521_313-20220601-054530-133-0.txt,0521_313-20220601/0521_313-20220601-080404-71-71.txt
0521,313,20220602,055750,123-0,070852,121-121,0521_313-20220602/0521_313-20220602-055750-123-0.json,0521_313-20220602/0521_313-20220602-070852-121-121.json,0521_313-20220602/0521_313-20220602-055750-123-0.txt,0521_313-20220602/0521_313-20220602-070852-121-121.txt
0521,313,20220603,054431,110-0,064554,109-109,0521_313-20220603/0521_313-20220603-054431-110-0.json,0521_313-20220603/0521_313-20220603-064554-109-109.json,0521_313-20220603/0521_313-20220603-054431-110-0.txt,0521_313-20220603/0521_313-20220603-064554-109-109.txt
0521,313,20220607,055850,111-0,071528,110-110,0521_313-20220607/0521_313-20220607-055850-111-0.json,0521_313-20220607/0521_313-20220607-071528-110-110.json,0521_313-20220607/0521_313-20220607-055850-111-0.txt,0521_313-20220607/0521_313-20220607-071528-110-110.txt
0521,313,20220608,055639,126-0,071349,122-122,0521_313-20220608/0521_313-20220608-055639-126-0.json,0521_313-20220608/0521_313-20220608-071349-122-122.json,0521_313-20220608/0521_313-20220608-055639-126-0.txt,0521_313-20220608/0521_313-20220608-071349-122-122.txt
0521,313,20220609,061250,124-0,072616,123-123,0521_313-20220609/0521_313-20220609-061250-124-0.json,0521_313-20220609/0521_313-20220609-072616-123-123.json,0521_313-20220609/0521_313-20220609-061250-124-0.txt,0521_313-20220609/0521_313-20220609-072616-123-123.txt
0521,313,20220610,060625,142-0,072622,126-126,0521_313-20220610/0521_313-20220610-060625-142-0.json,0521_313-20220610/0521_313-20220610-072622-126-126.json,0521_313-20220610/0521_313-20220610-060625-142-0.txt,0521_313-20220610/0521_313-20220610-072622-126-126.txt
0521,313,20220613,061651,134-0,073403,107-107,0521_313-20220613/0521_313-20220613-061651-134-0.json,0521_313-20220613/0521_313-20220613-073403-107-107.json,0521_313-20220613/0521_313-20220613-061651-134-0.txt,0521_313-20220613/0521_313-20220613-073403-107-107.txt
0521,313,20220614,060240,132-0,071900,112-112,0521_313-20220614/0521_313-20220614-060240-132-0.json,0521_313-20220614/0521_313-20220614-071900-112-112.json,0521_313-20220614/0521_313-20220614-060240-132-0.txt,0521_313-20220614/0521_313-20220614-071900-112-112.txt
0521,313,20220615,055339,117-0,074259,111-111,0521_313-20220615/0521_313-20220615-055339-117-0.json,0521_313-20220615/0521_313-20220615-074259-111-111.json,0521_313-20220615/0521_313-20220615-055339-117-0.txt,0521_313-20220615/0521_313-20220615-074259-111-111.txt
0521,313,20220616,055503,106-0,071021,106-106,0521_313-20220616/0521_313-20220616-055503-106-0.json,0521_313-20220616/0521_313-20220616-071021-106-106.json,0521_313-20220616/0521_313-20220616-055503-106-0.txt,0521_313-20220616/0521_313-20220616-071021-106-106.txt
0521,313,20220617,054754,97-0,065710,97-97,0521_313-20220617/0521_313-20220617-054754-97-0.json,0521_313-20220617/0521_313-20220617-065710-97-97.json,0521_313-20220617/0521_313-20220617-054754-97-0.txt,0521_313-20220617/0521_313-20220617-065710-97-97.txt
0521,313,20220620,053940,92-0,060742,93-92,0521_313-20220620/0521_313-20220620-053940-92-0.json,0521_313-20220620/0521_313-20220620-060742-93-92.json,0521_313-20220620/0521_313-20220620-053940-92-0.txt,0521_313-20220620/0521_313-20220620-060742-93-92.txt
0521,313,20220621,055624,107-0,062724,106-105,0521_313-20220621/0521_313-20220621-055624-107-0.json,0521_313-20220621/0521_313-20220621-062724-106-105.json,0521_313-20220621/0521_313-20220621-055624-107-0.txt,0521_313-20220621/0521_313-20220621-062724-106-105.txt
0521,313,20220622,060145,110-0,071822,109-109,0521_313-20220622/0521_313-20220622-060145-110-0.json,0521_313-20220622/0521_313-20220622-071822-109-109.json,0521_313-20220622/0521_313-20220622-060145-110-0.txt,0521_313-20220622/0521_313-20220622-071822-109-109.txt
0521,314,20220530,072229,136-136,072229,136-136,0521_314-20220530/0521_314-20220530-072229-136-136.json,0521_314-20220530/0521_314-20220530-072229-136-136.json,0521_314-20220530/0521_314-20220530-072229-136-136.txt,0521_314-20220530/0521_314-20220530-072229-136-136.txt
0521,314,20220531,050819,236-0,075256,171-171,0521_314-20220531/0521_314-20220531-050819-236-0.json,0521_314-20220531/0521_314-20220531-075256-171-171.json,0521_314-20220531/0521_314-20220531-050819-236-0.txt,0521_314-20220531/0521_314-20220531-075256-171-171.txt
0521,314,20220601,053259,221-0,072712,150-150,0521_314-20220601/0521_314-20220601-053259-221-0.json,0521_314-20220601/0521_314-20220601-072712-150-150.json,0521_314-20220601/0521_314-20220601-053259-221-0.txt,0521_314-20220601/0521_314-20220601-072712-150-150.txt
0521,314,20220602,050808,174-0,081641,115-115,0521_314-20220602/0521_314-20220602-050808-174-0.json,0521_314-20220602/0521_314-20220602-081641-115-115.json,0521_314-20220602/0521_314-20220602-050808-174-0.txt,0521_314-20220602/0521_314-20220602-081641-115-115.txt
0521,314,20220603,060956,148-0,065018,97-97,0521_314-20220603/0521_314-20220603-060956-148-0.json,0521_314-20220603/0521_314-20220603-065018-97-97.json,0521_314-20220603/0521_314-20220603-060956-148-0.txt,0521_314-20220603/0521_314-20220603-065018-97-97.txt
0521,314,20220607,051330,124-0,064804,99-99,0521_314-20220607/0521_314-20220607-051330-124-0.json,0521_314-20220607/0521_314-20220607-064804-99-99.json,0521_314-20220607/0521_314-20220607-051330-124-0.txt,0521_314-20220607/0521_314-20220607-064804-99-99.txt
0521,314,20220608,051342,211-0,070853,152-152,0521_314-20220608/0521_314-20220608-051342-211-0.json,0521_314-20220608/0521_314-20220608-070853-152-152.json,0521_314-20220608/0521_314-20220608-051342-211-0.txt,0521_314-20220608/0521_314-20220608-070853-152-152.txt
0521,314,20220609,051210,229-0,074010,162-162,0521_314-20220609/0521_314-20220609-051210-229-0.json,0521_314-20220609/0521_314-20220609-074010-162-162.json,0521_314-20220609/0521_314-20220609-051210-229-0.txt,0521_314-20220609/0521_314-20220609-074010-162-162.txt
0521,314,20220610,055457,139-0,070002,139-139,0521_314-20220610/0521_314-20220610-055457-139-0.json,0521_314-20220610/0521_314-20220610-070002-139-139.json,0521_314-20220610/0521_314-20220610-055457-139-0.txt,0521_314-20220610/0521_314-20220610-070002-139-139.txt
0521,314,20220613,051050,114-0,065318,127-127,0521_314-20220613/0521_314-20220613-051050-114-0.json,0521_314-20220613/0521_314-20220613-065318-127-127.json,0521_314-20220613/0521_314-20220613-051050-114-0.txt,0521_314-20220613/0521_314-20220613-065318-127-127.txt
0521,314,20220614,050652,205-0,065829,127-127,0521_314-20220614/0521_314-20220614-050652-205-0.json,0521_314-20220614/0521_314-20220614-065829-127-127.json,0521_314-20220614/0521_314-20220614-050652-205-0.txt,0521_314-20220614/0521_314-20220614-065829-127-127.txt
0521,314,20220615,054043,124-0,063454,120-120,0521_314-20220615/0521_314-20220615-054043-124-0.json,0521_314-20220615/0521_314-20220615-063454-120-120.json,0521_314-20220615/0521_314-20220615-054043-124-0.txt,0521_314-20220615/0521_314-20220615-063454-120-120.txt
0521,314,20220616,055931,136-0,065451,128-128,0521_314-20220616/0521_314-20220616-055931-136-0.json,0521_314-20220616/0521_314-20220616-065451-128-128.json,0521_314-20220616/0521_314-20220616-055931-136-0.txt,0521_314-20220616/0521_314-20220616-065451-128-128.txt
0521,314,20220617,050516,158-0,065146,123-123,0521_314-20220617/0521_314-20220617-050516-158-0.json,0521_314-20220617/0521_314-20220617-065146-123-123.json,0521_314-20220617/0521_314-20220617-050516-158-0.txt,0521_314-20220617/0521_314-20220617-065146-123-123.txt
0521,314,20220620,050948,125-0,061041,80-80,0521_314-20220620/0521_314-20220620-050948-125-0.json,0521_314-20220620/0521_314-20220620-061041-80-80.json,0521_314-20220620/0521_314-20220620-050948-125-0.txt,0521_314-20220620/0521_314-20220620-061041-80-80.txt
0521,314,20220621,053843,131-0,063814,129-129,0521_314-20220621/0521_314-20220621-053843-131-0.json,0521_314-20220621/0521_314-20220621-063814-129-129.json,0521_314-20220621/0521_314-20220621-053843-131-0.txt,0521_314-20220621/0521_314-20220621-063814-129-129.txt
0521,314,20220622,050549,175-0,064623,127-127,0521_314-20220622/0521_314-20220622-050549-175-0.json,0521_314-20220622/0521_314-20220622-064623-127-127.json,0521_314-20220622/0521_314-20220622-050549-175-0.txt,0521_314-20220622/0521_314-20220622-064623-127-127.txt
0521,315,20220530,073036,114-0,074651,108-108,0521_315-20220530/0521_315-20220530-073036-114-0.json,0521_315-20220530/0521_315-20220530-074651-108-108.json,0521_315-20220530/0521_315-20220530-073036-114-0.txt,0521_315-20220530/0521_315-20220530-074651-108-108.txt
0521,315,20220531,062743,152-0,064824,150-150,0521_315-20220531/0521_315-20220531-062743-152-0.json,0521_315-20220531/0521_315-20220531-064824-150-150.json,0521_315-20220531/0521_315-20220531-062743-152-0.txt,0521_315-20220531/0521_315-20220531-064824-150-150.txt
0521,315,20220601,062728,149-0,073220,140-140,0521_315-20220601/0521_315-20220601-062728-149-0.json,0521_315-20220601/0521_315-20220601-073220-140-140.json,0521_315-20220601/0521_315-20220601-062728-149-0.txt,0521_315-20220601/0521_315-20220601-073220-140-140.txt
0521,315,20220602,062521,134-0,072221,128-128,0521_315-20220602/0521_315-20220602-062521-134-0.json,0521_315-20220602/0521_315-20220602-072221-128-128.json,0521_315-20220602/0521_315-20220602-062521-134-0.txt,0521_315-20220602/0521_315-20220602-072221-128-128.txt
0521,315,20220603,091942,91-0,094657,89-89,0521_315-20220603/0521_315-20220603-091942-91-0.json,0521_315-20220603/0521_315-20220603-094657-89-89.json,0521_315-20220603/0521_315-20220603-091942-91-0.txt,0521_315-20220603/0521_315-20220603-094657-89-89.txt
0521,315,20220607,062938,97-0,070529,90-90,0521_315-20220607/0521_315-20220607-062938-97-0.json,0521_315-20220607/0521_315-20220607-070529-90-90.json,0521_315-20220607/0521_315-20220607-062938-97-0.txt,0521_315-20220607/0521_315-20220607-070529-90-90.txt
0521,315,20220608,063338,152-0,073212,142-142,0521_315-20220608/0521_315-20220608-063338-152-0.json,0521_315-20220608/0521_315-20220608-073212-142-142.json,0521_315-20220608/0521_315-20220608-063338-152-0.txt,0521_315-20220608/0521_315-20220608-073212-142-142.txt
0521,315,20220609,062958,157-0,073015,147-147,0521_315-20220609/0521_315-20220609-062958-157-0.json,0521_315-20220609/0521_315-20220609-073015-147-147.json,0521_315-20220609/0521_315-20220609-062958-157-0.txt,0521_315-20220609/0521_315-20220609-073015-147-147.txt
0521,315,20220610,062927,140-0,073004,133-133,0521_315-20220610/0521_315-20220610-062927-140-0.json,0521_315-20220610/0521_315-20220610-073004-133-133.json,0521_315-20220610/0521_315-20220610-062927-140-0.txt,0521_315-20220610/0521_315-20220610-073004-133-133.txt
0521,315,20220613,064648,133-0,074229,127-127,0521_315-20220613/0521_315-20220613-064648-133-0.json,0521_315-20220613/0521_315-20220613-074229-127-127.json,0521_315-20220613/0521_315-20220613-064648-133-0.txt,0521_315-20220613/0521_315-20220613-074229-127-127.txt
0521,315,20220614,063846,134-0,072917,125-125,0521_315-20220614/0521_315-20220614-063846-134-0.json,0521_315-20220614/0521_315-20220614-072917-125-125.json,0521_315-20220614/0521_315-20220614-063846-134-0.txt,0521_315-20220614/0521_315-20220614-072917-125-125.txt
0521,315,20220615,061814,144-0,070102,138-138,0521_315-20220615/0521_315-20220615-061814-144-0.json,0521_315-20220615/0521_315-20220615-070102-138-138.json,0521_315-20220615/0521_315-20220615-061814-144-0.txt,0521_315-20220615/0521_315-20220615-070102-138-138.txt
0521,315,20220616,062730,113-0,070023,107-107,0521_315-20220616/0521_315-20220616-062730-113-0.json,0521_315-20220616/0521_315-20220616-070023-107-107.json,0521_315-20220616/0521_315-20220616-062730-113-0.txt,0521_315-20220616/0521_315-20220616-070023-107-107.txt
0521,315,20220617,072600,138-0,075039,102-102,0521_315-20220617/0521_315-20220617-072600-138-0.json,0521_315-20220617/0521_315-20220617-075039-102-102.json,0521_315-20220617/0521_315-20220617-072600-138-0.txt,0521_315-20220617/0521_315-20220617-075039-102-102.txt
0521,315,20220620,071012,102-0,074502,96-96,0521_315-20220620/0521_315-20220620-071012-102-0.json,0521_315-20220620/0521_315-20220620-074502-96-96.json,0521_315-20220620/0521_315-20220620-071012-102-0.txt,0521_315-20220620/0521_315-20220620-074502-96-96.txt
0521,315,20220621,063551,148-0,073846,140-140,0521_315-20220621/0521_315-20220621-063551-148-0.json,0521_315-20220621/0521_315-20220621-073846-140-140.json,0521_315-20220621/0521_315-20220621-063551-148-0.txt,0521_315-20220621/0521_315-20220621-073846-140-140.txt
0521,315,20220622,062547,145-0,072119,138-138,0521_315-20220622/0521_315-20220622-062547-145-0.json,0521_315-20220622/0521_315-20220622-072119-138-138.json,0521_315-20220622/0521_315-20220622-062547-145-0.txt,0521_315-20220622/0521_315-20220622-072119-138-138.txt
0521,316,20220530,064214,133-0,072714,124-124,0521_316-20220530/0521_316-20220530-064214-133-0.json,0521_316-20220530/0521_316-20220530-072714-124-124.json,0521_316-20220530/0521_316-20220530-064214-133-0.txt,0521_316-20220530/0521_316-20220530-072714-124-124.txt
0521,316,20220531,052448,180-0,073720,153-153,0521_316-20220531/0521_316-20220531-052448-180-0.json,0521_316-20220531/0521_316-20220531-073720-153-153.json,0521_316-20220531/0521_316-20220531-052448-180-0.txt,0521_316-20220531/0521_316-20220531-073720-153-153.txt
0521,316,20220601,054031,181-0,065345,177-177,0521_316-20220601/0521_316-20220601-054031-181-0.json,0521_316-20220601/0521_316-20220601-065345-177-177.json,0521_316-20220601/0521_316-20220601-054031-181-0.txt,0521_316-20220601/0521_316-20220601-065345-177-177.txt
0521,316,20220602,051614,161-0,075244,96-96,0521_316-20220602/0521_316-20220602-051614-161-0.json,0521_316-20220602/0521_316-20220602-075244-96-96.json,0521_316-20220602/0521_316-20220602-051614-161-0.txt,0521_316-20220602/0521_316-20220602-075244-96-96.txt
0521,316,20220603,051511,187-0,072913,156-156,0521_316-20220603/0521_316-20220603-051511-187-0.json,0521_316-20220603/0521_316-20220603-072913-156-156.json,0521_316-20220603/0521_316-20220603-051511-187-0.txt,0521_316-20220603/0521_316-20220603-072913-156-156.txt
0521,316,20220607,055410,123-0,064949,123-123,0521_316-20220607/0521_316-20220607-055410-123-0.json,0521_316-20220607/0521_316-20220607-064949-123-123.json,0521_316-20220607/0521_316-20220607-055410-123-0.txt,0521_316-20220607/0521_316-20220607-064949-123-123.txt
0521,316,20220608,051630,178-0,074045,153-153,0521_316-20220608/0521_316-20220608-051630-178-0.json,0521_316-20220608/0521_316-20220608-074045-153-153.json,0521_316-20220608/0521_316-20220608-051630-178-0.txt,0521_316-20220608/0521_316-20220608-074045-153-153.txt
0521,316,20220609,051752,190-0,074232,162-162,0521_316-20220609/0521_316-20220609-051752-190-0.json,0521_316-20220609/0521_316-20220609-074232-162-162.json,0521_316-20220609/0521_316-20220609-051752-190-0.txt,0521_316-20220609/0521_316-20220609-074232-162-162.txt
0521,316,20220610,065138,120-0,112222,125-125,0521_316-20220610/0521_316-20220610-065138-120-0.json,0521_316-20220610/0521_316-20220610-112222-125-125.json,0521_316-20220610/0521_316-20220610-065138-120-0.txt,0521_316-20220610/0521_316-20220610-112222-125-125.txt
0521,316,20220613,050659,142-0,075619,135-135,0521_316-20220613/0521_316-20220613-050659-142-0.json,0521_316-20220613/0521_316-20220613-075619-135-135.json,0521_316-20220613/0521_316-20220613-050659-142-0.txt,0521_316-20220613/0521_316-20220613-075619-135-135.txt
0521,316,20220614,051301,201-0,080043,150-150,0521_316-20220614/0521_316-20220614-051301-201-0.json,0521_316-20220614/0521_316-20220614-080043-150-150.json,0521_316-20220614/0521_316-20220614-051301-201-0.txt,0521_316-20220614/0521_316-20220614-080043-150-150.txt
0521,316,20220615,062428,145-0,072100,140-140,0521_316-20220615/0521_316-20220615-062428-145-0.json,0521_316-20220615/0521_316-20220615-072100-140-140.json,0521_316-20220615/0521_316-20220615-062428-145-0.txt,0521_316-20220615/0521_316-20220615-072100-140-140.txt
0521,316,20220616,063951,144-0,071413,136-136,0521_316-20220616/0521_316-20220616-063951-144-0.json,0521_316-20220616/0521_316-20220616-071413-136-136.json,0521_316-20220616/0521_316-20220616-063951-144-0.txt,0521_316-20220616/0521_316-20220616-071413-136-136.txt
0521,316,20220617,050837,159-0,073131,136-136,0521_316-20220617/0521_316-20220617-050837-159-0.json,0521_316-20220617/0521_316-20220617-073131-136-136.json,0521_316-20220617/0521_316-20220617-050837-159-0.txt,0521_316-20220617/0521_316-20220617-073131-136-136.txt
0521,316,20220620,053111,125-0,072702,111-111,0521_316-20220620/0521_316-20220620-053111-125-0.json,0521_316-20220620/0521_316-20220620-072702-111-111.json,0521_316-20220620/0521_316-20220620-053111-125-0.txt,0521_316-20220620/0521_316-20220620-072702-111-111.txt
0521,316,20220621,051922,191-0,065350,152-152,0521_316-20220621/0521_316-20220621-051922-191-0.json,0521_316-20220621/0521_316-20220621-065350-152-152.json,0521_316-20220621/0521_316-20220621-051922-191-0.txt,0521_316-20220621/0521_316-20220621-065350-152-152.txt
0521,316,20220622,050523,161-0,072754,132-132,0521_316-20220622/0521_316-20220622-050523-161-0.json,0521_316-20220622/0521_316-20220622-072754-132-132.json,0521_316-20220622/0521_316-20220622-050523-161-0.txt,0521_316-20220622/0521_316-20220622-072754-132-132.txt
0521,317,20220530,061643,37-37,061817,36-36,0521_317-20220530/0521_317-20220530-061643-37-37.json,0521_317-20220530/0521_317-20220530-061817-36-36.json,0521_317-20220530/0521_317-20220530-061643-37-37.txt,0521_317-20220530/0521_317-20220530-061817-36-36.txt
0521,317,20220531,055346,41-0,061540,38-38,0521_317-20220531/0521_317-20220531-055346-41-0.json,0521_317-20220531/0521_317-20220531-061540-38-38.json,0521_317-20220531/0521_317-20220531-055346-41-0.txt,0521_317-20220531/0521_317-20220531-061540-38-38.txt
0521,317,20220601,064457,48-0,071323,45-45,0521_317-20220601/0521_317-20220601-064457-48-0.json,0521_317-20220601/0521_317-20220601-071323-45-45.json,0521_317-20220601/0521_317-20220601-064457-48-0.txt,0521_317-20220601/0521_317-20220601-071323-45-45.txt
0521,317,20220602,060728,56-0,063824,53-53,0521_317-20220602/0521_317-20220602-060728-56-0.json,0521_317-20220602/0521_317-20220602-063824-53-53.json,0521_317-20220602/0521_317-20220602-060728-56-0.txt,0521_317-20220602/0521_317-20220602-063824-53-53.txt
0521,317,20220603,054724,44-0,061155,37-37,0521_317-20220603/0521_317-20220603-054724-44-0.json,0521_317-20220603/0521_317-20220603-061155-37-37.json,0521_317-20220603/0521_317-20220603-054724-44-0.txt,0521_317-20220603/0521_317-20220603-061155-37-37.txt
0521,317,20220604,073822,65-0,084155,74-74,0521_317-20220604/0521_317-20220604-073822-65-0.json,0521_317-20220604/0521_317-20220604-084155-74-74.json,0521_317-20220604/0521_317-20220604-073822-65-0.txt,0521_317-20220604/0521_317-20220604-084155-74-74.txt
0521,317,20220607,060821,42-0,064610,23-23,0521_317-20220607/0521_317-20220607-060821-42-0.json,0521_317-20220607/0521_317-20220607-064610-23-23.json,0521_317-20220607/0521_317-20220607-060821-42-0.txt,0521_317-20220607/0521_317-20220607-064610-23-23.txt
0521,317,20220608,055636,36-0,062039,21-21,0521_317-20220608/0521_317-20220608-055636-36-0.json,0521_317-20220608/0521_317-20220608-062039-21-21.json,0521_317-20220608/0521_317-20220608-055636-36-0.txt,0521_317-20220608/0521_317-20220608-062039-21-21.txt
0521,317,20220609,060333,50-0,062726,29-29,0521_317-20220609/0521_317-20220609-060333-50-0.json,0521_317-20220609/0521_317-20220609-062726-29-29.json,0521_317-20220609/0521_317-20220609-060333-50-0.txt,0521_317-20220609/0521_317-20220609-062726-29-29.txt
0521,317,20220610,055854,36-0,064420,12-12,0521_317-20220610/0521_317-20220610-055854-36-0.json,0521_317-20220610/0521_317-20220610-064420-12-12.json,0521_317-20220610/0521_317-20220610-055854-36-0.txt,0521_317-20220610/0521_317-20220610-064420-12-12.txt
0521,317,20220611,065359,31-0,071113,31-31,0521_317-20220611/0521_317-20220611-065359-31-0.json,0521_317-20220611/0521_317-20220611-071113-31-31.json,0521_317-20220611/0521_317-20220611-065359-31-0.txt,0521_317-20220611/0521_317-20220611-071113-31-31.txt
0521,317,20220613,053157,44-0,063631,13-13,0521_317-20220613/0521_317-20220613-053157-44-0.json,0521_317-20220613/0521_317-20220613-063631-13-13.json,0521_317-20220613/0521_317-20220613-053157-44-0.txt,0521_317-20220613/0521_317-20220613-063631-13-13.txt
0521,317,20220614,055153,39-0,062143,27-27,0521_317-20220614/0521_317-20220614-055153-39-0.json,0521_317-20220614/0521_317-20220614-062143-27-27.json,0521_317-20220614/0521_317-20220614-055153-39-0.txt,0521_317-20220614/0521_317-20220614-062143-27-27.txt
0521,317,20220615,061141,44-0,063944,39-39,0521_317-20220615/0521_317-20220615-061141-44-0.json,0521_317-20220615/0521_317-20220615-063944-39-39.json,0521_317-20220615/0521_317-20220615-061141-44-0.txt,0521_317-20220615/0521_317-20220615-063944-39-39.txt
0521,317,20220616,060827,42-42,070926,44-44,0521_317-20220616/0521_317-20220616-060827-42-42.json,0521_317-20220616/0521_317-20220616-070926-44-44.json,0521_317-20220616/0521_317-20220616-060827-42-42.txt,0521_317-20220616/0521_317-20220616-070926-44-44.txt
0521,317,20220617,065044,60-0,072325,58-58,0521_317-20220617/0521_317-20220617-065044-60-0.json,0521_317-20220617/0521_317-20220617-072325-58-58.json,0521_317-20220617/0521_317-20220617-065044-60-0.txt,0521_317-20220617/0521_317-20220617-072325-58-58.txt
0521,317,20220618,055103,63-0,062245,59-59,0521_317-20220618/0521_317-20220618-055103-63-0.json,0521_317-20220618/0521_317-20220618-062245-59-59.json,0521_317-20220618/0521_317-20220618-055103-63-0.txt,0521_317-20220618/0521_317-20220618-062245-59-59.txt
0521,317,20220620,055814,47-0,064842,44-44,0521_317-20220620/0521_317-20220620-055814-47-0.json,0521_317-20220620/0521_317-20220620-064842-44-44.json,0521_317-20220620/0521_317-20220620-055814-47-0.txt,0521_317-20220620/0521_317-20220620-064842-44-44.txt
0521,317,20220621,055909,45-0,064410,46-46,0521_317-20220621/0521_317-20220621-055909-45-0.json,0521_317-20220621/0521_317-20220621-064410-46-46.json,0521_317-20220621/0521_317-20220621-055909-45-0.txt,0521_317-20220621/0521_317-20220621-064410-46-46.txt
0521,317,20220622,052039,45-0,061809,43-43,0521_317-20220622/0521_317-20220622-052039-45-0.json,0521_317-20220622/0521_317-20220622-061809-43-43.json,0521_317-20220622/0521_317-20220622-052039-45-0.txt,0521_317-20220622/0521_317-20220622-061809-43-43.txt
0521,318,20220530,061421,127-127,065016,115-115,0521_318-20220530/0521_318-20220530-061421-127-127.json,0521_318-20220530/0521_318-20220530-065016-115-115.json,0521_318-20220530/0521_318-20220530-061421-127-127.txt,0521_318-20220530/0521_318-20220530-065016-115-115.txt
0521,318,20220531,054346,153-0,062932,117-117,0521_318-20220531/0521_318-20220531-054346-153-0.json,0521_318-20220531/0521_318-20220531-062932-117-117.json,0521_318-20220531/0521_318-20220531-054346-153-0.txt,0521_318-20220531/0521_318-20220531-062932-117-117.txt
0521,318,20220601,060027,157-0,064904,119-119,0521_318-20220601/0521_318-20220601-060027-157-0.json,0521_318-20220601/0521_318-20220601-064904-119-119.json,0521_318-20220601/0521_318-20220601-060027-157-0.txt,0521_318-20220601/0521_318-20220601-064904-119-119.txt
0521,318,20220602,055654,149-0,064553,111-111,0521_318-20220602/0521_318-20220602-055654-149-0.json,0521_318-20220602/0521_318-20220602-064553-111-111.json,0521_318-20220602/0521_318-20220602-055654-149-0.txt,0521_318-20220602/0521_318-20220602-064553-111-111.txt
0521,318,20220603,054738,131-0,063738,93-93,0521_318-20220603/0521_318-20220603-054738-131-0.json,0521_318-20220603/0521_318-20220603-063738-93-93.json,0521_318-20220603/0521_318-20220603-054738-131-0.txt,0521_318-20220603/0521_318-20220603-063738-93-93.txt
0521,318,20220607,054157,145-0,062924,117-117,0521_318-20220607/0521_318-20220607-054157-145-0.json,0521_318-20220607/0521_318-20220607-062924-117-117.json,0521_318-20220607/0521_318-20220607-054157-145-0.txt,0521_318-20220607/0521_318-20220607-062924-117-117.txt
0521,318,20220608,054713,157-0,063646,117-117,0521_318-20220608/0521_318-20220608-054713-157-0.json,0521_318-20220608/0521_318-20220608-063646-117-117.json,0521_318-20220608/0521_318-20220608-054713-157-0.txt,0521_318-20220608/0521_318-20220608-063646-117-117.txt
0521,318,20220609,061227,154-0,070508,110-110,0521_318-20220609/0521_318-20220609-061227-154-0.json,0521_318-20220609/0521_318-20220609-070508-110-110.json,0521_318-20220609/0521_318-20220609-061227-154-0.txt,0521_318-20220609/0521_318-20220609-070508-110-110.txt
0521,318,20220610,054414,152-0,063729,111-111,0521_318-20220610/0521_318-20220610-054414-152-0.json,0521_318-20220610/0521_318-20220610-063729-111-111.json,0521_318-20220610/0521_318-20220610-054414-152-0.txt,0521_318-20220610/0521_318-20220610-063729-111-111.txt
0521,318,20220611,060252,43-0,063741,36-36,0521_318-20220611/0521_318-20220611-060252-43-0.json,0521_318-20220611/0521_318-20220611-063741-36-36.json,0521_318-20220611/0521_318-20220611-060252-43-0.txt,0521_318-20220611/0521_318-20220611-063741-36-36.txt
0521,318,20220613,054645,131-0,063304,112-112,0521_318-20220613/0521_318-20220613-054645-131-0.json,0521_318-20220613/0521_318-20220613-063304-112-112.json,0521_318-20220613/0521_318-20220613-054645-131-0.txt,0521_318-20220613/0521_318-20220613-063304-112-112.txt
0521,318,20220614,054916,153-0,063947,119-119,0521_318-20220614/0521_318-20220614-054916-153-0.json,0521_318-20220614/0521_318-20220614-063947-119-119.json,0521_318-20220614/0521_318-20220614-054916-153-0.txt,0521_318-20220614/0521_318-20220614-063947-119-119.txt
0521,318,20220615,055645,151-0,063758,114-114,0521_318-20220615/0521_318-20220615-055645-151-0.json,0521_318-20220615/0521_318-20220615-063758-114-114.json,0521_318-20220615/0521_318-20220615-055645-151-0.txt,0521_318-20220615/0521_318-20220615-063758-114-114.txt
0521,318,20220616,053855,134-0,062730,98-98,0521_318-20220616/0521_318-20220616-053855-134-0.json,0521_318-20220616/0521_318-20220616-062730-98-98.json,0521_318-20220616/0521_318-20220616-053855-134-0.txt,0521_318-20220616/0521_318-20220616-062730-98-98.txt
0521,318,20220617,050530,122-0,073217,93-93,0521_318-20220617/0521_318-20220617-050530-122-0.json,0521_318-20220617/0521_318-20220617-073217-93-93.json,0521_318-20220617/0521_318-20220617-050530-122-0.txt,0521_318-20220617/0521_318-20220617-073217-93-93.txt
0521,318,20220620,070712,100-0,073321,69-69,0521_318-20220620/0521_318-20220620-070712-100-0.json,0521_318-20220620/0521_318-20220620-073321-69-69.json,0521_318-20220620/0521_318-20220620-070712-100-0.txt,0521_318-20220620/0521_318-20220620-073321-69-69.txt
0521,318,20220621,054806,157-0,064248,116-116,0521_318-20220621/0521_318-20220621-054806-157-0.json,0521_318-20220621/0521_318-20220621-064248-116-116.json,0521_318-20220621/0521_318-20220621-054806-157-0.txt,0521_318-20220621/0521_318-20220621-064248-116-116.txt
0521,318,20220622,054439,156-0,062708,118-118,0521_318-20220622/0521_318-20220622-054439-156-0.json,0521_318-20220622/0521_318-20220622-062708-118-118.json,0521_318-20220622/0521_318-20220622-054439-156-0.txt,0521_318-20220622/0521_318-20220622-062708-118-118.txt
0521,319,20220531,084234,128-0,095814,136-136,0521_319-20220531/0521_319-20220531-084234-128-0.json,0521_319-20220531/0521_319-20220531-095814-136-136.json,0521_319-20220531/0521_319-20220531-084234-128-0.txt,0521_319-20220531/0521_319-20220531-095814-136-136.txt
0521,319,20220601,084320,108-0,093553,108-108,0521_319-20220601/0521_319-20220601-084320-108-0.json,0521_319-20220601/0521_319-20220601-093553-108-108.json,0521_319-20220601/0521_319-20220601-084320-108-0.txt,0521_319-20220601/0521_319-20220601-093553-108-108.txt
0521,319,20220602,082616,94-0,092325,91-91,0521_319-20220602/0521_319-20220602-082616-94-0.json,0521_319-20220602/0521_319-20220602-092325-91-91.json,0521_319-20220602/0521_319-20220602-082616-94-0.txt,0521_319-20220602/0521_319-20220602-092325-91-91.txt
0521,319,20220603,084251,90-0,092439,87-87,0521_319-20220603/0521_319-20220603-084251-90-0.json,0521_319-20220603/0521_319-20220603-092439-87-87.json,0521_319-20220603/0521_319-20220603-084251-90-0.txt,0521_319-20220603/0521_319-20220603-092439-87-87.txt
0521,319,20220607,082656,82-0,090455,81-81,0521_319-20220607/0521_319-20220607-082656-82-0.json,0521_319-20220607/0521_319-20220607-090455-81-81.json,0521_319-20220607/0521_319-20220607-082656-82-0.txt,0521_319-20220607/0521_319-20220607-090455-81-81.txt
0521,319,20220608,090129,128-0,094534,127-127,0521_319-20220608/0521_319-20220608-090129-128-0.json,0521_319-20220608/0521_319-20220608-094534-127-127.json,0521_319-20220608/0521_319-20220608-090129-128-0.txt,0521_319-20220608/0521_319-20220608-094534-127-127.txt
0521,319,20220609,090437,112-0,093441,112-112,0521_319-20220609/0521_319-20220609-090437-112-0.json,0521_319-20220609/0521_319-20220609-093441-112-112.json,0521_319-20220609/0521_319-20220609-090437-112-0.txt,0521_319-20220609/0521_319-20220609-093441-112-112.txt
0521,319,20220610,092633,117-0,103000,117-117,0521_319-20220610/0521_319-20220610-092633-117-0.json,0521_319-20220610/0521_319-20220610-103000-117-117.json,0521_319-20220610/0521_319-20220610-092633-117-0.txt,0521_319-20220610/0521_319-20220610-103000-117-117.txt
0521,319,20220613,085943,84-0,094727,83-83,0521_319-20220613/0521_319-20220613-085943-84-0.json,0521_319-20220613/0521_319-20220613-094727-83-83.json,0521_319-20220613/0521_319-20220613-085943-84-0.txt,0521_319-20220613/0521_319-20220613-094727-83-83.txt
0521,319,20220614,080640,93-0,091620,104-104,0521_319-20220614/0521_319-20220614-080640-93-0.json,0521_319-20220614/0521_319-20220614-091620-104-104.json,0521_319-20220614/0521_319-20220614-080640-93-0.txt,0521_319-20220614/0521_319-20220614-091620-104-104.txt
0521,319,20220615,080918,84-0,093904,50-50,0521_319-20220615/0521_319-20220615-080918-84-0.json,0521_319-20220615/0521_319-20220615-093904-50-50.json,0521_319-20220615/0521_319-20220615-080918-84-0.txt,0521_319-20220615/0521_319-20220615-093904-50-50.txt
0521,319,20220616,085244,96-96,093516,96-96,0521_319-20220616/0521_319-20220616-085244-96-96.json,0521_319-20220616/0521_319-20220616-093516-96-96.json,0521_319-20220616/0521_319-20220616-085244-96-96.txt,0521_319-20220616/0521_319-20220616-093516-96-96.txt
0521,319,20220617,082729,92-0,104613,96-96,0521_319-20220617/0521_319-20220617-082729-92-0.json,0521_319-20220617/0521_319-20220617-104613-96-96.json,0521_319-20220617/0521_319-20220617-082729-92-0.txt,0521_319-20220617/0521_319-20220617-104613-96-96.txt
0521,319,20220620,091455,84-0,095123,83-83,0521_319-20220620/0521_319-20220620-091455-84-0.json,0521_319-20220620/0521_319-20220620-095123-83-83.json,0521_319-20220620/0521_319-20220620-091455-84-0.txt,0521_319-20220620/0521_319-20220620-095123-83-83.txt
0521,319,20220621,092507,82-0,104251,82-82,0521_319-20220621/0521_319-20220621-092507-82-0.json,0521_319-20220621/0521_319-20220621-104251-82-82.json,0521_319-20220621/0521_319-20220621-092507-82-0.txt,0521_319-20220621/0521_319-20220621-104251-82-82.txt
0521,319,20220622,090214,92-0,095343,89-89,0521_319-20220622/0521_319-20220622-090214-92-0.json,0521_319-20220622/0521_319-20220622-095343-89-89.json,0521_319-20220622/0521_319-20220622-090214-92-0.txt,0521_319-20220622/0521_319-20220622-095343-89-89.txt
0521,320,20220531,084345,102-0,094356,99-99,0521_320-20220531/0521_320-20220531-084345-102-0.json,0521_320-20220531/0521_320-20220531-094356-99-99.json,0521_320-20220531/0521_320-20220531-084345-102-0.txt,0521_320-20220531/0521_320-20220531-094356-99-99.txt
0521,320,20220601,084225,99-0,092309,94-94,0521_320-20220601/0521_320-20220601-084225-99-0.json,0521_320-20220601/0521_320-20220601-092309-94-94.json,0521_320-20220601/0521_320-20220601-084225-99-0.txt,0521_320-20220601/0521_320-20220601-092309-94-94.txt
0521,320,20220603,083903,100-0,085425,95-95,0521_320-20220603/0521_320-20220603-083903-100-0.json,0521_320-20220603/0521_320-20220603-085425-95-95.json,0521_320-20220603/0521_320-20220603-083903-100-0.txt,0521_320-20220603/0521_320-20220603-085425-95-95.txt
0521,320,20220607,085618,77-0,092711,73-73,0521_320-20220607/0521_320-20220607-085618-77-0.json,0521_320-20220607/0521_320-20220607-092711-73-73.json,0521_320-20220607/0521_320-20220607-085618-77-0.txt,0521_320-20220607/0521_320-20220607-092711-73-73.txt
0521,320,20220608,084645,120-0,093949,112-112,0521_320-20220608/0521_320-20220608-084645-120-0.json,0521_320-20220608/0521_320-20220608-093949-112-112.json,0521_320-20220608/0521_320-20220608-084645-120-0.txt,0521_320-20220608/0521_320-20220608-093949-112-112.txt
0521,320,20220609,083924,119-0,093015,119-119,0521_320-20220609/0521_320-20220609-083924-119-0.json,0521_320-20220609/0521_320-20220609-093015-119-119.json,0521_320-20220609/0521_320-20220609-083924-119-0.txt,0521_320-20220609/0521_320-20220609-093015-119-119.txt
0521,320,20220610,083943,95-0,085644,88-87,0521_320-20220610/0521_320-20220610-083943-95-0.json,0521_320-20220610/0521_320-20220610-085644-88-87.json,0521_320-20220610/0521_320-20220610-083943-95-0.txt,0521_320-20220610/0521_320-20220610-085644-88-87.txt
0521,320,20220613,085359,80-0,092857,79-79,0521_320-20220613/0521_320-20220613-085359-80-0.json,0521_320-20220613/0521_320-20220613-092857-79-79.json,0521_320-20220613/0521_320-20220613-085359-80-0.txt,0521_320-20220613/0521_320-20220613-092857-79-79.txt
0521,320,20220614,082632,101-0,090556,94-94,0521_320-20220614/0521_320-20220614-082632-101-0.json,0521_320-20220614/0521_320-20220614-090556-94-94.json,0521_320-20220614/0521_320-20220614-082632-101-0.txt,0521_320-20220614/0521_320-20220614-090556-94-94.txt
0521,320,20220615,083839,82-0,092403,80-80,0521_320-20220615/0521_320-20220615-083839-82-0.json,0521_320-20220615/0521_320-20220615-092403-80-80.json,0521_320-20220615/0521_320-20220615-083839-82-0.txt,0521_320-20220615/0521_320-20220615-092403-80-80.txt
0521,320,20220616,090632,75-70,090632,75-70,0521_320-20220616/0521_320-20220616-090632-75-70.json,0521_320-20220616/0521_320-20220616-090632-75-70.json,0521_320-20220616/0521_320-20220616-090632-75-70.txt,0521_320-20220616/0521_320-20220616-090632-75-70.txt
0521,320,20220617,082247,81-0,090017,82-82,0521_320-20220617/0521_320-20220617-082247-81-0.json,0521_320-20220617/0521_320-20220617-090017-82-82.json,0521_320-20220617/0521_320-20220617-082247-81-0.txt,0521_320-20220617/0521_320-20220617-090017-82-82.txt
0521,320,20220620,083758,66-0,091244,66-66,0521_320-20220620/0521_320-20220620-083758-66-0.json,0521_320-20220620/0521_320-20220620-091244-66-66.json,0521_320-20220620/0521_320-20220620-083758-66-0.txt,0521_320-20220620/0521_320-20220620-091244-66-66.txt
0521,320,20220621,084423,99-0,091959,102-102,0521_320-20220621/0521_320-20220621-084423-99-0.json,0521_320-20220621/0521_320-20220621-091959-102-102.json,0521_320-20220621/0521_320-20220621-084423-99-0.txt,0521_320-20220621/0521_320-20220621-091959-102-102.txt
0521,320,20220622,084109,81-0,091137,77-77,0521_320-20220622/0521_320-20220622-084109-81-0.json,0521_320-20220622/0521_320-20220622-091137-77-77.json,0521_320-20220622/0521_320-20220622-084109-81-0.txt,0521_320-20220622/0521_320-20220622-091137-77-77.txt
0521,321,20220530,080809,64-0,083434,85-73,0521_321-20220530/0521_321-20220530-080809-64-0.json,0521_321-20220530/0521_321-20220530-083434-85-73.json,0521_321-20220530/0521_321-20220530-080809-64-0.txt,0521_321-20220530/0521_321-20220530-083434-85-73.txt
0521,321,20220531,081244,104-0,091705,138-138,0521_321-20220531/0521_321-20220531-081244-104-0.json,0521_321-20220531/0521_321-20220531-091705-138-138.json,0521_321-20220531/0521_321-20220531-081244-104-0.txt,0521_321-20220531/0521_321-20220531-091705-138-138.txt
0521,321,20220601,081215,106-0,084403,114-114,0521_321-20220601/0521_321-20220601-081215-106-0.json,0521_321-20220601/0521_321-20220601-084403-114-114.json,0521_321-20220601/0521_321-20220601-081215-106-0.txt,0521_321-20220601/0521_321-20220601-084403-114-114.txt
0521,321,20220602,080854,100-0,084312,107-107,0521_321-20220602/0521_321-20220602-080854-100-0.json,0521_321-20220602/0521_321-20220602-084312-107-107.json,0521_321-20220602/0521_321-20220602-080854-100-0.txt,0521_321-20220602/0521_321-20220602-084312-107-107.txt
0521,321,20220603,081156,78-0,083704,84-84,0521_321-20220603/0521_321-20220603-081156-78-0.json,0521_321-20220603/0521_321-20220603-083704-84-84.json,0521_321-20220603/0521_321-20220603-081156-78-0.txt,0521_321-20220603/0521_321-20220603-083704-84-84.txt
0521,321,20220607,081123,84-0,083354,83-83,0521_321-20220607/0521_321-20220607-081123-84-0.json,0521_321-20220607/0521_321-20220607-083354-83-83.json,0521_321-20220607/0521_321-20220607-081123-84-0.txt,0521_321-20220607/0521_321-20220607-083354-83-83.txt
0521,321,20220608,082244,103-0,090639,124-124,0521_321-20220608/0521_321-20220608-082244-103-0.json,0521_321-20220608/0521_321-20220608-090639-124-124.json,0521_321-20220608/0521_321-20220608-082244-103-0.txt,0521_321-20220608/0521_321-20220608-090639-124-124.txt
0521,321,20220609,084135,103-91,084135,103-91,0521_321-20220609/0521_321-20220609-084135-103-91.json,0521_321-20220609/0521_321-20220609-084135-103-91.json,0521_321-20220609/0521_321-20220609-084135-103-91.txt,0521_321-20220609/0521_321-20220609-084135-103-91.txt
0521,321,20220610,081410,99-0,084305,106-106,0521_321-20220610/0521_321-20220610-081410-99-0.json,0521_321-20220610/0521_321-20220610-084305-106-106.json,0521_321-20220610/0521_321-20220610-081410-99-0.txt,0521_321-20220610/0521_321-20220610-084305-106-106.txt
0521,321,20220613,082454,91-0,090139,89-89,0521_321-20220613/0521_321-20220613-082454-91-0.json,0521_321-20220613/0521_321-20220613-090139-89-89.json,0521_321-20220613/0521_321-20220613-082454-91-0.txt,0521_321-20220613/0521_321-20220613-090139-89-89.txt
0521,321,20220614,081148,101-0,084146,102-102,0521_321-20220614/0521_321-20220614-081148-101-0.json,0521_321-20220614/0521_321-20220614-084146-102-102.json,0521_321-20220614/0521_321-20220614-081148-101-0.txt,0521_321-20220614/0521_321-20220614-084146-102-102.txt
0521,321,20220615,081440,74-0,084656,96-96,0521_321-20220615/0521_321-20220615-081440-74-0.json,0521_321-20220615/0521_321-20220615-084656-96-96.json,0521_321-20220615/0521_321-20220615-081440-74-0.txt,0521_321-20220615/0521_321-20220615-084656-96-96.txt
0521,321,20220616,081015,105-0,083645,102-102,0521_321-20220616/0521_321-20220616-081015-105-0.json,0521_321-20220616/0521_321-20220616-083645-102-102.json,0521_321-20220616/0521_321-20220616-081015-105-0.txt,0521_321-20220616/0521_321-20220616-083645-102-102.txt
0521,321,20220617,080847,79-0,082940,75-75,0521_321-20220617/0521_321-20220617-080847-79-0.json,0521_321-20220617/0521_321-20220617-082940-75-75.json,0521_321-20220617/0521_321-20220617-080847-79-0.txt,0521_321-20220617/0521_321-20220617-082940-75-75.txt
0521,321,20220620,080603,77-0,082405,74-74,0521_321-20220620/0521_321-20220620-080603-77-0.json,0521_321-20220620/0521_321-20220620-082405-74-74.json,0521_321-20220620/0521_321-20220620-080603-77-0.txt,0521_321-20220620/0521_321-20220620-082405-74-74.txt
0521,321,20220621,081342,94-0,085316,119-119,0521_321-20220621/0521_321-20220621-081342-94-0.json,0521_321-20220621/0521_321-20220621-085316-119-119.json,0521_321-20220621/0521_321-20220621-081342-94-0.txt,0521_321-20220621/0521_321-20220621-085316-119-119.txt
0521,321,20220622,080715,90-0,082937,91-91,0521_321-20220622/0521_321-20220622-080715-90-0.json,0521_321-20220622/0521_321-20220622-082937-91-91.json,0521_321-20220622/0521_321-20220622-080715-90-0.txt,0521_321-20220622/0521_321-20220622-082937-91-91.txt
0521,322,20220531,090452,147-0,102548,125-125,0521_322-20220531/0521_322-20220531-090452-147-0.json,0521_322-20220531/0521_322-20220531-102548-125-125.json,0521_322-20220531/0521_322-20220531-090452-147-0.txt,0521_322-20220531/0521_322-20220531-102548-125-125.txt
0521,322,20220601,083549,136-0,084823,132-132,0521_322-20220601/0521_322-20220601-083549-136-0.json,0521_322-20220601/0521_322-20220601-084823-132-132.json,0521_322-20220601/0521_322-20220601-083549-136-0.txt,0521_322-20220601/0521_322-20220601-084823-132-132.txt
0521,322,20220602,084101,117-0,093700,97-97,0521_322-20220602/0521_322-20220602-084101-117-0.json,0521_322-20220602/0521_322-20220602-093700-97-97.json,0521_322-20220602/0521_322-20220602-084101-117-0.txt,0521_322-20220602/0521_322-20220602-093700-97-97.txt
0521,322,20220603,083040,97-0,092204,97-97,0521_322-20220603/0521_322-20220603-083040-97-0.json,0521_322-20220603/0521_322-20220603-092204-97-97.json,0521_322-20220603/0521_322-20220603-083040-97-0.txt,0521_322-20220603/0521_322-20220603-092204-97-97.txt
0521,322,20220607,082344,90-0,091553,89-89,0521_322-20220607/0521_322-20220607-082344-90-0.json,0521_322-20220607/0521_322-20220607-091553-89-89.json,0521_322-20220607/0521_322-20220607-082344-90-0.txt,0521_322-20220607/0521_322-20220607-091553-89-89.txt
0521,322,20220608,090727,139-0,093929,101-101,0521_322-20220608/0521_322-20220608-090727-139-0.json,0521_322-20220608/0521_322-20220608-093929-101-101.json,0521_322-20220608/0521_322-20220608-090727-139-0.txt,0521_322-20220608/0521_322-20220608-093929-101-101.txt
0521,322,20220609,084137,112-0,092545,95-95,0521_322-20220609/0521_322-20220609-084137-112-0.json,0521_322-20220609/0521_322-20220609-092545-95-95.json,0521_322-20220609/0521_322-20220609-084137-112-0.txt,0521_322-20220609/0521_322-20220609-092545-95-95.txt
0521,322,20220610,083632,130-0,095110,129-129,0521_322-20220610/0521_322-20220610-083632-130-0.json,0521_322-20220610/0521_322-20220610-095110-129-129.json,0521_322-20220610/0521_322-20220610-083632-130-0.txt,0521_322-20220610/0521_322-20220610-095110-129-129.txt
0521,322,20220613,083616,100-0,092630,98-98,0521_322-20220613/0521_322-20220613-083616-100-0.json,0521_322-20220613/0521_322-20220613-092630-98-98.json,0521_322-20220613/0521_322-20220613-083616-100-0.txt,0521_322-20220613/0521_322-20220613-092630-98-98.txt
0521,322,20220614,091440,111-0,091440,111-0,0521_322-20220614/0521_322-20220614-091440-111-0.json,0521_322-20220614/0521_322-20220614-091440-111-0.json,0521_322-20220614/0521_322-20220614-091440-111-0.txt,0521_322-20220614/0521_322-20220614-091440-111-0.txt
0521,322,20220615,085946,102-0,093337,99-99,0521_322-20220615/0521_322-20220615-085946-102-0.json,0521_322-20220615/0521_322-20220615-093337-99-99.json,0521_322-20220615/0521_322-20220615-085946-102-0.txt,0521_322-20220615/0521_322-20220615-093337-99-99.txt
0521,322,20220616,084238,46-46,090110,46-46,0521_322-20220616/0521_322-20220616-084238-46-46.json,0521_322-20220616/0521_322-20220616-090110-46-46.json,0521_322-20220616/0521_322-20220616-084238-46-46.txt,0521_322-20220616/0521_322-20220616-090110-46-46.txt
0521,322,20220617,082528,84-0,083150,82-82,0521_322-20220617/0521_322-20220617-082528-84-0.json,0521_322-20220617/0521_322-20220617-083150-82-82.json,0521_322-20220617/0521_322-20220617-082528-84-0.txt,0521_322-20220617/0521_322-20220617-083150-82-82.txt
0521,322,20220620,081802,95-0,085015,95-95,0521_322-20220620/0521_322-20220620-081802-95-0.json,0521_322-20220620/0521_322-20220620-085015-95-95.json,0521_322-20220620/0521_322-20220620-081802-95-0.txt,0521_322-20220620/0521_322-20220620-085015-95-95.txt
0521,322,20220621,091126,151-0,101046,131-131,0521_322-20220621/0521_322-20220621-091126-151-0.json,0521_322-20220621/0521_322-20220621-101046-131-131.json,0521_322-20220621/0521_322-20220621-091126-151-0.txt,0521_322-20220621/0521_322-20220621-101046-131-131.txt
0521,322,20220622,085101,94-0,093031,92-92,0521_322-20220622/0521_322-20220622-085101-94-0.json,0521_322-20220622/0521_322-20220622-093031-92-92.json,0521_322-20220622/0521_322-20220622-085101-94-0.txt,0521_322-20220622/0521_322-20220622-093031-92-92.txt
0521,350,20220530,062939,111-110,070710,113-113,0521_350-20220530/0521_350-20220530-062939-111-110.json,0521_350-20220530/0521_350-20220530-070710-113-113.json,0521_350-20220530/0521_350-20220530-062939-111-110.txt,0521_350-20220530/0521_350-20220530-070710-113-113.txt
0521,350,20220531,062149,174-0,074222,129-129,0521_350-20220531/0521_350-20220531-062149-174-0.json,0521_350-20220531/0521_350-20220531-074222-129-129.json,0521_350-20220531/0521_350-20220531-062149-174-0.txt,0521_350-20220531/0521_350-20220531-074222-129-129.txt
0521,350,20220601,060627,149-0,072442,118-118,0521_350-20220601/0521_350-20220601-060627-149-0.json,0521_350-20220601/0521_350-20220601-072442-118-118.json,0521_350-20220601/0521_350-20220601-060627-149-0.txt,0521_350-20220601/0521_350-20220601-072442-118-118.txt
0521,350,20220602,060703,136-0,072653,120-120,0521_350-20220602/0521_350-20220602-060703-136-0.json,0521_350-20220602/0521_350-20220602-072653-120-120.json,0521_350-20220602/0521_350-20220602-060703-136-0.txt,0521_350-20220602/0521_350-20220602-072653-120-120.txt
0521,350,20220603,061016,141-0,072453,118-118,0521_350-20220603/0521_350-20220603-061016-141-0.json,0521_350-20220603/0521_350-20220603-072453-118-118.json,0521_350-20220603/0521_350-20220603-061016-141-0.txt,0521_350-20220603/0521_350-20220603-072453-118-118.txt
0521,350,20220607,055507,132-0,071052,129-129,0521_350-20220607/0521_350-20220607-055507-132-0.json,0521_350-20220607/0521_350-20220607-071052-129-129.json,0521_350-20220607/0521_350-20220607-055507-132-0.txt,0521_350-20220607/0521_350-20220607-071052-129-129.txt
0521,350,20220608,055513,154-0,070205,123-123,0521_350-20220608/0521_350-20220608-055513-154-0.json,0521_350-20220608/0521_350-20220608-070205-123-123.json,0521_350-20220608/0521_350-20220608-055513-154-0.txt,0521_350-20220608/0521_350-20220608-070205-123-123.txt
0521,350,20220609,060921,176-0,072113,136-136,0521_350-20220609/0521_350-20220609-060921-176-0.json,0521_350-20220609/0521_350-20220609-072113-136-136.json,0521_350-20220609/0521_350-20220609-060921-176-0.txt,0521_350-20220609/0521_350-20220609-072113-136-136.txt
0521,350,20220610,061738,167-0,073121,133-133,0521_350-20220610/0521_350-20220610-061738-167-0.json,0521_350-20220610/0521_350-20220610-073121-133-133.json,0521_350-20220610/0521_350-20220610-061738-167-0.txt,0521_350-20220610/0521_350-20220610-073121-133-133.txt
0521,350,20220613,060341,125-0,071107,121-121,0521_350-20220613/0521_350-20220613-060341-125-0.json,0521_350-20220613/0521_350-20220613-071107-121-121.json,0521_350-20220613/0521_350-20220613-060341-125-0.txt,0521_350-20220613/0521_350-20220613-071107-121-121.txt
0521,350,20220614,055848,158-0,070324,129-129,0521_350-20220614/0521_350-20220614-055848-158-0.json,0521_350-20220614/0521_350-20220614-070324-129-129.json,0521_350-20220614/0521_350-20220614-055848-158-0.txt,0521_350-20220614/0521_350-20220614-070324-129-129.txt
0521,350,20220615,055319,140-0,064353,125-125,0521_350-20220615/0521_350-20220615-055319-140-0.json,0521_350-20220615/0521_350-20220615-064353-125-125.json,0521_350-20220615/0521_350-20220615-055319-140-0.txt,0521_350-20220615/0521_350-20220615-064353-125-125.txt
0521,350,20220616,062050,144-0,074244,122-122,0521_350-20220616/0521_350-20220616-062050-144-0.json,0521_350-20220616/0521_350-20220616-074244-122-122.json,0521_350-20220616/0521_350-20220616-062050-144-0.txt,0521_350-20220616/0521_350-20220616-074244-122-122.txt
0521,350,20220617,054451,126-0,064552,125-125,0521_350-20220617/0521_350-20220617-054451-126-0.json,0521_350-20220617/0521_350-20220617-064552-125-125.json,0521_350-20220617/0521_350-20220617-054451-126-0.txt,0521_350-20220617/0521_350-20220617-064552-125-125.txt
0521,350,20220618,055513,57-0,063112,57-57,0521_350-20220618/0521_350-20220618-055513-57-0.json,0521_350-20220618/0521_350-20220618-063112-57-57.json,0521_350-20220618/0521_350-20220618-055513-57-0.txt,0521_350-20220618/0521_350-20220618-063112-57-57.txt
0521,350,20220620,052354,61-0,061719,56-56,0521_350-20220620/0521_350-20220620-052354-61-0.json,0521_350-20220620/0521_350-20220620-061719-56-56.json,0521_350-20220620/0521_350-20220620-052354-61-0.txt,0521_350-20220620/0521_350-20220620-061719-56-56.txt
0521,350,20220621,054608,158-0,070029,93-93,0521_350-20220621/0521_350-20220621-054608-158-0.json,0521_350-20220621/0521_350-20220621-070029-93-93.json,0521_350-20220621/0521_350-20220621-054608-158-0.txt,0521_350-20220621/0521_350-20220621-070029-93-93.txt
0521,350,20220622,053712,142-0,071411,84-84,0521_350-20220622/0521_350-20220622-053712-142-0.json,0521_350-20220622/0521_350-20220622-071411-84-84.json,0521_350-20220622/0521_350-20220622-053712-142-0.txt,0521_350-20220622/0521_350-20220622-071411-84-84.txt
0521,351,20220530,062424,131-0,065449,128-128,0521_351-20220530/0521_351-20220530-062424-131-0.json,0521_351-20220530/0521_351-20220530-065449-128-128.json,0521_351-20220530/0521_351-20220530-062424-131-0.txt,0521_351-20220530/0521_351-20220530-065449-128-128.txt
0521,351,20220531,055352,187-0,070322,184-184,0521_351-20220531/0521_351-20220531-055352-187-0.json,0521_351-20220531/0521_351-20220531-070322-184-184.json,0521_351-20220531/0521_351-20220531-055352-187-0.txt,0521_351-20220531/0521_351-20220531-070322-184-184.txt
0521,351,20220601,061432,175-0,070101,174-174,0521_351-20220601/0521_351-20220601-061432-175-0.json,0521_351-20220601/0521_351-20220601-070101-174-174.json,0521_351-20220601/0521_351-20220601-061432-175-0.txt,0521_351-20220601/0521_351-20220601-070101-174-174.txt
0521,351,20220602,055712,161-0,064007,158-158,0521_351-20220602/0521_351-20220602-055712-161-0.json,0521_351-20220602/0521_351-20220602-064007-158-158.json,0521_351-20220602/0521_351-20220602-055712-161-0.txt,0521_351-20220602/0521_351-20220602-064007-158-158.txt
0521,351,20220603,055252,152-0,064210,149-149,0521_351-20220603/0521_351-20220603-055252-152-0.json,0521_351-20220603/0521_351-20220603-064210-149-149.json,0521_351-20220603/0521_351-20220603-055252-152-0.txt,0521_351-20220603/0521_351-20220603-064210-149-149.txt
0521,351,20220604,075847,46-0,081252,46-46,0521_351-20220604/0521_351-20220604-075847-46-0.json,0521_351-20220604/0521_351-20220604-081252-46-46.json,0521_351-20220604/0521_351-20220604-075847-46-0.txt,0521_351-20220604/0521_351-20220604-081252-46-46.txt
0521,351,20220607,060419,107-0,061639,105-105,0521_351-20220607/0521_351-20220607-060419-107-0.json,0521_351-20220607/0521_351-20220607-061639-105-105.json,0521_351-20220607/0521_351-20220607-060419-107-0.txt,0521_351-20220607/0521_351-20220607-061639-105-105.txt
0521,351,20220608,051206,172-0,065351,143-143,0521_351-20220608/0521_351-20220608-051206-172-0.json,0521_351-20220608/0521_351-20220608-065351-143-143.json,0521_351-20220608/0521_351-20220608-051206-172-0.txt,0521_351-20220608/0521_351-20220608-065351-143-143.txt
0521,351,20220609,074103,173-0,084002,93-93,0521_351-20220609/0521_351-20220609-074103-173-0.json,0521_351-20220609/0521_351-20220609-084002-93-93.json,0521_351-20220609/0521_351-20220609-074103-173-0.txt,0521_351-20220609/0521_351-20220609-084002-93-93.txt
0521,351,20220610,060708,178-0,072636,109-109,0521_351-20220610/0521_351-20220610-060708-178-0.json,0521_351-20220610/0521_351-20220610-072636-109-109.json,0521_351-20220610/0521_351-20220610-060708-178-0.txt,0521_351-20220610/0521_351-20220610-072636-109-109.txt
0521,351,20220611,052946,40-0,061606,43-43,0521_351-20220611/0521_351-20220611-052946-40-0.json,0521_351-20220611/0521_351-20220611-061606-43-43.json,0521_351-20220611/0521_351-20220611-052946-40-0.txt,0521_351-20220611/0521_351-20220611-061606-43-43.txt
0521,351,20220613,062023,142-0,072746,140-140,0521_351-20220613/0521_351-20220613-062023-142-0.json,0521_351-20220613/0521_351-20220613-072746-140-140.json,0521_351-20220613/0521_351-20220613-062023-142-0.txt,0521_351-20220613/0521_351-20220613-072746-140-140.txt
0521,351,20220614,062021,196-0,073100,130-130,0521_351-20220614/0521_351-20220614-062021-196-0.json,0521_351-20220614/0521_351-20220614-073100-130-130.json,0521_351-20220614/0521_351-20220614-062021-196-0.txt,0521_351-20220614/0521_351-20220614-073100-130-130.txt
0521,351,20220615,060032,171-0,065804,125-125,0521_351-20220615/0521_351-20220615-060032-171-0.json,0521_351-20220615/0521_351-20220615-065804-125-125.json,0521_351-20220615/0521_351-20220615-060032-171-0.txt,0521_351-20220615/0521_351-20220615-065804-125-125.txt
0521,351,20220616,062906,138-138,071931,137-137,0521_351-20220616/0521_351-20220616-062906-138-138.json,0521_351-20220616/0521_351-20220616-071931-137-137.json,0521_351-20220616/0521_351-20220616-062906-138-138.txt,0521_351-20220616/0521_351-20220616-071931-137-137.txt
0521,351,20220617,060444,127-0,064837,125-125,0521_351-20220617/0521_351-20220617-060444-127-0.json,0521_351-20220617/0521_351-20220617-064837-125-125.json,0521_351-20220617/0521_351-20220617-060444-127-0.txt,0521_351-20220617/0521_351-20220617-064837-125-125.txt
0521,351,20220618,052954,25-0,060603,27-27,0521_351-20220618/0521_351-20220618-052954-25-0.json,0521_351-20220618/0521_351-20220618-060603-27-27.json,0521_351-20220618/0521_351-20220618-052954-25-0.txt,0521_351-20220618/0521_351-20220618-060603-27-27.txt
0521,351,20220620,055134,102-0,061415,101-101,0521_351-20220620/0521_351-20220620-055134-102-0.json,0521_351-20220620/0521_351-20220620-061415-101-101.json,0521_351-20220620/0521_351-20220620-055134-102-0.txt,0521_351-20220620/0521_351-20220620-061415-101-101.txt
0521,351,20220621,051523,188-0,070330,186-186,0521_351-20220621/0521_351-20220621-051523-188-0.json,0521_351-20220621/0521_351-20220621-070330-186-186.json,0521_351-20220621/0521_351-20220621-051523-188-0.txt,0521_351-20220621/0521_351-20220621-070330-186-186.txt
0521,351,20220622,062216,153-0,070950,149-149,0521_351-20220622/0521_351-20220622-062216-153-0.json,0521_351-20220622/0521_351-20220622-070950-149-149.json,0521_351-20220622/0521_351-20220622-062216-153-0.txt,0521_351-20220622/0521_351-20220622-070950-149-149.txt
0521,352,20220530,061627,126-125,064742,125-125,0521_352-20220530/0521_352-20220530-061627-126-125.json,0521_352-20220530/0521_352-20220530-064742-125-125.json,0521_352-20220530/0521_352-20220530-061627-126-125.txt,0521_352-20220530/0521_352-20220530-064742-125-125.txt
0521,352,20220531,050508,151-0,065357,154-154,0521_352-20220531/0521_352-20220531-050508-151-0.json,0521_352-20220531/0521_352-20220531-065357-154-154.json,0521_352-20220531/0521_352-20220531-050508-151-0.txt,0521_352-20220531/0521_352-20220531-065357-154-154.txt
0521,352,20220601,050635,163-0,070732,139-139,0521_352-20220601/0521_352-20220601-050635-163-0.json,0521_352-20220601/0521_352-20220601-070732-139-139.json,0521_352-20220601/0521_352-20220601-050635-163-0.txt,0521_352-20220601/0521_352-20220601-070732-139-139.txt
0521,352,20220602,050549,126-0,063904,123-123,0521_352-20220602/0521_352-20220602-050549-126-0.json,0521_352-20220602/0521_352-20220602-063904-123-123.json,0521_352-20220602/0521_352-20220602-050549-126-0.txt,0521_352-20220602/0521_352-20220602-063904-123-123.txt
0521,352,20220603,050617,127-0,064951,121-121,0521_352-20220603/0521_352-20220603-050617-127-0.json,0521_352-20220603/0521_352-20220603-064951-121-121.json,0521_352-20220603/0521_352-20220603-050617-127-0.txt,0521_352-20220603/0521_352-20220603-064951-121-121.txt
0521,352,20220604,054807,62-0,062044,56-56,0521_352-20220604/0521_352-20220604-054807-62-0.json,0521_352-20220604/0521_352-20220604-062044-56-56.json,0521_352-20220604/0521_352-20220604-054807-62-0.txt,0521_352-20220604/0521_352-20220604-062044-56-56.txt
0521,352,20220607,050624,86-0,061942,114-114,0521_352-20220607/0521_352-20220607-050624-86-0.json,0521_352-20220607/0521_352-20220607-061942-114-114.json,0521_352-20220607/0521_352-20220607-050624-86-0.txt,0521_352-20220607/0521_352-20220607-061942-114-114.txt
0521,352,20220608,050621,126-0,064109,131-131,0521_352-20220608/0521_352-20220608-050621-126-0.json,0521_352-20220608/0521_352-20220608-064109-131-131.json,0521_352-20220608/0521_352-20220608-050621-126-0.txt,0521_352-20220608/0521_352-20220608-064109-131-131.txt
0521,352,20220609,050956,146-0,065917,149-149,0521_352-20220609/0521_352-20220609-050956-146-0.json,0521_352-20220609/0521_352-20220609-065917-149-149.json,0521_352-20220609/0521_352-20220609-050956-146-0.txt,0521_352-20220609/0521_352-20220609-065917-149-149.txt
0521,352,20220610,054322,132-0,064430,132-132,0521_352-20220610/0521_352-20220610-054322-132-0.json,0521_352-20220610/0521_352-20220610-064430-132-132.json,0521_352-20220610/0521_352-20220610-054322-132-0.txt,0521_352-20220610/0521_352-20220610-064430-132-132.txt
0521,352,20220611,054015,54-0,061544,56-56,0521_352-20220611/0521_352-20220611-054015-54-0.json,0521_352-20220611/0521_352-20220611-061544-56-56.json,0521_352-20220611/0521_352-20220611-054015-54-0.txt,0521_352-20220611/0521_352-20220611-061544-56-56.txt
0521,352,20220613,050533,85-0,061514,97-97,0521_352-20220613/0521_352-20220613-050533-85-0.json,0521_352-20220613/0521_352-20220613-061514-97-97.json,0521_352-20220613/0521_352-20220613-050533-85-0.txt,0521_352-20220613/0521_352-20220613-061514-97-97.txt
0521,352,20220614,050506,158-0,064319,130-130,0521_352-20220614/0521_352-20220614-050506-158-0.json,0521_352-20220614/0521_352-20220614-064319-130-130.json,0521_352-20220614/0521_352-20220614-050506-158-0.txt,0521_352-20220614/0521_352-20220614-064319-130-130.txt
0521,352,20220615,050232,130-0,063605,127-127,0521_352-20220615/0521_352-20220615-050232-130-0.json,0521_352-20220615/0521_352-20220615-063605-127-127.json,0521_352-20220615/0521_352-20220615-050232-130-0.txt,0521_352-20220615/0521_352-20220615-063605-127-127.txt
0521,352,20220616,050529,152-0,064353,141-141,0521_352-20220616/0521_352-20220616-050529-152-0.json,0521_352-20220616/0521_352-20220616-064353-141-141.json,0521_352-20220616/0521_352-20220616-050529-152-0.txt,0521_352-20220616/0521_352-20220616-064353-141-141.txt
0521,352,20220617,050236,129-0,063006,129-129,0521_352-20220617/0521_352-20220617-050236-129-0.json,0521_352-20220617/0521_352-20220617-063006-129-129.json,0521_352-20220617/0521_352-20220617-050236-129-0.txt,0521_352-20220617/0521_352-20220617-063006-129-129.txt
0521,352,20220618,053648,49-0,061211,48-48,0521_352-20220618/0521_352-20220618-053648-49-0.json,0521_352-20220618/0521_352-20220618-061211-48-48.json,0521_352-20220618/0521_352-20220618-053648-49-0.txt,0521_352-20220618/0521_352-20220618-061211-48-48.txt
0521,352,20220620,051453,75-0,061506,76-76,0521_352-20220620/0521_352-20220620-051453-75-0.json,0521_352-20220620/0521_352-20220620-061506-76-76.json,0521_352-20220620/0521_352-20220620-051453-75-0.txt,0521_352-20220620/0521_352-20220620-061506-76-76.txt
0521,352,20220621,050528,141-0,064025,134-134,0521_352-20220621/0521_352-20220621-050528-141-0.json,0521_352-20220621/0521_352-20220621-064025-134-134.json,0521_352-20220621/0521_352-20220621-050528-141-0.txt,0521_352-20220621/0521_352-20220621-064025-134-134.txt
0521,352,20220622,050616,141-0,065317,135-135,0521_352-20220622/0521_352-20220622-050616-141-0.json,0521_352-20220622/0521_352-20220622-065317-135-135.json,0521_352-20220622/0521_352-20220622-050616-141-0.txt,0521_352-20220622/0521_352-20220622-065317-135-135.txt
0521,353,20220530,060857,58-57,063810,59-59,0521_353-20220530/0521_353-20220530-060857-58-57.json,0521_353-20220530/0521_353-20220530-063810-59-59.json,0521_353-20220530/0521_353-20220530-060857-58-57.txt,0521_353-20220530/0521_353-20220530-063810-59-59.txt
0521,353,20220531,054118,177-0,070602,126-126,0521_353-20220531/0521_353-20220531-054118-177-0.json,0521_353-20220531/0521_353-20220531-070602-126-126.json,0521_353-20220531/0521_353-20220531-054118-177-0.txt,0521_353-20220531/0521_353-20220531-070602-126-126.txt
0521,353,20220601,060903,179-0,071156,143-143,0521_353-20220601/0521_353-20220601-060903-179-0.json,0521_353-20220601/0521_353-20220601-071156-143-143.json,0521_353-20220601/0521_353-20220601-060903-179-0.txt,0521_353-20220601/0521_353-20220601-071156-143-143.txt
0521,353,20220602,061611,169-0,071953,138-138,0521_353-20220602/0521_353-20220602-061611-169-0.json,0521_353-20220602/0521_353-20220602-071953-138-138.json,0521_353-20220602/0521_353-20220602-061611-169-0.txt,0521_353-20220602/0521_353-20220602-071953-138-138.txt
0521,353,20220603,061435,154-0,071600,132-132,0521_353-20220603/0521_353-20220603-061435-154-0.json,0521_353-20220603/0521_353-20220603-071600-132-132.json,0521_353-20220603/0521_353-20220603-061435-154-0.txt,0521_353-20220603/0521_353-20220603-071600-132-132.txt
0521,353,20220607,055904,138-0,065205,90-90,0521_353-20220607/0521_353-20220607-055904-138-0.json,0521_353-20220607/0521_353-20220607-065205-90-90.json,0521_353-20220607/0521_353-20220607-055904-138-0.txt,0521_353-20220607/0521_353-20220607-065205-90-90.txt
0521,353,20220608,055051,163-0,065942,102-102,0521_353-20220608/0521_353-20220608-055051-163-0.json,0521_353-20220608/0521_353-20220608-065942-102-102.json,0521_353-20220608/0521_353-20220608-055051-163-0.txt,0521_353-20220608/0521_353-20220608-065942-102-102.txt
0521,353,20220609,061122,167-0,070127,88-88,0521_353-20220609/0521_353-20220609-061122-167-0.json,0521_353-20220609/0521_353-20220609-070127-88-88.json,0521_353-20220609/0521_353-20220609-061122-167-0.txt,0521_353-20220609/0521_353-20220609-070127-88-88.txt
0521,353,20220610,062737,200-0,075558,153-153,0521_353-20220610/0521_353-20220610-062737-200-0.json,0521_353-20220610/0521_353-20220610-075558-153-153.json,0521_353-20220610/0521_353-20220610-062737-200-0.txt,0521_353-20220610/0521_353-20220610-075558-153-153.txt
0521,353,20220613,060214,140-0,070642,109-109,0521_353-20220613/0521_353-20220613-060214-140-0.json,0521_353-20220613/0521_353-20220613-070642-109-109.json,0521_353-20220613/0521_353-20220613-060214-140-0.txt,0521_353-20220613/0521_353-20220613-070642-109-109.txt
0521,353,20220614,061632,195-0,073611,157-157,0521_353-20220614/0521_353-20220614-061632-195-0.json,0521_353-20220614/0521_353-20220614-073611-157-157.json,0521_353-20220614/0521_353-20220614-061632-195-0.txt,0521_353-20220614/0521_353-20220614-073611-157-157.txt
0521,353,20220615,062142,161-0,071301,134-134,0521_353-20220615/0521_353-20220615-062142-161-0.json,0521_353-20220615/0521_353-20220615-071301-134-134.json,0521_353-20220615/0521_353-20220615-062142-161-0.txt,0521_353-20220615/0521_353-20220615-071301-134-134.txt
0521,353,20220616,060547,142-0,071457,106-106,0521_353-20220616/0521_353-20220616-060547-142-0.json,0521_353-20220616/0521_353-20220616-071457-106-106.json,0521_353-20220616/0521_353-20220616-060547-142-0.txt,0521_353-20220616/0521_353-20220616-071457-106-106.txt
0521,353,20220617,055207,152-0,065120,129-129,0521_353-20220617/0521_353-20220617-055207-152-0.json,0521_353-20220617/0521_353-20220617-065120-129-129.json,0521_353-20220617/0521_353-20220617-055207-152-0.txt,0521_353-20220617/0521_353-20220617-065120-129-129.txt
0521,353,20220620,055620,137-0,064222,113-113,0521_353-20220620/0521_353-20220620-055620-137-0.json,0521_353-20220620/0521_353-20220620-064222-113-113.json,0521_353-20220620/0521_353-20220620-055620-137-0.txt,0521_353-20220620/0521_353-20220620-064222-113-113.txt
0521,353,20220621,061045,173-0,071332,130-130,0521_353-20220621/0521_353-20220621-061045-173-0.json,0521_353-20220621/0521_353-20220621-071332-130-130.json,0521_353-20220621/0521_353-20220621-061045-173-0.txt,0521_353-20220621/0521_353-20220621-071332-130-130.txt
0521,353,20220622,061942,154-0,073802,131-131,0521_353-20220622/0521_353-20220622-061942-154-0.json,0521_353-20220622/0521_353-20220622-073802-131-131.json,0521_353-20220622/0521_353-20220622-061942-154-0.txt,0521_353-20220622/0521_353-20220622-073802-131-131.txt
0521,354,20220530,060845,127-126,063347,134-134,0521_354-20220530/0521_354-20220530-060845-127-126.json,0521_354-20220530/0521_354-20220530-063347-134-134.json,0521_354-20220530/0521_354-20220530-060845-127-126.txt,0521_354-20220530/0521_354-20220530-063347-134-134.txt
0521,354,20220531,054417,155-0,064807,155-155,0521_354-20220531/0521_354-20220531-054417-155-0.json,0521_354-20220531/0521_354-20220531-064807-155-155.json,0521_354-20220531/0521_354-20220531-054417-155-0.txt,0521_354-20220531/0521_354-20220531-064807-155-155.txt
0521,354,20220601,053730,133-0,063921,149-149,0521_354-20220601/0521_354-20220601-053730-133-0.json,0521_354-20220601/0521_354-20220601-063921-149-149.json,0521_354-20220601/0521_354-20220601-053730-133-0.txt,0521_354-20220601/0521_354-20220601-063921-149-149.txt
0521,354,20220602,053405,141-0,063931,146-146,0521_354-20220602/0521_354-20220602-053405-141-0.json,0521_354-20220602/0521_354-20220602-063931-146-146.json,0521_354-20220602/0521_354-20220602-053405-141-0.txt,0521_354-20220602/0521_354-20220602-063931-146-146.txt
0521,354,20220603,052922,92-0,061038,101-101,0521_354-20220603/0521_354-20220603-052922-92-0.json,0521_354-20220603/0521_354-20220603-061038-101-101.json,0521_354-20220603/0521_354-20220603-052922-92-0.txt,0521_354-20220603/0521_354-20220603-061038-101-101.txt
0521,354,20220607,052357,85-0,061232,98-98,0521_354-20220607/0521_354-20220607-052357-85-0.json,0521_354-20220607/0521_354-20220607-061232-98-98.json,0521_354-20220607/0521_354-20220607-052357-85-0.txt,0521_354-20220607/0521_354-20220607-061232-98-98.txt
0521,354,20220608,053720,128-0,064047,151-151,0521_354-20220608/0521_354-20220608-053720-128-0.json,0521_354-20220608/0521_354-20220608-064047-151-151.json,0521_354-20220608/0521_354-20220608-053720-128-0.txt,0521_354-20220608/0521_354-20220608-064047-151-151.txt
0521,354,20220609,054036,136-0,070101,160-160,0521_354-20220609/0521_354-20220609-054036-136-0.json,0521_354-20220609/0521_354-20220609-070101-160-160.json,0521_354-20220609/0521_354-20220609-054036-136-0.txt,0521_354-20220609/0521_354-20220609-070101-160-160.txt
0521,354,20220610,055539,135-135,064208,146-146,0521_354-20220610/0521_354-20220610-055539-135-135.json,0521_354-20220610/0521_354-20220610-064208-146-146.json,0521_354-20220610/0521_354-20220610-055539-135-135.txt,0521_354-20220610/0521_354-20220610-064208-146-146.txt
0521,354,20220613,053632,95-0,062457,110-110,0521_354-20220613/0521_354-20220613-053632-95-0.json,0521_354-20220613/0521_354-20220613-062457-110-110.json,0521_354-20220613/0521_354-20220613-053632-95-0.txt,0521_354-20220613/0521_354-20220613-062457-110-110.txt
0521,354,20220614,054021,141-0,064125,154-154,0521_354-20220614/0521_354-20220614-054021-141-0.json,0521_354-20220614/0521_354-20220614-064125-154-154.json,0521_354-20220614/0521_354-20220614-054021-141-0.txt,0521_354-20220614/0521_354-20220614-064125-154-154.txt
0521,354,20220615,053737,116-0,063346,127-127,0521_354-20220615/0521_354-20220615-053737-116-0.json,0521_354-20220615/0521_354-20220615-063346-127-127.json,0521_354-20220615/0521_354-20220615-053737-116-0.txt,0521_354-20220615/0521_354-20220615-063346-127-127.txt
0521,354,20220616,060042,117-0,063929,113-113,0521_354-20220616/0521_354-20220616-060042-117-0.json,0521_354-20220616/0521_354-20220616-063929-113-113.json,0521_354-20220616/0521_354-20220616-060042-117-0.txt,0521_354-20220616/0521_354-20220616-063929-113-113.txt
0521,354,20220617,052903,114-0,060406,112-112,0521_354-20220617/0521_354-20220617-052903-114-0.json,0521_354-20220617/0521_354-20220617-060406-112-112.json,0521_354-20220617/0521_354-20220617-052903-114-0.txt,0521_354-20220617/0521_354-20220617-060406-112-112.txt
0521,354,20220620,053145,97-0,061349,108-108,0521_354-20220620/0521_354-20220620-053145-97-0.json,0521_354-20220620/0521_354-20220620-061349-108-108.json,0521_354-20220620/0521_354-20220620-053145-97-0.txt,0521_354-20220620/0521_354-20220620-061349-108-108.txt
0521,354,20220621,053213,119-0,062402,142-142,0521_354-20220621/0521_354-20220621-053213-119-0.json,0521_354-20220621/0521_354-20220621-062402-142-142.json,0521_354-20220621/0521_354-20220621-053213-119-0.txt,0521_354-20220621/0521_354-20220621-062402-142-142.txt
0521,354,20220622,053259,128-0,063125,146-146,0521_354-20220622/0521_354-20220622-053259-128-0.json,0521_354-20220622/0521_354-20220622-063125-146-146.json,0521_354-20220622/0521_354-20220622-053259-128-0.txt,0521_354-20220622/0521_354-20220622-063125-146-146.txt
0521,358,20220530,064103,196-0,080121,179-178,0521_358-20220530/0521_358-20220530-064103-196-0.json,0521_358-20220530/0521_358-20220530-080121-179-178.json,0521_358-20220530/0521_358-20220530-064103-196-0.txt,0521_358-20220530/0521_358-20220530-080121-179-178.txt
0521,358,20220531,063253,234-0,081227,199-199,0521_358-20220531/0521_358-20220531-063253-234-0.json,0521_358-20220531/0521_358-20220531-081227-199-199.json,0521_358-20220531/0521_358-20220531-063253-234-0.txt,0521_358-20220531/0521_358-20220531-081227-199-199.txt
0521,358,20220601,061342,260-0,073825,179-179,0521_358-20220601/0521_358-20220601-061342-260-0.json,0521_358-20220601/0521_358-20220601-073825-179-179.json,0521_358-20220601/0521_358-20220601-061342-260-0.txt,0521_358-20220601/0521_358-20220601-073825-179-179.txt
0521,358,20220602,061127,232-0,081011,184-184,0521_358-20220602/0521_358-20220602-061127-232-0.json,0521_358-20220602/0521_358-20220602-081011-184-184.json,0521_358-20220602/0521_358-20220602-061127-232-0.txt,0521_358-20220602/0521_358-20220602-081011-184-184.txt
0521,358,20220603,060746,182-0,074430,161-161,0521_358-20220603/0521_358-20220603-060746-182-0.json,0521_358-20220603/0521_358-20220603-074430-161-161.json,0521_358-20220603/0521_358-20220603-060746-182-0.txt,0521_358-20220603/0521_358-20220603-074430-161-161.txt
0521,358,20220607,055803,175-0,071533,172-172,0521_358-20220607/0521_358-20220607-055803-175-0.json,0521_358-20220607/0521_358-20220607-071533-172-172.json,0521_358-20220607/0521_358-20220607-055803-175-0.txt,0521_358-20220607/0521_358-20220607-071533-172-172.txt
0521,358,20220608,063054,250-0,082917,222-222,0521_358-20220608/0521_358-20220608-063054-250-0.json,0521_358-20220608/0521_358-20220608-082917-222-222.json,0521_358-20220608/0521_358-20220608-063054-250-0.txt,0521_358-20220608/0521_358-20220608-082917-222-222.txt
0521,358,20220609,064017,201-0,074901,181-181,0521_358-20220609/0521_358-20220609-064017-201-0.json,0521_358-20220609/0521_358-20220609-074901-181-181.json,0521_358-20220609/0521_358-20220609-064017-201-0.txt,0521_358-20220609/0521_358-20220609-074901-181-181.txt
0521,358,20220610,061318,194-0,070855,116-116,0521_358-20220610/0521_358-20220610-061318-194-0.json,0521_358-20220610/0521_358-20220610-070855-116-116.json,0521_358-20220610/0521_358-20220610-061318-194-0.txt,0521_358-20220610/0521_358-20220610-070855-116-116.txt
0521,358,20220611,054654,49-0,062203,50-50,0521_358-20220611/0521_358-20220611-054654-49-0.json,0521_358-20220611/0521_358-20220611-062203-50-50.json,0521_358-20220611/0521_358-20220611-054654-49-0.txt,0521_358-20220611/0521_358-20220611-062203-50-50.txt
0521,358,20220613,061359,193-0,073819,192-192,0521_358-20220613/0521_358-20220613-061359-193-0.json,0521_358-20220613/0521_358-20220613-073819-192-192.json,0521_358-20220613/0521_358-20220613-061359-193-0.txt,0521_358-20220613/0521_358-20220613-073819-192-192.txt
0521,358,20220614,062451,211-0,080601,193-193,0521_358-20220614/0521_358-20220614-062451-211-0.json,0521_358-20220614/0521_358-20220614-080601-193-193.json,0521_358-20220614/0521_358-20220614-062451-211-0.txt,0521_358-20220614/0521_358-20220614-080601-193-193.txt
0521,358,20220615,061440,209-0,075536,196-196,0521_358-20220615/0521_358-20220615-061440-209-0.json,0521_358-20220615/0521_358-20220615-075536-196-196.json,0521_358-20220615/0521_358-20220615-061440-209-0.txt,0521_358-20220615/0521_358-20220615-075536-196-196.txt
0521,358,20220616,061006,175-0,073549,166-166,0521_358-20220616/0521_358-20220616-061006-175-0.json,0521_358-20220616/0521_358-20220616-073549-166-166.json,0521_358-20220616/0521_358-20220616-061006-175-0.txt,0521_358-20220616/0521_358-20220616-073549-166-166.txt
0521,358,20220617,055059,163-0,070517,153-153,0521_358-20220617/0521_358-20220617-055059-163-0.json,0521_358-20220617/0521_358-20220617-070517-153-153.json,0521_358-20220617/0521_358-20220617-055059-163-0.txt,0521_358-20220617/0521_358-20220617-070517-153-153.txt
0521,358,20220621,062207,225-0,080806,174-174,0521_358-20220621/0521_358-20220621-062207-225-0.json,0521_358-20220621/0521_358-20220621-080806-174-174.json,0521_358-20220621/0521_358-20220621-062207-225-0.txt,0521_358-20220621/0521_358-20220621-080806-174-174.txt
0521,358,20220622,064935,215-0,081813,195-195,0521_358-20220622/0521_358-20220622-064935-215-0.json,0521_358-20220622/0521_358-20220622-081813-195-195.json,0521_358-20220622/0521_358-20220622-064935-215-0.txt,0521_358-20220622/0521_358-20220622-081813-195-195.txt
0521,359,20220530,061150,113-0,065634,116-116,0521_359-20220530/0521_359-20220530-061150-113-0.json,0521_359-20220530/0521_359-20220530-065634-116-116.json,0521_359-20220530/0521_359-20220530-061150-113-0.txt,0521_359-20220530/0521_359-20220530-065634-116-116.txt
0521,359,20220531,054542,103-0,064500,102-102,0521_359-20220531/0521_359-20220531-054542-103-0.json,0521_359-20220531/0521_359-20220531-064500-102-102.json,0521_359-20220531/0521_359-20220531-054542-103-0.txt,0521_359-20220531/0521_359-20220531-064500-102-102.txt
0521,359,20220601,055748,137-0,070023,132-132,0521_359-20220601/0521_359-20220601-055748-137-0.json,0521_359-20220601/0521_359-20220601-070023-132-132.json,0521_359-20220601/0521_359-20220601-055748-137-0.txt,0521_359-20220601/0521_359-20220601-070023-132-132.txt
0521,359,20220602,060657,137-0,071320,132-132,0521_359-20220602/0521_359-20220602-060657-137-0.json,0521_359-20220602/0521_359-20220602-071320-132-132.json,0521_359-20220602/0521_359-20220602-060657-137-0.txt,0521_359-20220602/0521_359-20220602-071320-132-132.txt
0521,359,20220603,061731,137-0,070435,132-132,0521_359-20220603/0521_359-20220603-061731-137-0.json,0521_359-20220603/0521_359-20220603-070435-132-132.json,0521_359-20220603/0521_359-20220603-061731-137-0.txt,0521_359-20220603/0521_359-20220603-070435-132-132.txt
0521,359,20220607,060810,105-0,071250,101-101,0521_359-20220607/0521_359-20220607-060810-105-0.json,0521_359-20220607/0521_359-20220607-071250-101-101.json,0521_359-20220607/0521_359-20220607-060810-105-0.txt,0521_359-20220607/0521_359-20220607-071250-101-101.txt
0521,359,20220608,060721,132-0,071310,126-126,0521_359-20220608/0521_359-20220608-060721-132-0.json,0521_359-20220608/0521_359-20220608-071310-126-126.json,0521_359-20220608/0521_359-20220608-060721-132-0.txt,0521_359-20220608/0521_359-20220608-071310-126-126.txt
0521,359,20220609,062936,135-0,071752,128-128,0521_359-20220609/0521_359-20220609-062936-135-0.json,0521_359-20220609/0521_359-20220609-071752-128-128.json,0521_359-20220609/0521_359-20220609-062936-135-0.txt,0521_359-20220609/0521_359-20220609-071752-128-128.txt
0521,359,20220610,061356,138-0,070833,126-126,0521_359-20220610/0521_359-20220610-061356-138-0.json,0521_359-20220610/0521_359-20220610-070833-126-126.json,0521_359-20220610/0521_359-20220610-061356-138-0.txt,0521_359-20220610/0521_359-20220610-070833-126-126.txt
0521,359,20220613,055907,115-0,065654,112-112,0521_359-20220613/0521_359-20220613-055907-115-0.json,0521_359-20220613/0521_359-20220613-065654-112-112.json,0521_359-20220613/0521_359-20220613-055907-115-0.txt,0521_359-20220613/0521_359-20220613-065654-112-112.txt
0521,359,20220614,060121,125-0,065650,124-124,0521_359-20220614/0521_359-20220614-060121-125-0.json,0521_359-20220614/0521_359-20220614-065650-124-124.json,0521_359-20220614/0521_359-20220614-060121-125-0.txt,0521_359-20220614/0521_359-20220614-065650-124-124.txt
0521,359,20220615,061232,123-0,071059,114-114,0521_359-20220615/0521_359-20220615-061232-123-0.json,0521_359-20220615/0521_359-20220615-071059-114-114.json,0521_359-20220615/0521_359-20220615-061232-123-0.txt,0521_359-20220615/0521_359-20220615-071059-114-114.txt
0521,359,20220616,063422,129-121,065718,129-129,0521_359-20220616/0521_359-20220616-063422-129-121.json,0521_359-20220616/0521_359-20220616-065718-129-129.json,0521_359-20220616/0521_359-20220616-063422-129-121.txt,0521_359-20220616/0521_359-20220616-065718-129-129.txt
0521,359,20220617,054321,106-0,063414,104-104,0521_359-20220617/0521_359-20220617-054321-106-0.json,0521_359-20220617/0521_359-20220617-063414-104-104.json,0521_359-20220617/0521_359-20220617-054321-106-0.txt,0521_359-20220617/0521_359-20220617-063414-104-104.txt
0521,359,20220618,054552,42-0,064454,45-45,0521_359-20220618/0521_359-20220618-054552-42-0.json,0521_359-20220618/0521_359-20220618-064454-45-45.json,0521_359-20220618/0521_359-20220618-054552-42-0.txt,0521_359-20220618/0521_359-20220618-064454-45-45.txt
0521,359,20220620,054046,105-0,064335,104-104,0521_359-20220620/0521_359-20220620-054046-105-0.json,0521_359-20220620/0521_359-20220620-064335-104-104.json,0521_359-20220620/0521_359-20220620-054046-105-0.txt,0521_359-20220620/0521_359-20220620-064335-104-104.txt
0521,359,20220621,060015,136-0,065219,131-131,0521_359-20220621/0521_359-20220621-060015-136-0.json,0521_359-20220621/0521_359-20220621-065219-131-131.json,0521_359-20220621/0521_359-20220621-060015-136-0.txt,0521_359-20220621/0521_359-20220621-065219-131-131.txt
0521,359,20220622,060005,135-0,070401,133-133,0521_359-20220622/0521_359-20220622-060005-135-0.json,0521_359-20220622/0521_359-20220622-070401-133-133.json,0521_359-20220622/0521_359-20220622-060005-135-0.txt,0521_359-20220622/0521_359-20220622-070401-133-133.txt
0521,360,20220531,085214,156-0,100522,153-153,0521_360-20220531/0521_360-20220531-085214-156-0.json,0521_360-20220531/0521_360-20220531-100522-153-153.json,0521_360-20220531/0521_360-20220531-085214-156-0.txt,0521_360-20220531/0521_360-20220531-100522-153-153.txt
0521,360,20220601,083635,136-0,092900,132-132,0521_360-20220601/0521_360-20220601-083635-136-0.json,0521_360-20220601/0521_360-20220601-092900-132-132.json,0521_360-20220601/0521_360-20220601-083635-136-0.txt,0521_360-20220601/0521_360-20220601-092900-132-132.txt
0521,360,20220602,082424,94-0,085818,92-92,0521_360-20220602/0521_360-20220602-082424-94-0.json,0521_360-20220602/0521_360-20220602-085818-92-92.json,0521_360-20220602/0521_360-20220602-082424-94-0.txt,0521_360-20220602/0521_360-20220602-085818-92-92.txt
0521,360,20220603,082719,111-0,091858,109-109,0521_360-20220603/0521_360-20220603-082719-111-0.json,0521_360-20220603/0521_360-20220603-091858-109-109.json,0521_360-20220603/0521_360-20220603-082719-111-0.txt,0521_360-20220603/0521_360-20220603-091858-109-109.txt
0521,360,20220604,055032,65-0,062622,64-64,0521_360-20220604/0521_360-20220604-055032-65-0.json,0521_360-20220604/0521_360-20220604-062622-64-64.json,0521_360-20220604/0521_360-20220604-055032-65-0.txt,0521_360-20220604/0521_360-20220604-062622-64-64.txt
0521,360,20220607,081730,101-0,091521,102-102,0521_360-20220607/0521_360-20220607-081730-101-0.json,0521_360-20220607/0521_360-20220607-091521-102-102.json,0521_360-20220607/0521_360-20220607-081730-101-0.txt,0521_360-20220607/0521_360-20220607-091521-102-102.txt
0521,360,20220608,085614,146-0,103425,144-144,0521_360-20220608/0521_360-20220608-085614-146-0.json,0521_360-20220608/0521_360-20220608-103425-144-144.json,0521_360-20220608/0521_360-20220608-085614-146-0.txt,0521_360-20220608/0521_360-20220608-103425-144-144.txt
0521,360,20220609,084509,162-0,100726,161-161,0521_360-20220609/0521_360-20220609-084509-162-0.json,0521_360-20220609/0521_360-20220609-100726-161-161.json,0521_360-20220609/0521_360-20220609-084509-162-0.txt,0521_360-20220609/0521_360-20220609-100726-161-161.txt
0521,360,20220610,084837,114-0,094746,116-116,0521_360-20220610/0521_360-20220610-084837-114-0.json,0521_360-20220610/0521_360-20220610-094746-116-116.json,0521_360-20220610/0521_360-20220610-084837-114-0.txt,0521_360-20220610/0521_360-20220610-094746-116-116.txt
0521,360,20220614,091404,142-0,103752,141-141,0521_360-20220614/0521_360-20220614-091404-142-0.json,0521_360-20220614/0521_360-20220614-103752-141-141.json,0521_360-20220614/0521_360-20220614-091404-142-0.txt,0521_360-20220614/0521_360-20220614-103752-141-141.txt
0521,360,20220615,084022,134-0,093845,134-134,0521_360-20220615/0521_360-20220615-084022-134-0.json,0521_360-20220615/0521_360-20220615-093845-134-134.json,0521_360-20220615/0521_360-20220615-084022-134-0.txt,0521_360-20220615/0521_360-20220615-093845-134-134.txt
0521,360,20220616,085301,136-0,100023,136-136,0521_360-20220616/0521_360-20220616-085301-136-0.json,0521_360-20220616/0521_360-20220616-100023-136-136.json,0521_360-20220616/0521_360-20220616-085301-136-0.txt,0521_360-20220616/0521_360-20220616-100023-136-136.txt
0521,360,20220617,082911,134-0,092728,133-133,0521_360-20220617/0521_360-20220617-082911-134-0.json,0521_360-20220617/0521_360-20220617-092728-133-133.json,0521_360-20220617/0521_360-20220617-082911-134-0.txt,0521_360-20220617/0521_360-20220617-092728-133-133.txt
0521,360,20220620,081144,85-0,084010,79-79,0521_360-20220620/0521_360-20220620-081144-85-0.json,0521_360-20220620/0521_360-20220620-084010-79-79.json,0521_360-20220620/0521_360-20220620-081144-85-0.txt,0521_360-20220620/0521_360-20220620-084010-79-79.txt
0521,360,20220621,082723,131-0,092940,139-139,0521_360-20220621/0521_360-20220621-082723-131-0.json,0521_360-20220621/0521_360-20220621-092940-139-139.json,0521_360-20220621/0521_360-20220621-082723-131-0.txt,0521_360-20220621/0521_360-20220621-092940-139-139.txt
0521,360,20220622,082025,146-0,091144,140-140,0521_360-20220622/0521_360-20220622-082025-146-0.json,0521_360-20220622/0521_360-20220622-091144-140-140.json,0521_360-20220622/0521_360-20220622-082025-146-0.txt,0521_360-20220622/0521_360-20220622-091144-140-140.txt
0521,361,20220530,062312,202-0,072800,179-179,0521_361-20220530/0521_361-20220530-062312-202-0.json,0521_361-20220530/0521_361-20220530-072800-179-179.json,0521_361-20220530/0521_361-20220530-062312-202-0.txt,0521_361-20220530/0521_361-20220530-072800-179-179.txt
0521,361,20220531,055918,284-0,071736,180-180,0521_361-20220531/0521_361-20220531-055918-284-0.json,0521_361-20220531/0521_361-20220531-071736-180-180.json,0521_361-20220531/0521_361-20220531-055918-284-0.txt,0521_361-20220531/0521_361-20220531-071736-180-180.txt
0521,361,20220601,060811,253-0,072115,239-239,0521_361-20220601/0521_361-20220601-060811-253-0.json,0521_361-20220601/0521_361-20220601-072115-239-239.json,0521_361-20220601/0521_361-20220601-060811-253-0.txt,0521_361-20220601/0521_361-20220601-072115-239-239.txt
0521,361,20220602,055510,221-0,071431,190-190,0521_361-20220602/0521_361-20220602-055510-221-0.json,0521_361-20220602/0521_361-20220602-071431-190-190.json,0521_361-20220602/0521_361-20220602-055510-221-0.txt,0521_361-20220602/0521_361-20220602-071431-190-190.txt
0521,361,20220603,055249,210-0,065440,154-154,0521_361-20220603/0521_361-20220603-055249-210-0.json,0521_361-20220603/0521_361-20220603-065440-154-154.json,0521_361-20220603/0521_361-20220603-055249-210-0.txt,0521_361-20220603/0521_361-20220603-065440-154-154.txt
0521,361,20220608,055430,231-0,070129,173-173,0521_361-20220608/0521_361-20220608-055430-231-0.json,0521_361-20220608/0521_361-20220608-070129-173-173.json,0521_361-20220608/0521_361-20220608-055430-231-0.txt,0521_361-20220608/0521_361-20220608-070129-173-173.txt
0521,361,20220609,061429,226-0,072053,170-170,0521_361-20220609/0521_361-20220609-061429-226-0.json,0521_361-20220609/0521_361-20220609-072053-170-170.json,0521_361-20220609/0521_361-20220609-061429-226-0.txt,0521_361-20220609/0521_361-20220609-072053-170-170.txt
0521,361,20220610,061253,232-0,071052,185-185,0521_361-20220610/0521_361-20220610-061253-232-0.json,0521_361-20220610/0521_361-20220610-071052-185-185.json,0521_361-20220610/0521_361-20220610-061253-232-0.txt,0521_361-20220610/0521_361-20220610-071052-185-185.txt
0521,361,20220611,054123,40-0,063255,44-44,0521_361-20220611/0521_361-20220611-054123-40-0.json,0521_361-20220611/0521_361-20220611-063255-44-44.json,0521_361-20220611/0521_361-20220611-054123-40-0.txt,0521_361-20220611/0521_361-20220611-063255-44-44.txt
0521,361,20220613,060946,206-0,071641,198-198,0521_361-20220613/0521_361-20220613-060946-206-0.json,0521_361-20220613/0521_361-20220613-071641-198-198.json,0521_361-20220613/0521_361-20220613-060946-206-0.txt,0521_361-20220613/0521_361-20220613-071641-198-198.txt
0521,361,20220614,062214,228-0,074153,194-194,0521_361-20220614/0521_361-20220614-062214-228-0.json,0521_361-20220614/0521_361-20220614-074153-194-194.json,0521_361-20220614/0521_361-20220614-062214-228-0.txt,0521_361-20220614/0521_361-20220614-074153-194-194.txt
0521,361,20220615,051224,218-0,071718,173-173,0521_361-20220615/0521_361-20220615-051224-218-0.json,0521_361-20220615/0521_361-20220615-071718-173-173.json,0521_361-20220615/0521_361-20220615-051224-218-0.txt,0521_361-20220615/0521_361-20220615-071718-173-173.txt
0521,361,20220616,055948,189-0,065854,155-155,0521_361-20220616/0521_361-20220616-055948-189-0.json,0521_361-20220616/0521_361-20220616-065854-155-155.json,0521_361-20220616/0521_361-20220616-055948-189-0.txt,0521_361-20220616/0521_361-20220616-065854-155-155.txt
0521,361,20220617,060259,201-0,070348,168-168,0521_361-20220617/0521_361-20220617-060259-201-0.json,0521_361-20220617/0521_361-20220617-070348-168-168.json,0521_361-20220617/0521_361-20220617-060259-201-0.txt,0521_361-20220617/0521_361-20220617-070348-168-168.txt
0521,361,20220620,054247,153-0,064354,151-151,0521_361-20220620/0521_361-20220620-054247-153-0.json,0521_361-20220620/0521_361-20220620-064354-151-151.json,0521_361-20220620/0521_361-20220620-054247-153-0.txt,0521_361-20220620/0521_361-20220620-064354-151-151.txt
0521,361,20220621,061809,209-0,072752,181-181,0521_361-20220621/0521_361-20220621-061809-209-0.json,0521_361-20220621/0521_361-20220621-072752-181-181.json,0521_361-20220621/0521_361-20220621-061809-209-0.txt,0521_361-20220621/0521_361-20220621-072752-181-181.txt
0521,361,20220622,060123,207-0,065800,186-186,0521_361-20220622/0521_361-20220622-060123-207-0.json,0521_361-20220622/0521_361-20220622-065800-186-186.json,0521_361-20220622/0521_361-20220622-060123-207-0.txt,0521_361-20220622/0521_361-20220622-065800-186-186.txt
0521,362,20220530,063154,158-0,075653,154-154,0521_362-20220530/0521_362-20220530-063154-158-0.json,0521_362-20220530/0521_362-20220530-075653-154-154.json,0521_362-20220530/0521_362-20220530-063154-158-0.txt,0521_362-20220530/0521_362-20220530-075653-154-154.txt
0521,362,20220531,062948,147-0,073839,146-146,0521_362-20220531/0521_362-20220531-062948-147-0.json,0521_362-20220531/0521_362-20220531-073839-146-146.json,0521_362-20220531/0521_362-20220531-062948-147-0.txt,0521_362-20220531/0521_362-20220531-073839-146-146.txt
0521,362,20220601,062957,167-0,080944,161-161,0521_362-20220601/0521_362-20220601-062957-167-0.json,0521_362-20220601/0521_362-20220601-080944-161-161.json,0521_362-20220601/0521_362-20220601-062957-167-0.txt,0521_362-20220601/0521_362-20220601-080944-161-161.txt
0521,362,20220602,062250,152-0,074326,148-148,0521_362-20220602/0521_362-20220602-062250-152-0.json,0521_362-20220602/0521_362-20220602-074326-148-148.json,0521_362-20220602/0521_362-20220602-062250-152-0.txt,0521_362-20220602/0521_362-20220602-074326-148-148.txt
0521,362,20220603,062141,141-0,074031,139-139,0521_362-20220603/0521_362-20220603-062141-141-0.json,0521_362-20220603/0521_362-20220603-074031-139-139.json,0521_362-20220603/0521_362-20220603-062141-141-0.txt,0521_362-20220603/0521_362-20220603-074031-139-139.txt
0521,362,20220607,063116,124-0,075836,123-123,0521_362-20220607/0521_362-20220607-063116-124-0.json,0521_362-20220607/0521_362-20220607-075836-123-123.json,0521_362-20220607/0521_362-20220607-063116-124-0.txt,0521_362-20220607/0521_362-20220607-075836-123-123.txt
0521,362,20220608,062625,153-0,074321,150-150,0521_362-20220608/0521_362-20220608-062625-153-0.json,0521_362-20220608/0521_362-20220608-074321-150-150.json,0521_362-20220608/0521_362-20220608-062625-153-0.txt,0521_362-20220608/0521_362-20220608-074321-150-150.txt
0521,362,20220609,062716,147-0,073849,144-144,0521_362-20220609/0521_362-20220609-062716-147-0.json,0521_362-20220609/0521_362-20220609-073849-144-144.json,0521_362-20220609/0521_362-20220609-062716-147-0.txt,0521_362-20220609/0521_362-20220609-073849-144-144.txt
0521,362,20220610,062629,143-0,075959,141-141,0521_362-20220610/0521_362-20220610-062629-143-0.json,0521_362-20220610/0521_362-20220610-075959-141-141.json,0521_362-20220610/0521_362-20220610-062629-143-0.txt,0521_362-20220610/0521_362-20220610-075959-141-141.txt
0521,362,20220611,063151,53-0,071422,52-52,0521_362-20220611/0521_362-20220611-063151-53-0.json,0521_362-20220611/0521_362-20220611-071422-52-52.json,0521_362-20220611/0521_362-20220611-063151-53-0.txt,0521_362-20220611/0521_362-20220611-071422-52-52.txt
0521,362,20220613,062846,141-0,075202,138-138,0521_362-20220613/0521_362-20220613-062846-141-0.json,0521_362-20220613/0521_362-20220613-075202-138-138.json,0521_362-20220613/0521_362-20220613-062846-141-0.txt,0521_362-20220613/0521_362-20220613-075202-138-138.txt
0521,362,20220614,062750,154-0,080210,162-162,0521_362-20220614/0521_362-20220614-062750-154-0.json,0521_362-20220614/0521_362-20220614-080210-162-162.json,0521_362-20220614/0521_362-20220614-062750-154-0.txt,0521_362-20220614/0521_362-20220614-080210-162-162.txt
0521,362,20220615,063551,141-0,075018,140-140,0521_362-20220615/0521_362-20220615-063551-141-0.json,0521_362-20220615/0521_362-20220615-075018-140-140.json,0521_362-20220615/0521_362-20220615-063551-141-0.txt,0521_362-20220615/0521_362-20220615-075018-140-140.txt
0521,362,20220616,064242,150-0,080747,147-147,0521_362-20220616/0521_362-20220616-064242-150-0.json,0521_362-20220616/0521_362-20220616-080747-147-147.json,0521_362-20220616/0521_362-20220616-064242-150-0.txt,0521_362-20220616/0521_362-20220616-080747-147-147.txt
0521,362,20220617,062107,133-0,073239,132-132,0521_362-20220617/0521_362-20220617-062107-133-0.json,0521_362-20220617/0521_362-20220617-073239-132-132.json,0521_362-20220617/0521_362-20220617-062107-133-0.txt,0521_362-20220617/0521_362-20220617-073239-132-132.txt
0521,362,20220620,060517,113-0,071149,108-108,0521_362-20220620/0521_362-20220620-060517-113-0.json,0521_362-20220620/0521_362-20220620-071149-108-108.json,0521_362-20220620/0521_362-20220620-060517-113-0.txt,0521_362-20220620/0521_362-20220620-071149-108-108.txt
0521,362,20220621,062707,139-0,072533,136-136,0521_362-20220621/0521_362-20220621-062707-139-0.json,0521_362-20220621/0521_362-20220621-072533-136-136.json,0521_362-20220621/0521_362-20220621-062707-139-0.txt,0521_362-20220621/0521_362-20220621-072533-136-136.txt
0521,362,20220622,063030,149-0,075437,144-144,0521_362-20220622/0521_362-20220622-063030-149-0.json,0521_362-20220622/0521_362-20220622-075437-144-144.json,0521_362-20220622/0521_362-20220622-063030-149-0.txt,0521_362-20220622/0521_362-20220622-075437-144-144.txt
0521,363,20220530,062326,181-0,071546,179-179,0521_363-20220530/0521_363-20220530-062326-181-0.json,0521_363-20220530/0521_363-20220530-071546-179-179.json,0521_363-20220530/0521_363-20220530-062326-181-0.txt,0521_363-20220530/0521_363-20220530-071546-179-179.txt
0521,363,20220531,061655,217-0,072816,211-211,0521_363-20220531/0521_363-20220531-061655-217-0.json,0521_363-20220531/0521_363-20220531-072816-211-211.json,0521_363-20220531/0521_363-20220531-061655-217-0.txt,0521_363-20220531/0521_363-20220531-072816-211-211.txt
0521,363,20220601,060247,223-0,072301,220-220,0521_363-20220601/0521_363-20220601-060247-223-0.json,0521_363-20220601/0521_363-20220601-072301-220-220.json,0521_363-20220601/0521_363-20220601-060247-223-0.txt,0521_363-20220601/0521_363-20220601-072301-220-220.txt
0521,363,20220602,055501,199-0,070742,198-198,0521_363-20220602/0521_363-20220602-055501-199-0.json,0521_363-20220602/0521_363-20220602-070742-198-198.json,0521_363-20220602/0521_363-20220602-055501-199-0.txt,0521_363-20220602/0521_363-20220602-070742-198-198.txt
0521,363,20220603,053715,159-0,062940,147-147,0521_363-20220603/0521_363-20220603-053715-159-0.json,0521_363-20220603/0521_363-20220603-062940-147-147.json,0521_363-20220603/0521_363-20220603-053715-159-0.txt,0521_363-20220603/0521_363-20220603-062940-147-147.txt
0521,363,20220604,060204,82-0,063855,82-82,0521_363-20220604/0521_363-20220604-060204-82-0.json,0521_363-20220604/0521_363-20220604-063855-82-82.json,0521_363-20220604/0521_363-20220604-060204-82-0.txt,0521_363-20220604/0521_363-20220604-063855-82-82.txt
0521,363,20220607,055241,157-0,070310,154-154,0521_363-20220607/0521_363-20220607-055241-157-0.json,0521_363-20220607/0521_363-20220607-070310-154-154.json,0521_363-20220607/0521_363-20220607-055241-157-0.txt,0521_363-20220607/0521_363-20220607-070310-154-154.txt
0521,363,20220608,054902,210-0,065503,209-209,0521_363-20220608/0521_363-20220608-054902-210-0.json,0521_363-20220608/0521_363-20220608-065503-209-209.json,0521_363-20220608/0521_363-20220608-054902-210-0.txt,0521_363-20220608/0521_363-20220608-065503-209-209.txt
0521,363,20220609,062541,218-0,072122,212-212,0521_363-20220609/0521_363-20220609-062541-218-0.json,0521_363-20220609/0521_363-20220609-072122-212-212.json,0521_363-20220609/0521_363-20220609-062541-218-0.txt,0521_363-20220609/0521_363-20220609-072122-212-212.txt
0521,363,20220610,060651,204-0,071912,204-204,0521_363-20220610/0521_363-20220610-060651-204-0.json,0521_363-20220610/0521_363-20220610-071912-204-204.json,0521_363-20220610/0521_363-20220610-060651-204-0.txt,0521_363-20220610/0521_363-20220610-071912-204-204.txt
0521,363,20220613,061027,195-0,070817,196-196,0521_363-20220613/0521_363-20220613-061027-195-0.json,0521_363-20220613/0521_363-20220613-070817-196-196.json,0521_363-20220613/0521_363-20220613-061027-195-0.txt,0521_363-20220613/0521_363-20220613-070817-196-196.txt
0521,363,20220614,061236,209-0,073343,197-197,0521_363-20220614/0521_363-20220614-061236-209-0.json,0521_363-20220614/0521_363-20220614-073343-197-197.json,0521_363-20220614/0521_363-20220614-061236-209-0.txt,0521_363-20220614/0521_363-20220614-073343-197-197.txt
0521,363,20220615,060646,222-0,071320,216-216,0521_363-20220615/0521_363-20220615-060646-222-0.json,0521_363-20220615/0521_363-20220615-071320-216-216.json,0521_363-20220615/0521_363-20220615-060646-222-0.txt,0521_363-20220615/0521_363-20220615-071320-216-216.txt
0521,363,20220616,060132,191-0,065405,190-190,0521_363-20220616/0521_363-20220616-060132-191-0.json,0521_363-20220616/0521_363-20220616-065405-190-190.json,0521_363-20220616/0521_363-20220616-060132-191-0.txt,0521_363-20220616/0521_363-20220616-065405-190-190.txt
0521,363,20220617,055058,171-0,064657,171-171,0521_363-20220617/0521_363-20220617-055058-171-0.json,0521_363-20220617/0521_363-20220617-064657-171-171.json,0521_363-20220617/0521_363-20220617-055058-171-0.txt,0521_363-20220617/0521_363-20220617-064657-171-171.txt
0521,363,20220620,054856,138-0,063604,135-135,0521_363-20220620/0521_363-20220620-054856-138-0.json,0521_363-20220620/0521_363-20220620-063604-135-135.json,0521_363-20220620/0521_363-20220620-054856-138-0.txt,0521_363-20220620/0521_363-20220620-063604-135-135.txt
0521,363,20220621,061418,221-0,071535,219-219,0521_363-20220621/0521_363-20220621-061418-221-0.json,0521_363-20220621/0521_363-20220621-071535-219-219.json,0521_363-20220621/0521_363-20220621-061418-221-0.txt,0521_363-20220621/0521_363-20220621-071535-219-219.txt
0521,363,20220622,055534,172-0,064422,168-168,0521_363-20220622/0521_363-20220622-055534-172-0.json,0521_363-20220622/0521_363-20220622-064422-168-168.json,0521_363-20220622/0521_363-20220622-055534-172-0.txt,0521_363-20220622/0521_363-20220622-064422-168-168.txt
0521,364,20220530,061124,125-0,073815,118-118,0521_364-20220530/0521_364-20220530-061124-125-0.json,0521_364-20220530/0521_364-20220530-073815-118-118.json,0521_364-20220530/0521_364-20220530-061124-125-0.txt,0521_364-20220530/0521_364-20220530-073815-118-118.txt
0521,364,20220531,055729,145-0,070658,139-139,0521_364-20220531/0521_364-20220531-055729-145-0.json,0521_364-20220531/0521_364-20220531-070658-139-139.json,0521_364-20220531/0521_364-20220531-055729-145-0.txt,0521_364-20220531/0521_364-20220531-070658-139-139.txt
0521,364,20220601,060707,146-0,070650,135-135,0521_364-20220601/0521_364-20220601-060707-146-0.json,0521_364-20220601/0521_364-20220601-070650-135-135.json,0521_364-20220601/0521_364-20220601-060707-146-0.txt,0521_364-20220601/0521_364-20220601-070650-135-135.txt
0521,364,20220602,055512,143-0,073343,139-139,0521_364-20220602/0521_364-20220602-055512-143-0.json,0521_364-20220602/0521_364-20220602-073343-139-139.json,0521_364-20220602/0521_364-20220602-055512-143-0.txt,0521_364-20220602/0521_364-20220602-073343-139-139.txt
0521,364,20220603,055249,123-0,061143,113-113,0521_364-20220603/0521_364-20220603-055249-123-0.json,0521_364-20220603/0521_364-20220603-061143-113-113.json,0521_364-20220603/0521_364-20220603-055249-123-0.txt,0521_364-20220603/0521_364-20220603-061143-113-113.txt
0521,364,20220607,055342,128-0,065001,116-116,0521_364-20220607/0521_364-20220607-055342-128-0.json,0521_364-20220607/0521_364-20220607-065001-116-116.json,0521_364-20220607/0521_364-20220607-055342-128-0.txt,0521_364-20220607/0521_364-20220607-065001-116-116.txt
0521,364,20220608,055229,131-0,064925,129-129,0521_364-20220608/0521_364-20220608-055229-131-0.json,0521_364-20220608/0521_364-20220608-064925-129-129.json,0521_364-20220608/0521_364-20220608-055229-131-0.txt,0521_364-20220608/0521_364-20220608-064925-129-129.txt
0521,364,20220609,055640,133-0,071934,126-126,0521_364-20220609/0521_364-20220609-055640-133-0.json,0521_364-20220609/0521_364-20220609-071934-126-126.json,0521_364-20220609/0521_364-20220609-055640-133-0.txt,0521_364-20220609/0521_364-20220609-071934-126-126.txt
0521,364,20220610,055437,129-0,065653,137-137,0521_364-20220610/0521_364-20220610-055437-129-0.json,0521_364-20220610/0521_364-20220610-065653-137-137.json,0521_364-20220610/0521_364-20220610-055437-129-0.txt,0521_364-20220610/0521_364-20220610-065653-137-137.txt
0521,364,20220620,052813,90-0,063731,86-86,0521_364-20220620/0521_364-20220620-052813-90-0.json,0521_364-20220620/0521_364-20220620-063731-86-86.json,0521_364-20220620/0521_364-20220620-052813-90-0.txt,0521_364-20220620/0521_364-20220620-063731-86-86.txt
0521,364,20220621,055936,124-0,065445,120-120,0521_364-20220621/0521_364-20220621-055936-124-0.json,0521_364-20220621/0521_364-20220621-065445-120-120.json,0521_364-20220621/0521_364-20220621-055936-124-0.txt,0521_364-20220621/0521_364-20220621-065445-120-120.txt
0521,364,20220622,054839,132-0,065155,124-124,0521_364-20220622/0521_364-20220622-054839-132-0.json,0521_364-20220622/0521_364-20220622-065155-124-124.json,0521_364-20220622/0521_364-20220622-054839-132-0.txt,0521_364-20220622/0521_364-20220622-065155-124-124.txt
0521,365,20220530,084614,144-0,084614,144-0,0521_365-20220530/0521_365-20220530-084614-144-0.json,0521_365-20220530/0521_365-20220530-084614-144-0.json,0521_365-20220530/0521_365-20220530-084614-144-0.txt,0521_365-20220530/0521_365-20220530-084614-144-0.txt
0521,365,20220531,085916,181-0,102631,160-160,0521_365-20220531/0521_365-20220531-085916-181-0.json,0521_365-20220531/0521_365-20220531-102631-160-160.json,0521_365-20220531/0521_365-20220531-085916-181-0.txt,0521_365-20220531/0521_365-20220531-102631-160-160.txt
0521,365,20220601,083857,143-0,095048,139-139,0521_365-20220601/0521_365-20220601-083857-143-0.json,0521_365-20220601/0521_365-20220601-095048-139-139.json,0521_365-20220601/0521_365-20220601-083857-143-0.txt,0521_365-20220601/0521_365-20220601-095048-139-139.txt
0521,365,20220602,084114,116-0,091625,112-112,0521_365-20220602/0521_365-20220602-084114-116-0.json,0521_365-20220602/0521_365-20220602-091625-112-112.json,0521_365-20220602/0521_365-20220602-084114-116-0.txt,0521_365-20220602/0521_365-20220602-091625-112-112.txt
0521,365,20220603,083424,109-0,092249,105-105,0521_365-20220603/0521_365-20220603-083424-109-0.json,0521_365-20220603/0521_365-20220603-092249-105-105.json,0521_365-20220603/0521_365-20220603-083424-109-0.txt,0521_365-20220603/0521_365-20220603-092249-105-105.txt
0521,365,20220604,053728,43-0,061551,47-47,0521_365-20220604/0521_365-20220604-053728-43-0.json,0521_365-20220604/0521_365-20220604-061551-47-47.json,0521_365-20220604/0521_365-20220604-053728-43-0.txt,0521_365-20220604/0521_365-20220604-061551-47-47.txt
0521,365,20220607,084112,115-0,092723,111-111,0521_365-20220607/0521_365-20220607-084112-115-0.json,0521_365-20220607/0521_365-20220607-092723-111-111.json,0521_365-20220607/0521_365-20220607-084112-115-0.txt,0521_365-20220607/0521_365-20220607-092723-111-111.txt
0521,365,20220608,085741,166-0,100810,162-162,0521_365-20220608/0521_365-20220608-085741-166-0.json,0521_365-20220608/0521_365-20220608-100810-162-162.json,0521_365-20220608/0521_365-20220608-085741-166-0.txt,0521_365-20220608/0521_365-20220608-100810-162-162.txt
0521,365,20220609,084208,142-0,093920,137-137,0521_365-20220609/0521_365-20220609-084208-142-0.json,0521_365-20220609/0521_365-20220609-093920-137-137.json,0521_365-20220609/0521_365-20220609-084208-142-0.txt,0521_365-20220609/0521_365-20220609-093920-137-137.txt
0521,365,20220610,085356,154-154,094749,153-153,0521_365-20220610/0521_365-20220610-085356-154-154.json,0521_365-20220610/0521_365-20220610-094749-153-153.json,0521_365-20220610/0521_365-20220610-085356-154-154.txt,0521_365-20220610/0521_365-20220610-094749-153-153.txt
0521,365,20220613,083804,124-0,092655,119-119,0521_365-20220613/0521_365-20220613-083804-124-0.json,0521_365-20220613/0521_365-20220613-092655-119-119.json,0521_365-20220613/0521_365-20220613-083804-124-0.txt,0521_365-20220613/0521_365-20220613-092655-119-119.txt
0521,365,20220614,084059,142-0,093421,133-133,0521_365-20220614/0521_365-20220614-084059-142-0.json,0521_365-20220614/0521_365-20220614-093421-133-133.json,0521_365-20220614/0521_365-20220614-084059-142-0.txt,0521_365-20220614/0521_365-20220614-093421-133-133.txt
0521,365,20220615,084059,138-0,093553,129-129,0521_365-20220615/0521_365-20220615-084059-138-0.json,0521_365-20220615/0521_365-20220615-093553-129-129.json,0521_365-20220615/0521_365-20220615-084059-138-0.txt,0521_365-20220615/0521_365-20220615-093553-129-129.txt
0521,365,20220616,084306,109-109,091005,109-109,0521_365-20220616/0521_365-20220616-084306-109-109.json,0521_365-20220616/0521_365-20220616-091005-109-109.json,0521_365-20220616/0521_365-20220616-084306-109-109.txt,0521_365-20220616/0521_365-20220616-091005-109-109.txt
0521,365,20220617,083940,109-0,092728,102-102,0521_365-20220617/0521_365-20220617-083940-109-0.json,0521_365-20220617/0521_365-20220617-092728-102-102.json,0521_365-20220617/0521_365-20220617-083940-109-0.txt,0521_365-20220617/0521_365-20220617-092728-102-102.txt
0521,365,20220620,082434,79-0,085047,78-78,0521_365-20220620/0521_365-20220620-082434-79-0.json,0521_365-20220620/0521_365-20220620-085047-78-78.json,0521_365-20220620/0521_365-20220620-082434-79-0.txt,0521_365-20220620/0521_365-20220620-085047-78-78.txt
0521,365,20220621,083020,120-0,092524,131-131,0521_365-20220621/0521_365-20220621-083020-120-0.json,0521_365-20220621/0521_365-20220621-092524-131-131.json,0521_365-20220621/0521_365-20220621-083020-120-0.txt,0521_365-20220621/0521_365-20220621-092524-131-131.txt
0521,365,20220622,083131,124-0,092158,125-125,0521_365-20220622/0521_365-20220622-083131-124-0.json,0521_365-20220622/0521_365-20220622-092158-125-125.json,0521_365-20220622/0521_365-20220622-083131-124-0.txt,0521_365-20220622/0521_365-20220622-092158-125-125.txt
0521,366,20220530,061837,107-106,064654,107-107,0521_366-20220530/0521_366-20220530-061837-107-106.json,0521_366-20220530/0521_366-20220530-064654-107-107.json,0521_366-20220530/0521_366-20220530-061837-107-106.txt,0521_366-20220530/0521_366-20220530-064654-107-107.txt
0521,366,20220531,063833,166-0,074949,137-137,0521_366-20220531/0521_366-20220531-063833-166-0.json,0521_366-20220531/0521_366-20220531-074949-137-137.json,0521_366-20220531/0521_366-20220531-063833-166-0.txt,0521_366-20220531/0521_366-20220531-074949-137-137.txt
0521,366,20220601,055711,171-0,072801,135-135,0521_366-20220601/0521_366-20220601-055711-171-0.json,0521_366-20220601/0521_366-20220601-072801-135-135.json,0521_366-20220601/0521_366-20220601-055711-171-0.txt,0521_366-20220601/0521_366-20220601-072801-135-135.txt
0521,366,20220602,053756,165-0,070218,127-127,0521_366-20220602/0521_366-20220602-053756-165-0.json,0521_366-20220602/0521_366-20220602-070218-127-127.json,0521_366-20220602/0521_366-20220602-053756-165-0.txt,0521_366-20220602/0521_366-20220602-070218-127-127.txt
0521,366,20220603,060810,140-0,073418,129-129,0521_366-20220603/0521_366-20220603-060810-140-0.json,0521_366-20220603/0521_366-20220603-073418-129-129.json,0521_366-20220603/0521_366-20220603-060810-140-0.txt,0521_366-20220603/0521_366-20220603-073418-129-129.txt
0521,366,20220607,060259,124-0,072405,124-124,0521_366-20220607/0521_366-20220607-060259-124-0.json,0521_366-20220607/0521_366-20220607-072405-124-124.json,0521_366-20220607/0521_366-20220607-060259-124-0.txt,0521_366-20220607/0521_366-20220607-072405-124-124.txt
0521,366,20220608,055617,178-0,071647,130-130,0521_366-20220608/0521_366-20220608-055617-178-0.json,0521_366-20220608/0521_366-20220608-071647-130-130.json,0521_366-20220608/0521_366-20220608-055617-178-0.txt,0521_366-20220608/0521_366-20220608-071647-130-130.txt
0521,366,20220609,055357,185-0,071010,135-135,0521_366-20220609/0521_366-20220609-055357-185-0.json,0521_366-20220609/0521_366-20220609-071010-135-135.json,0521_366-20220609/0521_366-20220609-055357-185-0.txt,0521_366-20220609/0521_366-20220609-071010-135-135.txt
0521,366,20220610,055432,153-0,070606,122-122,0521_366-20220610/0521_366-20220610-055432-153-0.json,0521_366-20220610/0521_366-20220610-070606-122-122.json,0521_366-20220610/0521_366-20220610-055432-153-0.txt,0521_366-20220610/0521_366-20220610-070606-122-122.txt
0521,366,20220613,062847,135-0,075436,116-116,0521_366-20220613/0521_366-20220613-062847-135-0.json,0521_366-20220613/0521_366-20220613-075436-116-116.json,0521_366-20220613/0521_366-20220613-062847-135-0.txt,0521_366-20220613/0521_366-20220613-075436-116-116.txt
0521,366,20220614,061303,181-0,075453,134-134,0521_366-20220614/0521_366-20220614-061303-181-0.json,0521_366-20220614/0521_366-20220614-075453-134-134.json,0521_366-20220614/0521_366-20220614-061303-181-0.txt,0521_366-20220614/0521_366-20220614-075453-134-134.txt
0521,366,20220615,055637,147-0,072947,113-113,0521_366-20220615/0521_366-20220615-055637-147-0.json,0521_366-20220615/0521_366-20220615-072947-113-113.json,0521_366-20220615/0521_366-20220615-055637-147-0.txt,0521_366-20220615/0521_366-20220615-072947-113-113.txt
0521,366,20220616,053146,130-0,064001,108-108,0521_366-20220616/0521_366-20220616-053146-130-0.json,0521_366-20220616/0521_366-20220616-064001-108-108.json,0521_366-20220616/0521_366-20220616-053146-130-0.txt,0521_366-20220616/0521_366-20220616-064001-108-108.txt
0521,366,20220617,054259,151-0,063525,112-112,0521_366-20220617/0521_366-20220617-054259-151-0.json,0521_366-20220617/0521_366-20220617-063525-112-112.json,0521_366-20220617/0521_366-20220617-054259-151-0.txt,0521_366-20220617/0521_366-20220617-063525-112-112.txt
0521,366,20220620,055906,96-0,070853,103-103,0521_366-20220620/0521_366-20220620-055906-96-0.json,0521_366-20220620/0521_366-20220620-070853-103-103.json,0521_366-20220620/0521_366-20220620-055906-96-0.txt,0521_366-20220620/0521_366-20220620-070853-103-103.txt
0521,366,20220621,062450,153-0,074740,90-90,0521_366-20220621/0521_366-20220621-062450-153-0.json,0521_366-20220621/0521_366-20220621-074740-90-90.json,0521_366-20220621/0521_366-20220621-062450-153-0.txt,0521_366-20220621/0521_366-20220621-074740-90-90.txt
0521,366,20220622,055317,140-0,065754,95-95,0521_366-20220622/0521_366-20220622-055317-140-0.json,0521_366-20220622/0521_366-20220622-065754-95-95.json,0521_366-20220622/0521_366-20220622-055317-140-0.txt,0521_366-20220622/0521_366-20220622-065754-95-95.txt
0521,367,20220530,062058,221-0,074011,164-162,0521_367-20220530/0521_367-20220530-062058-221-0.json,0521_367-20220530/0521_367-20220530-074011-164-162.json,0521_367-20220530/0521_367-20220530-062058-221-0.txt,0521_367-20220530/0521_367-20220530-074011-164-162.txt
0521,367,20220531,061217,257-0,080850,172-172,0521_367-20220531/0521_367-20220531-061217-257-0.json,0521_367-20220531/0521_367-20220531-080850-172-172.json,0521_367-20220531/0521_367-20220531-061217-257-0.txt,0521_367-20220531/0521_367-20220531-080850-172-172.txt
0521,367,20220601,060948,227-0,083206,156-156,0521_367-20220601/0521_367-20220601-060948-227-0.json,0521_367-20220601/0521_367-20220601-083206-156-156.json,0521_367-20220601/0521_367-20220601-060948-227-0.txt,0521_367-20220601/0521_367-20220601-083206-156-156.txt
0521,367,20220602,060816,218-0,075158,110-110,0521_367-20220602/0521_367-20220602-060816-218-0.json,0521_367-20220602/0521_367-20220602-075158-110-110.json,0521_367-20220602/0521_367-20220602-060816-218-0.txt,0521_367-20220602/0521_367-20220602-075158-110-110.txt
0521,367,20220603,060329,140-0,071533,98-98,0521_367-20220603/0521_367-20220603-060329-140-0.json,0521_367-20220603/0521_367-20220603-071533-98-98.json,0521_367-20220603/0521_367-20220603-060329-140-0.txt,0521_367-20220603/0521_367-20220603-071533-98-98.txt
0521,367,20220607,055233,146-0,065712,114-114,0521_367-20220607/0521_367-20220607-055233-146-0.json,0521_367-20220607/0521_367-20220607-065712-114-114.json,0521_367-20220607/0521_367-20220607-055233-146-0.txt,0521_367-20220607/0521_367-20220607-065712-114-114.txt
0521,367,20220608,055149,245-0,070724,121-121,0521_367-20220608/0521_367-20220608-055149-245-0.json,0521_367-20220608/0521_367-20220608-070724-121-121.json,0521_367-20220608/0521_367-20220608-055149-245-0.txt,0521_367-20220608/0521_367-20220608-070724-121-121.txt
0521,367,20220609,055532,231-0,071812,117-117,0521_367-20220609/0521_367-20220609-055532-231-0.json,0521_367-20220609/0521_367-20220609-071812-117-117.json,0521_367-20220609/0521_367-20220609-055532-231-0.txt,0521_367-20220609/0521_367-20220609-071812-117-117.txt
0521,367,20220610,060037,126-0,072334,122-122,0521_367-20220610/0521_367-20220610-060037-126-0.json,0521_367-20220610/0521_367-20220610-072334-122-122.json,0521_367-20220610/0521_367-20220610-060037-126-0.txt,0521_367-20220610/0521_367-20220610-072334-122-122.txt
0521,367,20220613,054531,184-0,064742,122-122,0521_367-20220613/0521_367-20220613-054531-184-0.json,0521_367-20220613/0521_367-20220613-064742-122-122.json,0521_367-20220613/0521_367-20220613-054531-184-0.txt,0521_367-20220613/0521_367-20220613-064742-122-122.txt
0521,367,20220614,054559,178-0,070314,127-127,0521_367-20220614/0521_367-20220614-054559-178-0.json,0521_367-20220614/0521_367-20220614-070314-127-127.json,0521_367-20220614/0521_367-20220614-054559-178-0.txt,0521_367-20220614/0521_367-20220614-070314-127-127.txt
0521,367,20220615,054831,174-0,073445,130-130,0521_367-20220615/0521_367-20220615-054831-174-0.json,0521_367-20220615/0521_367-20220615-073445-130-130.json,0521_367-20220615/0521_367-20220615-054831-174-0.txt,0521_367-20220615/0521_367-20220615-073445-130-130.txt
0521,367,20220616,055048,164-0,075724,129-129,0521_367-20220616/0521_367-20220616-055048-164-0.json,0521_367-20220616/0521_367-20220616-075724-129-129.json,0521_367-20220616/0521_367-20220616-055048-164-0.txt,0521_367-20220616/0521_367-20220616-075724-129-129.txt
0521,367,20220617,054808,170-0,064307,93-93,0521_367-20220617/0521_367-20220617-054808-170-0.json,0521_367-20220617/0521_367-20220617-064307-93-93.json,0521_367-20220617/0521_367-20220617-054808-170-0.txt,0521_367-20220617/0521_367-20220617-064307-93-93.txt
0521,367,20220620,061157,161-0,090038,124-124,0521_367-20220620/0521_367-20220620-061157-161-0.json,0521_367-20220620/0521_367-20220620-090038-124-124.json,0521_367-20220620/0521_367-20220620-061157-161-0.txt,0521_367-20220620/0521_367-20220620-090038-124-124.txt
0521,367,20220621,061621,191-0,073805,148-148,0521_367-20220621/0521_367-20220621-061621-191-0.json,0521_367-20220621/0521_367-20220621-073805-148-148.json,0521_367-20220621/0521_367-20220621-061621-191-0.txt,0521_367-20220621/0521_367-20220621-073805-148-148.txt
0521,367,20220622,061622,213-0,072716,138-138,0521_367-20220622/0521_367-20220622-061622-213-0.json,0521_367-20220622/0521_367-20220622-072716-138-138.json,0521_367-20220622/0521_367-20220622-061622-213-0.txt,0521_367-20220622/0521_367-20220622-072716-138-138.txt
0521,368,20220530,061030,226-0,073553,152-152,0521_368-20220530/0521_368-20220530-061030-226-0.json,0521_368-20220530/0521_368-20220530-073553-152-152.json,0521_368-20220530/0521_368-20220530-061030-226-0.txt,0521_368-20220530/0521_368-20220530-073553-152-152.txt
0521,368,20220531,060823,242-0,073832,159-159,0521_368-20220531/0521_368-20220531-060823-242-0.json,0521_368-20220531/0521_368-20220531-073832-159-159.json,0521_368-20220531/0521_368-20220531-060823-242-0.txt,0521_368-20220531/0521_368-20220531-073832-159-159.txt
0521,368,20220601,060928,259-0,073257,155-155,0521_368-20220601/0521_368-20220601-060928-259-0.json,0521_368-20220601/0521_368-20220601-073257-155-155.json,0521_368-20220601/0521_368-20220601-060928-259-0.txt,0521_368-20220601/0521_368-20220601-073257-155-155.txt
0521,368,20220602,054933,194-0,071735,143-143,0521_368-20220602/0521_368-20220602-054933-194-0.json,0521_368-20220602/0521_368-20220602-071735-143-143.json,0521_368-20220602/0521_368-20220602-054933-194-0.txt,0521_368-20220602/0521_368-20220602-071735-143-143.txt
0521,368,20220603,061103,187-0,073801,153-153,0521_368-20220603/0521_368-20220603-061103-187-0.json,0521_368-20220603/0521_368-20220603-073801-153-153.json,0521_368-20220603/0521_368-20220603-061103-187-0.txt,0521_368-20220603/0521_368-20220603-073801-153-153.txt
0521,368,20220604,054232,50-0,061916,50-50,0521_368-20220604/0521_368-20220604-054232-50-0.json,0521_368-20220604/0521_368-20220604-061916-50-50.json,0521_368-20220604/0521_368-20220604-054232-50-0.txt,0521_368-20220604/0521_368-20220604-061916-50-50.txt
0521,368,20220607,055538,174-0,070144,135-135,0521_368-20220607/0521_368-20220607-055538-174-0.json,0521_368-20220607/0521_368-20220607-070144-135-135.json,0521_368-20220607/0521_368-20220607-055538-174-0.txt,0521_368-20220607/0521_368-20220607-070144-135-135.txt
0521,368,20220608,060514,240-0,073028,157-157,0521_368-20220608/0521_368-20220608-060514-240-0.json,0521_368-20220608/0521_368-20220608-073028-157-157.json,0521_368-20220608/0521_368-20220608-060514-240-0.txt,0521_368-20220608/0521_368-20220608-073028-157-157.txt
0521,368,20220609,061817,249-0,073155,154-154,0521_368-20220609/0521_368-20220609-061817-249-0.json,0521_368-20220609/0521_368-20220609-073155-154-154.json,0521_368-20220609/0521_368-20220609-061817-249-0.txt,0521_368-20220609/0521_368-20220609-073155-154-154.txt
0521,368,20220610,060409,240-0,072717,152-152,0521_368-20220610/0521_368-20220610-060409-240-0.json,0521_368-20220610/0521_368-20220610-072717-152-152.json,0521_368-20220610/0521_368-20220610-060409-240-0.txt,0521_368-20220610/0521_368-20220610-072717-152-152.txt
0521,368,20220611,054941,53-0,063157,58-58,0521_368-20220611/0521_368-20220611-054941-53-0.json,0521_368-20220611/0521_368-20220611-063157-58-58.json,0521_368-20220611/0521_368-20220611-054941-53-0.txt,0521_368-20220611/0521_368-20220611-063157-58-58.txt
0521,368,20220613,060027,203-0,071917,149-149,0521_368-20220613/0521_368-20220613-060027-203-0.json,0521_368-20220613/0521_368-20220613-071917-149-149.json,0521_368-20220613/0521_368-20220613-060027-203-0.txt,0521_368-20220613/0521_368-20220613-071917-149-149.txt
0521,368,20220614,061246,217-0,074309,160-160,0521_368-20220614/0521_368-20220614-061246-217-0.json,0521_368-20220614/0521_368-20220614-074309-160-160.json,0521_368-20220614/0521_368-20220614-061246-217-0.txt,0521_368-20220614/0521_368-20220614-074309-160-160.txt
0521,368,20220615,060231,206-0,072719,159-159,0521_368-20220615/0521_368-20220615-060231-206-0.json,0521_368-20220615/0521_368-20220615-072719-159-159.json,0521_368-20220615/0521_368-20220615-060231-206-0.txt,0521_368-20220615/0521_368-20220615-072719-159-159.txt
0521,368,20220616,055338,189-0,071109,150-150,0521_368-20220616/0521_368-20220616-055338-189-0.json,0521_368-20220616/0521_368-20220616-071109-150-150.json,0521_368-20220616/0521_368-20220616-055338-189-0.txt,0521_368-20220616/0521_368-20220616-071109-150-150.txt
0521,368,20220617,055653,186-0,070142,147-147,0521_368-20220617/0521_368-20220617-055653-186-0.json,0521_368-20220617/0521_368-20220617-070142-147-147.json,0521_368-20220617/0521_368-20220617-055653-186-0.txt,0521_368-20220617/0521_368-20220617-070142-147-147.txt
0521,368,20220618,053506,59-0,061251,58-58,0521_368-20220618/0521_368-20220618-053506-59-0.json,0521_368-20220618/0521_368-20220618-061251-58-58.json,0521_368-20220618/0521_368-20220618-053506-59-0.txt,0521_368-20220618/0521_368-20220618-061251-58-58.txt
0521,368,20220620,055021,167-0,065740,128-128,0521_368-20220620/0521_368-20220620-055021-167-0.json,0521_368-20220620/0521_368-20220620-065740-128-128.json,0521_368-20220620/0521_368-20220620-055021-167-0.txt,0521_368-20220620/0521_368-20220620-065740-128-128.txt
0521,368,20220621,060656,196-0,074002,160-160,0521_368-20220621/0521_368-20220621-060656-196-0.json,0521_368-20220621/0521_368-20220621-074002-160-160.json,0521_368-20220621/0521_368-20220621-060656-196-0.txt,0521_368-20220621/0521_368-20220621-074002-160-160.txt
0521,368,20220622,060752,216-0,073946,172-172,0521_368-20220622/0521_368-20220622-060752-216-0.json,0521_368-20220622/0521_368-20220622-073946-172-172.json,0521_368-20220622/0521_368-20220622-060752-216-0.txt,0521_368-20220622/0521_368-20220622-073946-172-172.txt
0521,369,20220531,053741,115-0,064027,137-137,0521_369-20220531/0521_369-20220531-053741-115-0.json,0521_369-20220531/0521_369-20220531-064027-137-137.json,0521_369-20220531/0521_369-20220531-053741-115-0.txt,0521_369-20220531/0521_369-20220531-064027-137-137.txt
0521,369,20220601,061300,136-0,073051,134-134,0521_369-20220601/0521_369-20220601-061300-136-0.json,0521_369-20220601/0521_369-20220601-073051-134-134.json,0521_369-20220601/0521_369-20220601-061300-136-0.txt,0521_369-20220601/0521_369-20220601-073051-134-134.txt
0521,369,20220602,054558,129-0,063829,124-124,0521_369-20220602/0521_369-20220602-054558-129-0.json,0521_369-20220602/0521_369-20220602-063829-124-124.json,0521_369-20220602/0521_369-20220602-054558-129-0.txt,0521_369-20220602/0521_369-20220602-063829-124-124.txt
0521,369,20220603,055506,140-0,071126,129-129,0521_369-20220603/0521_369-20220603-055506-140-0.json,0521_369-20220603/0521_369-20220603-071126-129-129.json,0521_369-20220603/0521_369-20220603-055506-140-0.txt,0521_369-20220603/0521_369-20220603-071126-129-129.txt
0521,369,20220607,055113,124-0,064155,120-120,0521_369-20220607/0521_369-20220607-055113-124-0.json,0521_369-20220607/0521_369-20220607-064155-120-120.json,0521_369-20220607/0521_369-20220607-055113-124-0.txt,0521_369-20220607/0521_369-20220607-064155-120-120.txt
0521,369,20220608,054308,120-0,064333,144-144,0521_369-20220608/0521_369-20220608-054308-120-0.json,0521_369-20220608/0521_369-20220608-064333-144-144.json,0521_369-20220608/0521_369-20220608-054308-120-0.txt,0521_369-20220608/0521_369-20220608-064333-144-144.txt
0521,369,20220609,053639,144-0,062731,144-144,0521_369-20220609/0521_369-20220609-053639-144-0.json,0521_369-20220609/0521_369-20220609-062731-144-144.json,0521_369-20220609/0521_369-20220609-053639-144-0.txt,0521_369-20220609/0521_369-20220609-062731-144-144.txt
0521,369,20220610,060452,132-0,070819,120-120,0521_369-20220610/0521_369-20220610-060452-132-0.json,0521_369-20220610/0521_369-20220610-070819-120-120.json,0521_369-20220610/0521_369-20220610-060452-132-0.txt,0521_369-20220610/0521_369-20220610-070819-120-120.txt
0521,369,20220613,055458,137-0,070207,141-141,0521_369-20220613/0521_369-20220613-055458-137-0.json,0521_369-20220613/0521_369-20220613-070207-141-141.json,0521_369-20220613/0521_369-20220613-055458-137-0.txt,0521_369-20220613/0521_369-20220613-070207-141-141.txt
0521,369,20220614,054234,122-0,063856,139-139,0521_369-20220614/0521_369-20220614-054234-122-0.json,0521_369-20220614/0521_369-20220614-063856-139-139.json,0521_369-20220614/0521_369-20220614-054234-122-0.txt,0521_369-20220614/0521_369-20220614-063856-139-139.txt
0521,369,20220615,054152,140-0,063707,140-140,0521_369-20220615/0521_369-20220615-054152-140-0.json,0521_369-20220615/0521_369-20220615-063707-140-140.json,0521_369-20220615/0521_369-20220615-054152-140-0.txt,0521_369-20220615/0521_369-20220615-063707-140-140.txt
0521,369,20220616,054700,116-0,065616,110-110,0521_369-20220616/0521_369-20220616-054700-116-0.json,0521_369-20220616/0521_369-20220616-065616-110-110.json,0521_369-20220616/0521_369-20220616-054700-116-0.txt,0521_369-20220616/0521_369-20220616-065616-110-110.txt
0521,369,20220617,053119,94-0,061447,95-95,0521_369-20220617/0521_369-20220617-053119-94-0.json,0521_369-20220617/0521_369-20220617-061447-95-95.json,0521_369-20220617/0521_369-20220617-053119-94-0.txt,0521_369-20220617/0521_369-20220617-061447-95-95.txt
0521,369,20220620,054309,105-0,073712,113-113,0521_369-20220620/0521_369-20220620-054309-105-0.json,0521_369-20220620/0521_369-20220620-073712-113-113.json,0521_369-20220620/0521_369-20220620-054309-105-0.txt,0521_369-20220620/0521_369-20220620-073712-113-113.txt
0521,369,20220621,054204,124-0,064746,141-141,0521_369-20220621/0521_369-20220621-054204-124-0.json,0521_369-20220621/0521_369-20220621-064746-141-141.json,0521_369-20220621/0521_369-20220621-054204-124-0.txt,0521_369-20220621/0521_369-20220621-064746-141-141.txt
0521,369,20220622,054245,124-0,063952,135-135,0521_369-20220622/0521_369-20220622-054245-124-0.json,0521_369-20220622/0521_369-20220622-063952-135-135.json,0521_369-20220622/0521_369-20220622-054245-124-0.txt,0521_369-20220622/0521_369-20220622-063952-135-135.txt
0521,370,20220530,061933,125-125,062130,125-125,0521_370-20220530/0521_370-20220530-061933-125-125.json,0521_370-20220530/0521_370-20220530-062130-125-125.json,0521_370-20220530/0521_370-20220530-061933-125-125.txt,0521_370-20220530/0521_370-20220530-062130-125-125.txt
0521,370,20220531,053441,137-0,054007,136-136,0521_370-20220531/0521_370-20220531-053441-137-0.json,0521_370-20220531/0521_370-20220531-054007-136-136.json,0521_370-20220531/0521_370-20220531-053441-137-0.txt,0521_370-20220531/0521_370-20220531-054007-136-136.txt
0521,370,20220601,053521,162-0,061955,159-159,0521_370-20220601/0521_370-20220601-053521-162-0.json,0521_370-20220601/0521_370-20220601-061955-159-159.json,0521_370-20220601/0521_370-20220601-053521-162-0.txt,0521_370-20220601/0521_370-20220601-061955-159-159.txt
0521,370,20220602,052047,138-0,061602,145-145,0521_370-20220602/0521_370-20220602-052047-138-0.json,0521_370-20220602/0521_370-20220602-061602-145-145.json,0521_370-20220602/0521_370-20220602-052047-138-0.txt,0521_370-20220602/0521_370-20220602-061602-145-145.txt
0521,370,20220603,053538,135-0,062743,137-137,0521_370-20220603/0521_370-20220603-053538-135-0.json,0521_370-20220603/0521_370-20220603-062743-137-137.json,0521_370-20220603/0521_370-20220603-053538-135-0.txt,0521_370-20220603/0521_370-20220603-062743-137-137.txt
0521,370,20220607,061547,109-0,072614,112-112,0521_370-20220607/0521_370-20220607-061547-109-0.json,0521_370-20220607/0521_370-20220607-072614-112-112.json,0521_370-20220607/0521_370-20220607-061547-109-0.txt,0521_370-20220607/0521_370-20220607-072614-112-112.txt
0521,370,20220608,052640,142-0,054840,141-141,0521_370-20220608/0521_370-20220608-052640-142-0.json,0521_370-20220608/0521_370-20220608-054840-141-141.json,0521_370-20220608/0521_370-20220608-052640-142-0.txt,0521_370-20220608/0521_370-20220608-054840-141-141.txt
0521,370,20220609,054655,156-0,064105,155-155,0521_370-20220609/0521_370-20220609-054655-156-0.json,0521_370-20220609/0521_370-20220609-064105-155-155.json,0521_370-20220609/0521_370-20220609-054655-156-0.txt,0521_370-20220609/0521_370-20220609-064105-155-155.txt
0521,370,20220610,054139,137-0,064257,139-139,0521_370-20220610/0521_370-20220610-054139-137-0.json,0521_370-20220610/0521_370-20220610-064257-139-139.json,0521_370-20220610/0521_370-20220610-054139-137-0.txt,0521_370-20220610/0521_370-20220610-064257-139-139.txt
0521,370,20220613,060550,138-0,061135,138-138,0521_370-20220613/0521_370-20220613-060550-138-0.json,0521_370-20220613/0521_370-20220613-061135-138-138.json,0521_370-20220613/0521_370-20220613-060550-138-0.txt,0521_370-20220613/0521_370-20220613-061135-138-138.txt
0521,370,20220614,055710,151-0,061655,151-151,0521_370-20220614/0521_370-20220614-055710-151-0.json,0521_370-20220614/0521_370-20220614-061655-151-151.json,0521_370-20220614/0521_370-20220614-055710-151-0.txt,0521_370-20220614/0521_370-20220614-061655-151-151.txt
0521,370,20220615,053825,132-0,055050,134-134,0521_370-20220615/0521_370-20220615-053825-132-0.json,0521_370-20220615/0521_370-20220615-055050-134-134.json,0521_370-20220615/0521_370-20220615-053825-132-0.txt,0521_370-20220615/0521_370-20220615-055050-134-134.txt
0521,370,20220616,055909,111-109,062550,101-101,0521_370-20220616/0521_370-20220616-055909-111-109.json,0521_370-20220616/0521_370-20220616-062550-101-101.json,0521_370-20220616/0521_370-20220616-055909-111-109.txt,0521_370-20220616/0521_370-20220616-062550-101-101.txt
0521,370,20220617,052454,115-0,054728,117-117,0521_370-20220617/0521_370-20220617-052454-115-0.json,0521_370-20220617/0521_370-20220617-054728-117-117.json,0521_370-20220617/0521_370-20220617-052454-115-0.txt,0521_370-20220617/0521_370-20220617-054728-117-117.txt
0521,370,20220620,055449,111-0,070452,111-111,0521_370-20220620/0521_370-20220620-055449-111-0.json,0521_370-20220620/0521_370-20220620-070452-111-111.json,0521_370-20220620/0521_370-20220620-055449-111-0.txt,0521_370-20220620/0521_370-20220620-070452-111-111.txt
0521,370,20220621,060951,145-0,073327,131-131,0521_370-20220621/0521_370-20220621-060951-145-0.json,0521_370-20220621/0521_370-20220621-073327-131-131.json,0521_370-20220621/0521_370-20220621-060951-145-0.txt,0521_370-20220621/0521_370-20220621-073327-131-131.txt
0521,370,20220622,052038,107-0,065539,102-102,0521_370-20220622/0521_370-20220622-052038-107-0.json,0521_370-20220622/0521_370-20220622-065539-102-102.json,0521_370-20220622/0521_370-20220622-052038-107-0.txt,0521_370-20220622/0521_370-20220622-065539-102-102.txt
0521,371,20220530,062258,164-0,071903,108-108,0521_371-20220530/0521_371-20220530-062258-164-0.json,0521_371-20220530/0521_371-20220530-071903-108-108.json,0521_371-20220530/0521_371-20220530-062258-164-0.txt,0521_371-20220530/0521_371-20220530-071903-108-108.txt
0521,371,20220531,065105,189-0,075259,128-128,0521_371-20220531/0521_371-20220531-065105-189-0.json,0521_371-20220531/0521_371-20220531-075259-128-128.json,0521_371-20220531/0521_371-20220531-065105-189-0.txt,0521_371-20220531/0521_371-20220531-075259-128-128.txt
0521,371,20220601,060124,199-0,071011,129-129,0521_371-20220601/0521_371-20220601-060124-199-0.json,0521_371-20220601/0521_371-20220601-071011-129-129.json,0521_371-20220601/0521_371-20220601-060124-199-0.txt,0521_371-20220601/0521_371-20220601-071011-129-129.txt
0521,371,20220602,053833,164-0,064809,120-120,0521_371-20220602/0521_371-20220602-053833-164-0.json,0521_371-20220602/0521_371-20220602-064809-120-120.json,0521_371-20220602/0521_371-20220602-053833-164-0.txt,0521_371-20220602/0521_371-20220602-064809-120-120.txt
0521,371,20220603,050750,157-0,064950,120-120,0521_371-20220603/0521_371-20220603-050750-157-0.json,0521_371-20220603/0521_371-20220603-064950-120-120.json,0521_371-20220603/0521_371-20220603-050750-157-0.txt,0521_371-20220603/0521_371-20220603-064950-120-120.txt
0521,371,20220607,053919,148-0,062038,124-124,0521_371-20220607/0521_371-20220607-053919-148-0.json,0521_371-20220607/0521_371-20220607-062038-124-124.json,0521_371-20220607/0521_371-20220607-053919-148-0.txt,0521_371-20220607/0521_371-20220607-062038-124-124.txt
0521,371,20220608,055232,136-0,064638,126-126,0521_371-20220608/0521_371-20220608-055232-136-0.json,0521_371-20220608/0521_371-20220608-064638-126-126.json,0521_371-20220608/0521_371-20220608-055232-136-0.txt,0521_371-20220608/0521_371-20220608-064638-126-126.txt
0521,371,20220609,055149,142-0,065523,129-129,0521_371-20220609/0521_371-20220609-055149-142-0.json,0521_371-20220609/0521_371-20220609-065523-129-129.json,0521_371-20220609/0521_371-20220609-055149-142-0.txt,0521_371-20220609/0521_371-20220609-065523-129-129.txt
0521,371,20220610,061012,128-128,064322,128-128,0521_371-20220610/0521_371-20220610-061012-128-128.json,0521_371-20220610/0521_371-20220610-064322-128-128.json,0521_371-20220610/0521_371-20220610-061012-128-128.txt,0521_371-20220610/0521_371-20220610-064322-128-128.txt
0521,371,20220613,060959,146-0,082122,104-104,0521_371-20220613/0521_371-20220613-060959-146-0.json,0521_371-20220613/0521_371-20220613-082122-104-104.json,0521_371-20220613/0521_371-20220613-060959-146-0.txt,0521_371-20220613/0521_371-20220613-082122-104-104.txt
0521,371,20220614,054917,152-0,065129,140-140,0521_371-20220614/0521_371-20220614-054917-152-0.json,0521_371-20220614/0521_371-20220614-065129-140-140.json,0521_371-20220614/0521_371-20220614-054917-152-0.txt,0521_371-20220614/0521_371-20220614-065129-140-140.txt
0521,371,20220615,053942,144-0,063407,131-131,0521_371-20220615/0521_371-20220615-053942-144-0.json,0521_371-20220615/0521_371-20220615-063407-131-131.json,0521_371-20220615/0521_371-20220615-053942-144-0.txt,0521_371-20220615/0521_371-20220615-063407-131-131.txt
0521,371,20220616,062459,126-126,062808,125-125,0521_371-20220616/0521_371-20220616-062459-126-126.json,0521_371-20220616/0521_371-20220616-062808-125-125.json,0521_371-20220616/0521_371-20220616-062459-126-126.txt,0521_371-20220616/0521_371-20220616-062808-125-125.txt
0521,371,20220617,054134,130-0,063430,110-110,0521_371-20220617/0521_371-20220617-054134-130-0.json,0521_371-20220617/0521_371-20220617-063430-110-110.json,0521_371-20220617/0521_371-20220617-054134-130-0.txt,0521_371-20220617/0521_371-20220617-063430-110-110.txt
0521,371,20220620,051528,149-0,071831,102-102,0521_371-20220620/0521_371-20220620-051528-149-0.json,0521_371-20220620/0521_371-20220620-071831-102-102.json,0521_371-20220620/0521_371-20220620-051528-149-0.txt,0521_371-20220620/0521_371-20220620-071831-102-102.txt
0521,371,20220621,051947,173-0,080431,79-79,0521_371-20220621/0521_371-20220621-051947-173-0.json,0521_371-20220621/0521_371-20220621-080431-79-79.json,0521_371-20220621/0521_371-20220621-051947-173-0.txt,0521_371-20220621/0521_371-20220621-080431-79-79.txt
0521,371,20220622,055323,176-0,065043,81-81,0521_371-20220622/0521_371-20220622-055323-176-0.json,0521_371-20220622/0521_371-20220622-065043-81-81.json,0521_371-20220622/0521_371-20220622-055323-176-0.txt,0521_371-20220622/0521_371-20220622-065043-81-81.txt
0521,372,20220530,062949,125-125,062949,125-125,0521_372-20220530/0521_372-20220530-062949-125-125.json,0521_372-20220530/0521_372-20220530-062949-125-125.json,0521_372-20220530/0521_372-20220530-062949-125-125.txt,0521_372-20220530/0521_372-20220530-062949-125-125.txt
0521,372,20220531,054508,171-0,064927,162-162,0521_372-20220531/0521_372-20220531-054508-171-0.json,0521_372-20220531/0521_372-20220531-064927-162-162.json,0521_372-20220531/0521_372-20220531-054508-171-0.txt,0521_372-20220531/0521_372-20220531-064927-162-162.txt
0521,372,20220601,060111,188-0,071850,181-181,0521_372-20220601/0521_372-20220601-060111-188-0.json,0521_372-20220601/0521_372-20220601-071850-181-181.json,0521_372-20220601/0521_372-20220601-060111-188-0.txt,0521_372-20220601/0521_372-20220601-071850-181-181.txt
0521,372,20220602,054604,158-0,064224,154-154,0521_372-20220602/0521_372-20220602-054604-158-0.json,0521_372-20220602/0521_372-20220602-064224-154-154.json,0521_372-20220602/0521_372-20220602-054604-158-0.txt,0521_372-20220602/0521_372-20220602-064224-154-154.txt
0521,372,20220603,055256,147-0,064833,146-146,0521_372-20220603/0521_372-20220603-055256-147-0.json,0521_372-20220603/0521_372-20220603-064833-146-146.json,0521_372-20220603/0521_372-20220603-055256-147-0.txt,0521_372-20220603/0521_372-20220603-064833-146-146.txt
0521,372,20220604,085959,60-0,093006,60-60,0521_372-20220604/0521_372-20220604-085959-60-0.json,0521_372-20220604/0521_372-20220604-093006-60-60.json,0521_372-20220604/0521_372-20220604-085959-60-0.txt,0521_372-20220604/0521_372-20220604-093006-60-60.txt
0521,372,20220607,053240,81-0,060338,73-73,0521_372-20220607/0521_372-20220607-053240-81-0.json,0521_372-20220607/0521_372-20220607-060338-73-73.json,0521_372-20220607/0521_372-20220607-053240-81-0.txt,0521_372-20220607/0521_372-20220607-060338-73-73.txt
0521,372,20220608,054702,171-0,070053,165-165,0521_372-20220608/0521_372-20220608-054702-171-0.json,0521_372-20220608/0521_372-20220608-070053-165-165.json,0521_372-20220608/0521_372-20220608-054702-171-0.txt,0521_372-20220608/0521_372-20220608-070053-165-165.txt
0521,372,20220609,055201,183-0,071131,178-178,0521_372-20220609/0521_372-20220609-055201-183-0.json,0521_372-20220609/0521_372-20220609-071131-178-178.json,0521_372-20220609/0521_372-20220609-055201-183-0.txt,0521_372-20220609/0521_372-20220609-071131-178-178.txt
0521,372,20220610,060046,159-0,071703,155-155,0521_372-20220610/0521_372-20220610-060046-159-0.json,0521_372-20220610/0521_372-20220610-071703-155-155.json,0521_372-20220610/0521_372-20220610-060046-159-0.txt,0521_372-20220610/0521_372-20220610-071703-155-155.txt
0521,372,20220611,062505,23-0,072027,23-23,0521_372-20220611/0521_372-20220611-062505-23-0.json,0521_372-20220611/0521_372-20220611-072027-23-23.json,0521_372-20220611/0521_372-20220611-062505-23-0.txt,0521_372-20220611/0521_372-20220611-072027-23-23.txt
0521,372,20220613,063306,135-0,073917,130-130,0521_372-20220613/0521_372-20220613-063306-135-0.json,0521_372-20220613/0521_372-20220613-073917-130-130.json,0521_372-20220613/0521_372-20220613-063306-135-0.txt,0521_372-20220613/0521_372-20220613-073917-130-130.txt
0521,372,20220614,055501,183-0,074113,176-176,0521_372-20220614/0521_372-20220614-055501-183-0.json,0521_372-20220614/0521_372-20220614-074113-176-176.json,0521_372-20220614/0521_372-20220614-055501-183-0.txt,0521_372-20220614/0521_372-20220614-074113-176-176.txt
0521,372,20220615,053413,121-0,070949,116-116,0521_372-20220615/0521_372-20220615-053413-121-0.json,0521_372-20220615/0521_372-20220615-070949-116-116.json,0521_372-20220615/0521_372-20220615-053413-121-0.txt,0521_372-20220615/0521_372-20220615-070949-116-116.txt
0521,372,20220616,063825,133-133,063825,133-133,0521_372-20220616/0521_372-20220616-063825-133-133.json,0521_372-20220616/0521_372-20220616-063825-133-133.json,0521_372-20220616/0521_372-20220616-063825-133-133.txt,0521_372-20220616/0521_372-20220616-063825-133-133.txt
0521,372,20220617,053052,111-0,061556,110-110,0521_372-20220617/0521_372-20220617-053052-111-0.json,0521_372-20220617/0521_372-20220617-061556-110-110.json,0521_372-20220617/0521_372-20220617-053052-111-0.txt,0521_372-20220617/0521_372-20220617-061556-110-110.txt
0521,372,20220618,091756,28-0,093037,28-28,0521_372-20220618/0521_372-20220618-091756-28-0.json,0521_372-20220618/0521_372-20220618-093037-28-28.json,0521_372-20220618/0521_372-20220618-091756-28-0.txt,0521_372-20220618/0521_372-20220618-093037-28-28.txt
0521,372,20220620,054413,96-0,062643,94-94,0521_372-20220620/0521_372-20220620-054413-96-0.json,0521_372-20220620/0521_372-20220620-062643-94-94.json,0521_372-20220620/0521_372-20220620-054413-96-0.txt,0521_372-20220620/0521_372-20220620-062643-94-94.txt
0521,372,20220621,061303,158-0,080556,157-157,0521_372-20220621/0521_372-20220621-061303-158-0.json,0521_372-20220621/0521_372-20220621-080556-157-157.json,0521_372-20220621/0521_372-20220621-061303-158-0.txt,0521_372-20220621/0521_372-20220621-080556-157-157.txt
0521,372,20220622,054520,148-0,065341,146-146,0521_372-20220622/0521_372-20220622-054520-148-0.json,0521_372-20220622/0521_372-20220622-065341-146-146.json,0521_372-20220622/0521_372-20220622-054520-148-0.txt,0521_372-20220622/0521_372-20220622-065341-146-146.txt
0521,375,20220531,090302,100-0,101828,100-100,0521_375-20220531/0521_375-20220531-090302-100-0.json,0521_375-20220531/0521_375-20220531-101828-100-100.json,0521_375-20220531/0521_375-20220531-090302-100-0.txt,0521_375-20220531/0521_375-20220531-101828-100-100.txt
0521,375,20220601,084208,101-0,094321,101-101,0521_375-20220601/0521_375-20220601-084208-101-0.json,0521_375-20220601/0521_375-20220601-094321-101-101.json,0521_375-20220601/0521_375-20220601-084208-101-0.txt,0521_375-20220601/0521_375-20220601-094321-101-101.txt
0521,375,20220602,085413,62-0,094655,57-57,0521_375-20220602/0521_375-20220602-085413-62-0.json,0521_375-20220602/0521_375-20220602-094655-57-57.json,0521_375-20220602/0521_375-20220602-085413-62-0.txt,0521_375-20220602/0521_375-20220602-094655-57-57.txt
0521,375,20220603,091958,62-0,101249,62-0,0521_375-20220603/0521_375-20220603-091958-62-0.json,0521_375-20220603/0521_375-20220603-101249-62-0.json,0521_375-20220603/0521_375-20220603-091958-62-0.txt,0521_375-20220603/0521_375-20220603-101249-62-0.txt
0521,375,20220607,084752,62-0,094853,63-63,0521_375-20220607/0521_375-20220607-084752-62-0.json,0521_375-20220607/0521_375-20220607-094853-63-63.json,0521_375-20220607/0521_375-20220607-084752-62-0.txt,0521_375-20220607/0521_375-20220607-094853-63-63.txt
0521,375,20220608,071158,78-0,101929,79-79,0521_375-20220608/0521_375-20220608-071158-78-0.json,0521_375-20220608/0521_375-20220608-101929-79-79.json,0521_375-20220608/0521_375-20220608-071158-78-0.txt,0521_375-20220608/0521_375-20220608-101929-79-79.txt
0521,375,20220609,070934,72-0,095705,72-72,0521_375-20220609/0521_375-20220609-070934-72-0.json,0521_375-20220609/0521_375-20220609-095705-72-72.json,0521_375-20220609/0521_375-20220609-070934-72-0.txt,0521_375-20220609/0521_375-20220609-095705-72-72.txt
0521,375,20220610,063058,91-0,111621,93-93,0521_375-20220610/0521_375-20220610-063058-91-0.json,0521_375-20220610/0521_375-20220610-111621-93-93.json,0521_375-20220610/0521_375-20220610-063058-91-0.txt,0521_375-20220610/0521_375-20220610-111621-93-93.txt
0521,375,20220613,100319,79-0,111216,78-78,0521_375-20220613/0521_375-20220613-100319-79-0.json,0521_375-20220613/0521_375-20220613-111216-78-78.json,0521_375-20220613/0521_375-20220613-100319-79-0.txt,0521_375-20220613/0521_375-20220613-111216-78-78.txt
0521,375,20220614,064755,93-0,112645,93-93,0521_375-20220614/0521_375-20220614-064755-93-0.json,0521_375-20220614/0521_375-20220614-112645-93-93.json,0521_375-20220614/0521_375-20220614-064755-93-0.txt,0521_375-20220614/0521_375-20220614-112645-93-93.txt
0521,375,20220615,070808,89-0,102846,88-88,0521_375-20220615/0521_375-20220615-070808-89-0.json,0521_375-20220615/0521_375-20220615-102846-88-88.json,0521_375-20220615/0521_375-20220615-070808-89-0.txt,0521_375-20220615/0521_375-20220615-102846-88-88.txt
0521,375,20220616,071613,85-0,100815,85-85,0521_375-20220616/0521_375-20220616-071613-85-0.json,0521_375-20220616/0521_375-20220616-100815-85-85.json,0521_375-20220616/0521_375-20220616-071613-85-0.txt,0521_375-20220616/0521_375-20220616-100815-85-85.txt
0521,375,20220617,065403,74-0,095632,74-74,0521_375-20220617/0521_375-20220617-065403-74-0.json,0521_375-20220617/0521_375-20220617-095632-74-74.json,0521_375-20220617/0521_375-20220617-065403-74-0.txt,0521_375-20220617/0521_375-20220617-095632-74-74.txt
0521,375,20220620,072235,53-0,082127,51-51,0521_375-20220620/0521_375-20220620-072235-53-0.json,0521_375-20220620/0521_375-20220620-082127-51-51.json,0521_375-20220620/0521_375-20220620-072235-53-0.txt,0521_375-20220620/0521_375-20220620-082127-51-51.txt
0521,375,20220622,073154,96-0,073154,96-0,0521_375-20220622/0521_375-20220622-073154-96-0.json,0521_375-20220622/0521_375-20220622-073154-96-0.json,0521_375-20220622/0521_375-20220622-073154-96-0.txt,0521_375-20220622/0521_375-20220622-073154-96-0.txt
0521,600,20220530,063418,120-120,063418,120-120,0521_600-20220530/0521_600-20220530-063418-120-120.json,0521_600-20220530/0521_600-20220530-063418-120-120.json,0521_600-20220530/0521_600-20220530-063418-120-120.txt,0521_600-20220530/0521_600-20220530-063418-120-120.txt
0521,600,20220531,051813,159-0,063501,153-153,0521_600-20220531/0521_600-20220531-051813-159-0.json,0521_600-20220531/0521_600-20220531-063501-153-153.json,0521_600-20220531/0521_600-20220531-051813-159-0.txt,0521_600-20220531/0521_600-20220531-063501-153-153.txt
0521,600,20220601,051103,151-0,064701,146-146,0521_600-20220601/0521_600-20220601-051103-151-0.json,0521_600-20220601/0521_600-20220601-064701-146-146.json,0521_600-20220601/0521_600-20220601-051103-151-0.txt,0521_600-20220601/0521_600-20220601-064701-146-146.txt
0521,600,20220602,050806,139-0,063918,126-126,0521_600-20220602/0521_600-20220602-050806-139-0.json,0521_600-20220602/0521_600-20220602-063918-126-126.json,0521_600-20220602/0521_600-20220602-050806-139-0.txt,0521_600-20220602/0521_600-20220602-063918-126-126.txt
0521,600,20220603,050916,127-0,065654,126-126,0521_600-20220603/0521_600-20220603-050916-127-0.json,0521_600-20220603/0521_600-20220603-065654-126-126.json,0521_600-20220603/0521_600-20220603-050916-127-0.txt,0521_600-20220603/0521_600-20220603-065654-126-126.txt
0521,600,20220607,051808,87-0,060953,91-91,0521_600-20220607/0521_600-20220607-051808-87-0.json,0521_600-20220607/0521_600-20220607-060953-91-91.json,0521_600-20220607/0521_600-20220607-051808-87-0.txt,0521_600-20220607/0521_600-20220607-060953-91-91.txt
0521,600,20220608,050455,118-0,064429,128-128,0521_600-20220608/0521_600-20220608-050455-118-0.json,0521_600-20220608/0521_600-20220608-064429-128-128.json,0521_600-20220608/0521_600-20220608-050455-118-0.txt,0521_600-20220608/0521_600-20220608-064429-128-128.txt
0521,600,20220609,050941,156-0,070945,147-147,0521_600-20220609/0521_600-20220609-050941-156-0.json,0521_600-20220609/0521_600-20220609-070945-147-147.json,0521_600-20220609/0521_600-20220609-050941-156-0.txt,0521_600-20220609/0521_600-20220609-070945-147-147.txt
0521,600,20220610,051103,135-0,064149,127-127,0521_600-20220610/0521_600-20220610-051103-135-0.json,0521_600-20220610/0521_600-20220610-064149-127-127.json,0521_600-20220610/0521_600-20220610-051103-135-0.txt,0521_600-20220610/0521_600-20220610-064149-127-127.txt
0521,600,20220613,050828,116-0,063239,117-117,0521_600-20220613/0521_600-20220613-050828-116-0.json,0521_600-20220613/0521_600-20220613-063239-117-117.json,0521_600-20220613/0521_600-20220613-050828-116-0.txt,0521_600-20220613/0521_600-20220613-063239-117-117.txt
0521,600,20220614,051353,166-0,063225,141-140,0521_600-20220614/0521_600-20220614-051353-166-0.json,0521_600-20220614/0521_600-20220614-063225-141-140.json,0521_600-20220614/0521_600-20220614-051353-166-0.txt,0521_600-20220614/0521_600-20220614-063225-141-140.txt
0521,600,20220615,051530,142-0,062047,137-137,0521_600-20220615/0521_600-20220615-051530-142-0.json,0521_600-20220615/0521_600-20220615-062047-137-137.json,0521_600-20220615/0521_600-20220615-051530-142-0.txt,0521_600-20220615/0521_600-20220615-062047-137-137.txt
0521,600,20220616,051409,126-0,060002,121-121,0521_600-20220616/0521_600-20220616-051409-126-0.json,0521_600-20220616/0521_600-20220616-060002-121-121.json,0521_600-20220616/0521_600-20220616-051409-126-0.txt,0521_600-20220616/0521_600-20220616-060002-121-121.txt
0521,600,20220617,051304,122-0,063308,115-115,0521_600-20220617/0521_600-20220617-051304-122-0.json,0521_600-20220617/0521_600-20220617-063308-115-115.json,0521_600-20220617/0521_600-20220617-051304-122-0.txt,0521_600-20220617/0521_600-20220617-063308-115-115.txt
0521,600,20220620,051107,112-0,063330,120-120,0521_600-20220620/0521_600-20220620-051107-112-0.json,0521_600-20220620/0521_600-20220620-063330-120-120.json,0521_600-20220620/0521_600-20220620-051107-112-0.txt,0521_600-20220620/0521_600-20220620-063330-120-120.txt
0521,600,20220621,051907,157-0,070256,142-142,0521_600-20220621/0521_600-20220621-051907-157-0.json,0521_600-20220621/0521_600-20220621-070256-142-142.json,0521_600-20220621/0521_600-20220621-051907-157-0.txt,0521_600-20220621/0521_600-20220621-070256-142-142.txt
0521,600,20220622,052317,151-0,070426,142-142,0521_600-20220622/0521_600-20220622-052317-151-0.json,0521_600-20220622/0521_600-20220622-070426-142-142.json,0521_600-20220622/0521_600-20220622-052317-151-0.txt,0521_600-20220622/0521_600-20220622-070426-142-142.txt
0521,601,20220530,063843,132-130,073530,131-131,0521_601-20220530/0521_601-20220530-063843-132-130.json,0521_601-20220530/0521_601-20220530-073530-131-131.json,0521_601-20220530/0521_601-20220530-063843-132-130.txt,0521_601-20220530/0521_601-20220530-073530-131-131.txt
0521,601,20220531,063009,140-0,074156,140-140,0521_601-20220531/0521_601-20220531-063009-140-0.json,0521_601-20220531/0521_601-20220531-074156-140-140.json,0521_601-20220531/0521_601-20220531-063009-140-0.txt,0521_601-20220531/0521_601-20220531-074156-140-140.txt
0521,601,20220601,061500,153-0,074848,138-138,0521_601-20220601/0521_601-20220601-061500-153-0.json,0521_601-20220601/0521_601-20220601-074848-138-138.json,0521_601-20220601/0521_601-20220601-061500-153-0.txt,0521_601-20220601/0521_601-20220601-074848-138-138.txt
0521,601,20220602,060511,156-0,073122,138-138,0521_601-20220602/0521_601-20220602-060511-156-0.json,0521_601-20220602/0521_601-20220602-073122-138-138.json,0521_601-20220602/0521_601-20220602-060511-156-0.txt,0521_601-20220602/0521_601-20220602-073122-138-138.txt
0521,601,20220603,051219,120-0,072859,121-121,0521_601-20220603/0521_601-20220603-051219-120-0.json,0521_601-20220603/0521_601-20220603-072859-121-121.json,0521_601-20220603/0521_601-20220603-051219-120-0.txt,0521_601-20220603/0521_601-20220603-072859-121-121.txt
0521,601,20220607,060104,110-0,070630,110-110,0521_601-20220607/0521_601-20220607-060104-110-0.json,0521_601-20220607/0521_601-20220607-070630-110-110.json,0521_601-20220607/0521_601-20220607-060104-110-0.txt,0521_601-20220607/0521_601-20220607-070630-110-110.txt
0521,601,20220608,055834,157-0,073336,141-141,0521_601-20220608/0521_601-20220608-055834-157-0.json,0521_601-20220608/0521_601-20220608-073336-141-141.json,0521_601-20220608/0521_601-20220608-055834-157-0.txt,0521_601-20220608/0521_601-20220608-073336-141-141.txt
0521,601,20220609,061051,156-0,073242,140-140,0521_601-20220609/0521_601-20220609-061051-156-0.json,0521_601-20220609/0521_601-20220609-073242-140-140.json,0521_601-20220609/0521_601-20220609-061051-156-0.txt,0521_601-20220609/0521_601-20220609-073242-140-140.txt
0521,601,20220610,062340,163-0,080545,138-138,0521_601-20220610/0521_601-20220610-062340-163-0.json,0521_601-20220610/0521_601-20220610-080545-138-138.json,0521_601-20220610/0521_601-20220610-062340-163-0.txt,0521_601-20220610/0521_601-20220610-080545-138-138.txt
0521,601,20220613,050758,130-0,074802,136-136,0521_601-20220613/0521_601-20220613-050758-130-0.json,0521_601-20220613/0521_601-20220613-074802-136-136.json,0521_601-20220613/0521_601-20220613-050758-130-0.txt,0521_601-20220613/0521_601-20220613-074802-136-136.txt
0521,601,20220614,051652,163-0,073533,139-139,0521_601-20220614/0521_601-20220614-051652-163-0.json,0521_601-20220614/0521_601-20220614-073533-139-139.json,0521_601-20220614/0521_601-20220614-051652-163-0.txt,0521_601-20220614/0521_601-20220614-073533-139-139.txt
0521,601,20220615,052056,149-0,083035,128-128,0521_601-20220615/0521_601-20220615-052056-149-0.json,0521_601-20220615/0521_601-20220615-083035-128-128.json,0521_601-20220615/0521_601-20220615-052056-149-0.txt,0521_601-20220615/0521_601-20220615-083035-128-128.txt
0521,601,20220616,060925,124-120,073635,124-124,0521_601-20220616/0521_601-20220616-060925-124-120.json,0521_601-20220616/0521_601-20220616-073635-124-124.json,0521_601-20220616/0521_601-20220616-060925-124-120.txt,0521_601-20220616/0521_601-20220616-073635-124-124.txt
0521,601,20220617,051918,127-0,071006,126-126,0521_601-20220617/0521_601-20220617-051918-127-0.json,0521_601-20220617/0521_601-20220617-071006-126-126.json,0521_601-20220617/0521_601-20220617-051918-127-0.txt,0521_601-20220617/0521_601-20220617-071006-126-126.txt
0521,601,20220620,055243,121-0,070300,116-116,0521_601-20220620/0521_601-20220620-055243-121-0.json,0521_601-20220620/0521_601-20220620-070300-116-116.json,0521_601-20220620/0521_601-20220620-055243-121-0.txt,0521_601-20220620/0521_601-20220620-070300-116-116.txt
0521,601,20220621,051923,166-0,075441,138-138,0521_601-20220621/0521_601-20220621-051923-166-0.json,0521_601-20220621/0521_601-20220621-075441-138-138.json,0521_601-20220621/0521_601-20220621-051923-166-0.txt,0521_601-20220621/0521_601-20220621-075441-138-138.txt
0521,601,20220622,055734,146-0,071013,139-139,0521_601-20220622/0521_601-20220622-055734-146-0.json,0521_601-20220622/0521_601-20220622-071013-139-139.json,0521_601-20220622/0521_601-20220622-055734-146-0.txt,0521_601-20220622/0521_601-20220622-071013-139-139.txt
0521,602,20220530,062908,130-130,062947,130-130,0521_602-20220530/0521_602-20220530-062908-130-130.json,0521_602-20220530/0521_602-20220530-062947-130-130.json,0521_602-20220530/0521_602-20220530-062908-130-130.txt,0521_602-20220530/0521_602-20220530-062947-130-130.txt
0521,602,20220531,051844,145-0,073251,168-168,0521_602-20220531/0521_602-20220531-051844-145-0.json,0521_602-20220531/0521_602-20220531-073251-168-168.json,0521_602-20220531/0521_602-20220531-051844-145-0.txt,0521_602-20220531/0521_602-20220531-073251-168-168.txt
0521,602,20220601,050534,139-0,063812,149-147,0521_602-20220601/0521_602-20220601-050534-139-0.json,0521_602-20220601/0521_602-20220601-063812-149-147.json,0521_602-20220601/0521_602-20220601-050534-139-0.txt,0521_602-20220601/0521_602-20220601-063812-149-147.txt
0521,602,20220602,050247,107-0,061434,114-114,0521_602-20220602/0521_602-20220602-050247-107-0.json,0521_602-20220602/0521_602-20220602-061434-114-114.json,0521_602-20220602/0521_602-20220602-050247-107-0.txt,0521_602-20220602/0521_602-20220602-061434-114-114.txt
0521,602,20220603,050247,101-0,060552,110-110,0521_602-20220603/0521_602-20220603-050247-101-0.json,0521_602-20220603/0521_602-20220603-060552-110-110.json,0521_602-20220603/0521_602-20220603-050247-101-0.txt,0521_602-20220603/0521_602-20220603-060552-110-110.txt
0521,602,20220607,050347,94-0,060058,97-97,0521_602-20220607/0521_602-20220607-050347-94-0.json,0521_602-20220607/0521_602-20220607-060058-97-97.json,0521_602-20220607/0521_602-20220607-050347-94-0.txt,0521_602-20220607/0521_602-20220607-060058-97-97.txt
0521,602,20220608,050333,145-0,063629,152-152,0521_602-20220608/0521_602-20220608-050333-145-0.json,0521_602-20220608/0521_602-20220608-063629-152-152.json,0521_602-20220608/0521_602-20220608-050333-145-0.txt,0521_602-20220608/0521_602-20220608-063629-152-152.txt
0521,602,20220609,050324,139-0,065013,145-145,0521_602-20220609/0521_602-20220609-050324-139-0.json,0521_602-20220609/0521_602-20220609-065013-145-145.json,0521_602-20220609/0521_602-20220609-050324-139-0.txt,0521_602-20220609/0521_602-20220609-065013-145-145.txt
0521,602,20220610,050132,126-0,063539,134-134,0521_602-20220610/0521_602-20220610-050132-126-0.json,0521_602-20220610/0521_602-20220610-063539-134-134.json,0521_602-20220610/0521_602-20220610-050132-126-0.txt,0521_602-20220610/0521_602-20220610-063539-134-134.txt
0521,602,20220613,050220,94-0,055725,98-98,0521_602-20220613/0521_602-20220613-050220-94-0.json,0521_602-20220613/0521_602-20220613-055725-98-98.json,0521_602-20220613/0521_602-20220613-050220-94-0.txt,0521_602-20220613/0521_602-20220613-055725-98-98.txt
0521,602,20220614,050228,120-0,062123,121-121,0521_602-20220614/0521_602-20220614-050228-120-0.json,0521_602-20220614/0521_602-20220614-062123-121-121.json,0521_602-20220614/0521_602-20220614-050228-120-0.txt,0521_602-20220614/0521_602-20220614-062123-121-121.txt
0521,602,20220615,050250,134-0,060708,137-137,0521_602-20220615/0521_602-20220615-050250-134-0.json,0521_602-20220615/0521_602-20220615-060708-137-137.json,0521_602-20220615/0521_602-20220615-050250-134-0.txt,0521_602-20220615/0521_602-20220615-060708-137-137.txt
0521,602,20220616,050150,113-0,061135,114-114,0521_602-20220616/0521_602-20220616-050150-113-0.json,0521_602-20220616/0521_602-20220616-061135-114-114.json,0521_602-20220616/0521_602-20220616-050150-113-0.txt,0521_602-20220616/0521_602-20220616-061135-114-114.txt
0521,602,20220617,050302,88-0,054654,93-93,0521_602-20220617/0521_602-20220617-050302-88-0.json,0521_602-20220617/0521_602-20220617-054654-93-93.json,0521_602-20220617/0521_602-20220617-050302-88-0.txt,0521_602-20220617/0521_602-20220617-054654-93-93.txt
0521,602,20220620,050402,89-0,055922,87-87,0521_602-20220620/0521_602-20220620-050402-89-0.json,0521_602-20220620/0521_602-20220620-055922-87-87.json,0521_602-20220620/0521_602-20220620-050402-89-0.txt,0521_602-20220620/0521_602-20220620-055922-87-87.txt
0521,602,20220621,050225,139-0,061454,135-135,0521_602-20220621/0521_602-20220621-050225-139-0.json,0521_602-20220621/0521_602-20220621-061454-135-135.json,0521_602-20220621/0521_602-20220621-050225-139-0.txt,0521_602-20220621/0521_602-20220621-061454-135-135.txt
0521,602,20220622,050614,106-0,061545,117-117,0521_602-20220622/0521_602-20220622-050614-106-0.json,0521_602-20220622/0521_602-20220622-061545-117-117.json,0521_602-20220622/0521_602-20220622-050614-106-0.txt,0521_602-20220622/0521_602-20220622-061545-117-117.txt
0521,603,20220530,063334,149-140,073908,153-153,0521_603-20220530/0521_603-20220530-063334-149-140.json,0521_603-20220530/0521_603-20220530-073908-153-153.json,0521_603-20220530/0521_603-20220530-063334-149-140.txt,0521_603-20220530/0521_603-20220530-073908-153-153.txt
0521,603,20220531,051008,214-0,082422,161-161,0521_603-20220531/0521_603-20220531-051008-214-0.json,0521_603-20220531/0521_603-20220531-082422-161-161.json,0521_603-20220531/0521_603-20220531-051008-214-0.txt,0521_603-20220531/0521_603-20220531-082422-161-161.txt
0521,603,20220601,052321,152-0,073202,158-157,0521_603-20220601/0521_603-20220601-052321-152-0.json,0521_603-20220601/0521_603-20220601-073202-158-157.json,0521_603-20220601/0521_603-20220601-052321-152-0.txt,0521_603-20220601/0521_603-20220601-073202-158-157.txt
0521,603,20220602,051953,168-0,063213,143-140,0521_603-20220602/0521_603-20220602-051953-168-0.json,0521_603-20220602/0521_603-20220602-063213-143-140.json,0521_603-20220602/0521_603-20220602-051953-168-0.txt,0521_603-20220602/0521_603-20220602-063213-143-140.txt
0521,603,20220603,051258,138-0,065608,123-123,0521_603-20220603/0521_603-20220603-051258-138-0.json,0521_603-20220603/0521_603-20220603-065608-123-123.json,0521_603-20220603/0521_603-20220603-051258-138-0.txt,0521_603-20220603/0521_603-20220603-065608-123-123.txt
0521,603,20220607,051910,128-0,071245,116-116,0521_603-20220607/0521_603-20220607-051910-128-0.json,0521_603-20220607/0521_603-20220607-071245-116-116.json,0521_603-20220607/0521_603-20220607-051910-128-0.txt,0521_603-20220607/0521_603-20220607-071245-116-116.txt
0521,603,20220608,051726,154-0,075115,133-132,0521_603-20220608/0521_603-20220608-051726-154-0.json,0521_603-20220608/0521_603-20220608-075115-133-132.json,0521_603-20220608/0521_603-20220608-051726-154-0.txt,0521_603-20220608/0521_603-20220608-075115-133-132.txt
0521,603,20220609,051603,178-0,074322,137-137,0521_603-20220609/0521_603-20220609-051603-178-0.json,0521_603-20220609/0521_603-20220609-074322-137-137.json,0521_603-20220609/0521_603-20220609-051603-178-0.txt,0521_603-20220609/0521_603-20220609-074322-137-137.txt
0521,603,20220613,050752,130-0,074044,133-133,0521_603-20220613/0521_603-20220613-050752-130-0.json,0521_603-20220613/0521_603-20220613-074044-133-133.json,0521_603-20220613/0521_603-20220613-050752-130-0.txt,0521_603-20220613/0521_603-20220613-074044-133-133.txt
0521,603,20220614,051632,195-0,074030,135-133,0521_603-20220614/0521_603-20220614-051632-195-0.json,0521_603-20220614/0521_603-20220614-074030-135-133.json,0521_603-20220614/0521_603-20220614-051632-195-0.txt,0521_603-20220614/0521_603-20220614-074030-135-133.txt
0521,603,20220615,051510,161-0,072620,133-132,0521_603-20220615/0521_603-20220615-051510-161-0.json,0521_603-20220615/0521_603-20220615-072620-133-132.json,0521_603-20220615/0521_603-20220615-051510-161-0.txt,0521_603-20220615/0521_603-20220615-072620-133-132.txt
0521,603,20220616,051913,145-0,071953,121-120,0521_603-20220616/0521_603-20220616-051913-145-0.json,0521_603-20220616/0521_603-20220616-071953-121-120.json,0521_603-20220616/0521_603-20220616-051913-145-0.txt,0521_603-20220616/0521_603-20220616-071953-121-120.txt
0521,603,20220617,051351,129-0,073527,126-123,0521_603-20220617/0521_603-20220617-051351-129-0.json,0521_603-20220617/0521_603-20220617-073527-126-123.json,0521_603-20220617/0521_603-20220617-051351-129-0.txt,0521_603-20220617/0521_603-20220617-073527-126-123.txt
0521,603,20220620,051030,112-0,070016,120-120,0521_603-20220620/0521_603-20220620-051030-112-0.json,0521_603-20220620/0521_603-20220620-070016-120-120.json,0521_603-20220620/0521_603-20220620-051030-112-0.txt,0521_603-20220620/0521_603-20220620-070016-120-120.txt
0521,603,20220621,051504,163-0,070209,130-129,0521_603-20220621/0521_603-20220621-051504-163-0.json,0521_603-20220621/0521_603-20220621-070209-130-129.json,0521_603-20220621/0521_603-20220621-051504-163-0.txt,0521_603-20220621/0521_603-20220621-070209-130-129.txt
0521,603,20220622,051117,154-0,073143,136-136,0521_603-20220622/0521_603-20220622-051117-154-0.json,0521_603-20220622/0521_603-20220622-073143-136-136.json,0521_603-20220622/0521_603-20220622-051117-154-0.txt,0521_603-20220622/0521_603-20220622-073143-136-136.txt
0521,604,20220530,062541,145-125,071555,142-142,0521_604-20220530/0521_604-20220530-062541-145-125.json,0521_604-20220530/0521_604-20220530-071555-142-142.json,0521_604-20220530/0521_604-20220530-062541-145-125.txt,0521_604-20220530/0521_604-20220530-071555-142-142.txt
0521,604,20220531,052209,140-0,071536,146-146,0521_604-20220531/0521_604-20220531-052209-140-0.json,0521_604-20220531/0521_604-20220531-071536-146-146.json,0521_604-20220531/0521_604-20220531-052209-140-0.txt,0521_604-20220531/0521_604-20220531-071536-146-146.txt
0521,604,20220601,052638,147-0,072552,150-150,0521_604-20220601/0521_604-20220601-052638-147-0.json,0521_604-20220601/0521_604-20220601-072552-150-150.json,0521_604-20220601/0521_604-20220601-052638-147-0.txt,0521_604-20220601/0521_604-20220601-072552-150-150.txt
0521,604,20220602,051950,139-0,063255,142-142,0521_604-20220602/0521_604-20220602-051950-139-0.json,0521_604-20220602/0521_604-20220602-063255-142-142.json,0521_604-20220602/0521_604-20220602-051950-139-0.txt,0521_604-20220602/0521_604-20220602-063255-142-142.txt
0521,604,20220603,051302,123-0,061710,119-119,0521_604-20220603/0521_604-20220603-051302-123-0.json,0521_604-20220603/0521_604-20220603-061710-119-119.json,0521_604-20220603/0521_604-20220603-051302-123-0.txt,0521_604-20220603/0521_604-20220603-061710-119-119.txt
0521,604,20220604,061425,43-0,064102,47-47,0521_604-20220604/0521_604-20220604-061425-43-0.json,0521_604-20220604/0521_604-20220604-064102-47-47.json,0521_604-20220604/0521_604-20220604-061425-43-0.txt,0521_604-20220604/0521_604-20220604-064102-47-47.txt
0521,604,20220607,051752,93-0,070135,96-96,0521_604-20220607/0521_604-20220607-051752-93-0.json,0521_604-20220607/0521_604-20220607-070135-96-96.json,0521_604-20220607/0521_604-20220607-051752-93-0.txt,0521_604-20220607/0521_604-20220607-070135-96-96.txt
0521,604,20220608,051120,135-0,070201,122-122,0521_604-20220608/0521_604-20220608-051120-135-0.json,0521_604-20220608/0521_604-20220608-070201-122-122.json,0521_604-20220608/0521_604-20220608-051120-135-0.txt,0521_604-20220608/0521_604-20220608-070201-122-122.txt
0521,604,20220609,052032,149-0,074517,153-153,0521_604-20220609/0521_604-20220609-052032-149-0.json,0521_604-20220609/0521_604-20220609-074517-153-153.json,0521_604-20220609/0521_604-20220609-052032-149-0.txt,0521_604-20220609/0521_604-20220609-074517-153-153.txt
0521,604,20220610,051953,115-0,072049,125-125,0521_604-20220610/0521_604-20220610-051953-115-0.json,0521_604-20220610/0521_604-20220610-072049-125-125.json,0521_604-20220610/0521_604-20220610-051953-115-0.txt,0521_604-20220610/0521_604-20220610-072049-125-125.txt
0521,604,20220611,054636,42-0,060817,47-47,0521_604-20220611/0521_604-20220611-054636-42-0.json,0521_604-20220611/0521_604-20220611-060817-47-47.json,0521_604-20220611/0521_604-20220611-054636-42-0.txt,0521_604-20220611/0521_604-20220611-060817-47-47.txt
0521,604,20220613,051652,100-0,071114,115-115,0521_604-20220613/0521_604-20220613-051652-100-0.json,0521_604-20220613/0521_604-20220613-071114-115-115.json,0521_604-20220613/0521_604-20220613-051652-100-0.txt,0521_604-20220613/0521_604-20220613-071114-115-115.txt
0521,604,20220614,051943,123-0,063503,132-132,0521_604-20220614/0521_604-20220614-051943-123-0.json,0521_604-20220614/0521_604-20220614-063503-132-132.json,0521_604-20220614/0521_604-20220614-051943-123-0.txt,0521_604-20220614/0521_604-20220614-063503-132-132.txt
0521,604,20220615,051737,113-0,065159,114-114,0521_604-20220615/0521_604-20220615-051737-113-0.json,0521_604-20220615/0521_604-20220615-065159-114-114.json,0521_604-20220615/0521_604-20220615-051737-113-0.txt,0521_604-20220615/0521_604-20220615-065159-114-114.txt
0521,604,20220616,052423,118-0,070530,116-116,0521_604-20220616/0521_604-20220616-052423-118-0.json,0521_604-20220616/0521_604-20220616-070530-116-116.json,0521_604-20220616/0521_604-20220616-052423-118-0.txt,0521_604-20220616/0521_604-20220616-070530-116-116.txt
0521,604,20220617,051728,122-0,070850,125-125,0521_604-20220617/0521_604-20220617-051728-122-0.json,0521_604-20220617/0521_604-20220617-070850-125-125.json,0521_604-20220617/0521_604-20220617-051728-122-0.txt,0521_604-20220617/0521_604-20220617-070850-125-125.txt
0521,604,20220620,051012,94-0,062531,97-97,0521_604-20220620/0521_604-20220620-051012-94-0.json,0521_604-20220620/0521_604-20220620-062531-97-97.json,0521_604-20220620/0521_604-20220620-051012-94-0.txt,0521_604-20220620/0521_604-20220620-062531-97-97.txt
0521,604,20220621,051819,115-0,064442,118-118,0521_604-20220621/0521_604-20220621-051819-115-0.json,0521_604-20220621/0521_604-20220621-064442-118-118.json,0521_604-20220621/0521_604-20220621-051819-115-0.txt,0521_604-20220621/0521_604-20220621-064442-118-118.txt
0521,604,20220622,051837,129-0,070113,129-129,0521_604-20220622/0521_604-20220622-051837-129-0.json,0521_604-20220622/0521_604-20220622-070113-129-129.json,0521_604-20220622/0521_604-20220622-051837-129-0.txt,0521_604-20220622/0521_604-20220622-070113-129-129.txt
0521,605,20220530,081218,105-0,081218,105-0,0521_605-20220530/0521_605-20220530-081218-105-0.json,0521_605-20220530/0521_605-20220530-081218-105-0.json,0521_605-20220530/0521_605-20220530-081218-105-0.txt,0521_605-20220530/0521_605-20220530-081218-105-0.txt
0521,605,20220531,083638,176-0,100549,200-200,0521_605-20220531/0521_605-20220531-083638-176-0.json,0521_605-20220531/0521_605-20220531-100549-200-200.json,0521_605-20220531/0521_605-20220531-083638-176-0.txt,0521_605-20220531/0521_605-20220531-100549-200-200.txt
0521,605,20220601,085006,184-0,095644,175-175,0521_605-20220601/0521_605-20220601-085006-184-0.json,0521_605-20220601/0521_605-20220601-095644-175-175.json,0521_605-20220601/0521_605-20220601-085006-184-0.txt,0521_605-20220601/0521_605-20220601-095644-175-175.txt
0521,605,20220602,083953,143-0,092645,134-134,0521_605-20220602/0521_605-20220602-083953-143-0.json,0521_605-20220602/0521_605-20220602-092645-134-134.json,0521_605-20220602/0521_605-20220602-083953-143-0.txt,0521_605-20220602/0521_605-20220602-092645-134-134.txt
0521,605,20220603,082502,135-0,091723,126-126,0521_605-20220603/0521_605-20220603-082502-135-0.json,0521_605-20220603/0521_605-20220603-091723-126-126.json,0521_605-20220603/0521_605-20220603-082502-135-0.txt,0521_605-20220603/0521_605-20220603-091723-126-126.txt
0521,605,20220607,081833,121-0,084508,113-113,0521_605-20220607/0521_605-20220607-081833-121-0.json,0521_605-20220607/0521_605-20220607-084508-113-113.json,0521_605-20220607/0521_605-20220607-081833-121-0.txt,0521_605-20220607/0521_605-20220607-084508-113-113.txt
0521,605,20220608,085209,191-0,095418,160-160,0521_605-20220608/0521_605-20220608-085209-191-0.json,0521_605-20220608/0521_605-20220608-095418-160-160.json,0521_605-20220608/0521_605-20220608-085209-191-0.txt,0521_605-20220608/0521_605-20220608-095418-160-160.txt
0521,605,20220609,084002,188-0,094959,156-156,0521_605-20220609/0521_605-20220609-084002-188-0.json,0521_605-20220609/0521_605-20220609-094959-156-156.json,0521_605-20220609/0521_605-20220609-084002-188-0.txt,0521_605-20220609/0521_605-20220609-094959-156-156.txt
0521,605,20220610,082638,181-0,091308,136-136,0521_605-20220610/0521_605-20220610-082638-181-0.json,0521_605-20220610/0521_605-20220610-091308-136-136.json,0521_605-20220610/0521_605-20220610-082638-181-0.txt,0521_605-20220610/0521_605-20220610-091308-136-136.txt
0521,605,20220613,082036,140-0,090456,124-124,0521_605-20220613/0521_605-20220613-082036-140-0.json,0521_605-20220613/0521_605-20220613-090456-124-124.json,0521_605-20220613/0521_605-20220613-082036-140-0.txt,0521_605-20220613/0521_605-20220613-090456-124-124.txt
0521,605,20220614,083424,133-0,083832,126-126,0521_605-20220614/0521_605-20220614-083424-133-0.json,0521_605-20220614/0521_605-20220614-083832-126-126.json,0521_605-20220614/0521_605-20220614-083424-133-0.txt,0521_605-20220614/0521_605-20220614-083832-126-126.txt
0521,605,20220615,083632,158-0,092715,136-136,0521_605-20220615/0521_605-20220615-083632-158-0.json,0521_605-20220615/0521_605-20220615-092715-136-136.json,0521_605-20220615/0521_605-20220615-083632-158-0.txt,0521_605-20220615/0521_605-20220615-092715-136-136.txt
0521,605,20220616,082008,135-0,083537,126-126,0521_605-20220616/0521_605-20220616-082008-135-0.json,0521_605-20220616/0521_605-20220616-083537-126-126.json,0521_605-20220616/0521_605-20220616-082008-135-0.txt,0521_605-20220616/0521_605-20220616-083537-126-126.txt
0521,605,20220617,081406,123-0,084657,112-112,0521_605-20220617/0521_605-20220617-081406-123-0.json,0521_605-20220617/0521_605-20220617-084657-112-112.json,0521_605-20220617/0521_605-20220617-081406-123-0.txt,0521_605-20220617/0521_605-20220617-084657-112-112.txt
0521,605,20220620,081224,115-0,084159,103-103,0521_605-20220620/0521_605-20220620-081224-115-0.json,0521_605-20220620/0521_605-20220620-084159-103-103.json,0521_605-20220620/0521_605-20220620-081224-115-0.txt,0521_605-20220620/0521_605-20220620-084159-103-103.txt
0521,605,20220621,083342,146-0,093255,130-130,0521_605-20220621/0521_605-20220621-083342-146-0.json,0521_605-20220621/0521_605-20220621-093255-130-130.json,0521_605-20220621/0521_605-20220621-083342-146-0.txt,0521_605-20220621/0521_605-20220621-093255-130-130.txt
0521,605,20220622,083804,136-0,090612,126-126,0521_605-20220622/0521_605-20220622-083804-136-0.json,0521_605-20220622/0521_605-20220622-090612-126-126.json,0521_605-20220622/0521_605-20220622-083804-136-0.txt,0521_605-20220622/0521_605-20220622-090612-126-126.txt
0521,606,20220531,082549,144-0,095638,165-165,0521_606-20220531/0521_606-20220531-082549-144-0.json,0521_606-20220531/0521_606-20220531-095638-165-165.json,0521_606-20220531/0521_606-20220531-082549-144-0.txt,0521_606-20220531/0521_606-20220531-095638-165-165.txt
0521,606,20220601,090257,139-0,092629,133-133,0521_606-20220601/0521_606-20220601-090257-139-0.json,0521_606-20220601/0521_606-20220601-092629-133-133.json,0521_606-20220601/0521_606-20220601-090257-139-0.txt,0521_606-20220601/0521_606-20220601-092629-133-133.txt
0521,606,20220602,084310,109-0,090216,109-108,0521_606-20220602/0521_606-20220602-084310-109-0.json,0521_606-20220602/0521_606-20220602-090216-109-108.json,0521_606-20220602/0521_606-20220602-084310-109-0.txt,0521_606-20220602/0521_606-20220602-090216-109-108.txt
0521,606,20220603,083059,105-0,085530,102-102,0521_606-20220603/0521_606-20220603-083059-105-0.json,0521_606-20220603/0521_606-20220603-085530-102-102.json,0521_606-20220603/0521_606-20220603-083059-105-0.txt,0521_606-20220603/0521_606-20220603-085530-102-102.txt
0521,606,20220607,082111,89-0,083559,82-82,0521_606-20220607/0521_606-20220607-082111-89-0.json,0521_606-20220607/0521_606-20220607-083559-82-82.json,0521_606-20220607/0521_606-20220607-082111-89-0.txt,0521_606-20220607/0521_606-20220607-083559-82-82.txt
0521,606,20220608,090434,140-0,092827,137-137,0521_606-20220608/0521_606-20220608-090434-140-0.json,0521_606-20220608/0521_606-20220608-092827-137-137.json,0521_606-20220608/0521_606-20220608-090434-140-0.txt,0521_606-20220608/0521_606-20220608-092827-137-137.txt
0521,606,20220609,085721,152-0,092054,150-148,0521_606-20220609/0521_606-20220609-085721-152-0.json,0521_606-20220609/0521_606-20220609-092054-150-148.json,0521_606-20220609/0521_606-20220609-085721-152-0.txt,0521_606-20220609/0521_606-20220609-092054-150-148.txt
0521,606,20220610,084058,126-125,084742,129-128,0521_606-20220610/0521_606-20220610-084058-126-125.json,0521_606-20220610/0521_606-20220610-084742-129-128.json,0521_606-20220610/0521_606-20220610-084058-126-125.txt,0521_606-20220610/0521_606-20220610-084742-129-128.txt
0521,606,20220611,055645,85-0,065404,85-85,0521_606-20220611/0521_606-20220611-055645-85-0.json,0521_606-20220611/0521_606-20220611-065404-85-85.json,0521_606-20220611/0521_606-20220611-055645-85-0.txt,0521_606-20220611/0521_606-20220611-065404-85-85.txt
0521,606,20220613,082757,95-0,083625,87-87,0521_606-20220613/0521_606-20220613-082757-95-0.json,0521_606-20220613/0521_606-20220613-083625-87-87.json,0521_606-20220613/0521_606-20220613-082757-95-0.txt,0521_606-20220613/0521_606-20220613-083625-87-87.txt
0521,606,20220614,085316,143-0,091844,135-135,0521_606-20220614/0521_606-20220614-085316-143-0.json,0521_606-20220614/0521_606-20220614-091844-135-135.json,0521_606-20220614/0521_606-20220614-085316-143-0.txt,0521_606-20220614/0521_606-20220614-091844-135-135.txt
0521,606,20220615,084656,175-0,091333,139-139,0521_606-20220615/0521_606-20220615-084656-175-0.json,0521_606-20220615/0521_606-20220615-091333-139-139.json,0521_606-20220615/0521_606-20220615-084656-175-0.txt,0521_606-20220615/0521_606-20220615-091333-139-139.txt
0521,606,20220616,082105,119-0,085715,133-0,0521_606-20220616/0521_606-20220616-082105-119-0.json,0521_606-20220616/0521_606-20220616-085715-133-0.json,0521_606-20220616/0521_606-20220616-082105-119-0.txt,0521_606-20220616/0521_606-20220616-085715-133-0.txt
0521,606,20220617,082107,99-0,084552,96-95,0521_606-20220617/0521_606-20220617-082107-99-0.json,0521_606-20220617/0521_606-20220617-084552-96-95.json,0521_606-20220617/0521_606-20220617-082107-99-0.txt,0521_606-20220617/0521_606-20220617-084552-96-95.txt
0521,606,20220620,081944,88-0,083709,84-84,0521_606-20220620/0521_606-20220620-081944-88-0.json,0521_606-20220620/0521_606-20220620-083709-84-84.json,0521_606-20220620/0521_606-20220620-081944-88-0.txt,0521_606-20220620/0521_606-20220620-083709-84-84.txt
0521,606,20220621,085553,130-0,091939,125-125,0521_606-20220621/0521_606-20220621-085553-130-0.json,0521_606-20220621/0521_606-20220621-091939-125-125.json,0521_606-20220621/0521_606-20220621-085553-130-0.txt,0521_606-20220621/0521_606-20220621-091939-125-125.txt
0521,606,20220622,084731,129-0,085910,127-127,0521_606-20220622/0521_606-20220622-084731-129-0.json,0521_606-20220622/0521_606-20220622-085910-127-127.json,0521_606-20220622/0521_606-20220622-084731-129-0.txt,0521_606-20220622/0521_606-20220622-085910-127-127.txt
0521,607,20220530,064821,133-109,070857,126-126,0521_607-20220530/0521_607-20220530-064821-133-109.json,0521_607-20220530/0521_607-20220530-070857-126-126.json,0521_607-20220530/0521_607-20220530-064821-133-109.txt,0521_607-20220530/0521_607-20220530-070857-126-126.txt
0521,607,20220531,051625,180-0,071318,170-170,0521_607-20220531/0521_607-20220531-051625-180-0.json,0521_607-20220531/0521_607-20220531-071318-170-170.json,0521_607-20220531/0521_607-20220531-051625-180-0.txt,0521_607-20220531/0521_607-20220531-071318-170-170.txt
0521,607,20220601,052240,150-0,065757,150-150,0521_607-20220601/0521_607-20220601-052240-150-0.json,0521_607-20220601/0521_607-20220601-065757-150-150.json,0521_607-20220601/0521_607-20220601-052240-150-0.txt,0521_607-20220601/0521_607-20220601-065757-150-150.txt
0521,607,20220602,052839,163-0,072648,162-162,0521_607-20220602/0521_607-20220602-052839-163-0.json,0521_607-20220602/0521_607-20220602-072648-162-162.json,0521_607-20220602/0521_607-20220602-052839-163-0.txt,0521_607-20220602/0521_607-20220602-072648-162-162.txt
0521,607,20220603,052120,141-0,065227,136-136,0521_607-20220603/0521_607-20220603-052120-141-0.json,0521_607-20220603/0521_607-20220603-065227-136-136.json,0521_607-20220603/0521_607-20220603-052120-141-0.txt,0521_607-20220603/0521_607-20220603-065227-136-136.txt
0521,607,20220607,051935,133-0,063500,138-138,0521_607-20220607/0521_607-20220607-051935-133-0.json,0521_607-20220607/0521_607-20220607-063500-138-138.json,0521_607-20220607/0521_607-20220607-051935-133-0.txt,0521_607-20220607/0521_607-20220607-063500-138-138.txt
0521,607,20220608,051815,156-0,070557,165-165,0521_607-20220608/0521_607-20220608-051815-156-0.json,0521_607-20220608/0521_607-20220608-070557-165-165.json,0521_607-20220608/0521_607-20220608-051815-156-0.txt,0521_607-20220608/0521_607-20220608-070557-165-165.txt
0521,607,20220609,052143,161-0,071816,169-169,0521_607-20220609/0521_607-20220609-052143-161-0.json,0521_607-20220609/0521_607-20220609-071816-169-169.json,0521_607-20220609/0521_607-20220609-052143-161-0.txt,0521_607-20220609/0521_607-20220609-071816-169-169.txt
0521,607,20220610,062321,137-137,070218,150-150,0521_607-20220610/0521_607-20220610-062321-137-137.json,0521_607-20220610/0521_607-20220610-070218-150-150.json,0521_607-20220610/0521_607-20220610-062321-137-137.txt,0521_607-20220610/0521_607-20220610-070218-150-150.txt
0521,607,20220613,053015,115-0,064116,115-115,0521_607-20220613/0521_607-20220613-053015-115-0.json,0521_607-20220613/0521_607-20220613-064116-115-115.json,0521_607-20220613/0521_607-20220613-053015-115-0.txt,0521_607-20220613/0521_607-20220613-064116-115-115.txt
0521,607,20220614,052701,152-0,070019,153-153,0521_607-20220614/0521_607-20220614-052701-152-0.json,0521_607-20220614/0521_607-20220614-070019-153-153.json,0521_607-20220614/0521_607-20220614-052701-152-0.txt,0521_607-20220614/0521_607-20220614-070019-153-153.txt
0521,607,20220615,052333,149-0,070306,156-156,0521_607-20220615/0521_607-20220615-052333-149-0.json,0521_607-20220615/0521_607-20220615-070306-156-156.json,0521_607-20220615/0521_607-20220615-052333-149-0.txt,0521_607-20220615/0521_607-20220615-070306-156-156.txt
0521,607,20220616,051540,146-0,064010,150-150,0521_607-20220616/0521_607-20220616-051540-146-0.json,0521_607-20220616/0521_607-20220616-064010-150-150.json,0521_607-20220616/0521_607-20220616-051540-146-0.txt,0521_607-20220616/0521_607-20220616-064010-150-150.txt
0521,607,20220617,052233,131-0,064718,127-127,0521_607-20220617/0521_607-20220617-052233-131-0.json,0521_607-20220617/0521_607-20220617-064718-127-127.json,0521_607-20220617/0521_607-20220617-052233-131-0.txt,0521_607-20220617/0521_607-20220617-064718-127-127.txt
0521,607,20220618,061103,90-0,063134,90-90,0521_607-20220618/0521_607-20220618-061103-90-0.json,0521_607-20220618/0521_607-20220618-063134-90-90.json,0521_607-20220618/0521_607-20220618-061103-90-0.txt,0521_607-20220618/0521_607-20220618-063134-90-90.txt
0521,607,20220620,052625,95-0,063411,99-99,0521_607-20220620/0521_607-20220620-052625-95-0.json,0521_607-20220620/0521_607-20220620-063411-99-99.json,0521_607-20220620/0521_607-20220620-052625-95-0.txt,0521_607-20220620/0521_607-20220620-063411-99-99.txt
0521,607,20220621,052025,144-0,065030,150-150,0521_607-20220621/0521_607-20220621-052025-144-0.json,0521_607-20220621/0521_607-20220621-065030-150-150.json,0521_607-20220621/0521_607-20220621-052025-144-0.txt,0521_607-20220621/0521_607-20220621-065030-150-150.txt
0521,607,20220622,052038,152-0,064212,155-155,0521_607-20220622/0521_607-20220622-052038-152-0.json,0521_607-20220622/0521_607-20220622-064212-155-155.json,0521_607-20220622/0521_607-20220622-052038-152-0.txt,0521_607-20220622/0521_607-20220622-064212-155-155.txt
0521,608,20220530,062744,148-143,070852,145-145,0521_608-20220530/0521_608-20220530-062744-148-143.json,0521_608-20220530/0521_608-20220530-070852-145-145.json,0521_608-20220530/0521_608-20220530-062744-148-143.txt,0521_608-20220530/0521_608-20220530-070852-145-145.txt
0521,608,20220531,051624,171-0,081830,173-173,0521_608-20220531/0521_608-20220531-051624-171-0.json,0521_608-20220531/0521_608-20220531-081830-173-173.json,0521_608-20220531/0521_608-20220531-051624-171-0.txt,0521_608-20220531/0521_608-20220531-081830-173-173.txt
0521,608,20220601,051733,171-0,065126,169-169,0521_608-20220601/0521_608-20220601-051733-171-0.json,0521_608-20220601/0521_608-20220601-065126-169-169.json,0521_608-20220601/0521_608-20220601-051733-171-0.txt,0521_608-20220601/0521_608-20220601-065126-169-169.txt
0521,608,20220602,051627,185-0,071359,183-183,0521_608-20220602/0521_608-20220602-051627-185-0.json,0521_608-20220602/0521_608-20220602-071359-183-183.json,0521_608-20220602/0521_608-20220602-051627-185-0.txt,0521_608-20220602/0521_608-20220602-071359-183-183.txt
0521,608,20220603,051529,156-0,065329,154-154,0521_608-20220603/0521_608-20220603-051529-156-0.json,0521_608-20220603/0521_608-20220603-065329-154-154.json,0521_608-20220603/0521_608-20220603-051529-156-0.txt,0521_608-20220603/0521_608-20220603-065329-154-154.txt
0521,608,20220607,051623,112-0,063138,115-115,0521_608-20220607/0521_608-20220607-051623-112-0.json,0521_608-20220607/0521_608-20220607-063138-115-115.json,0521_608-20220607/0521_608-20220607-051623-112-0.txt,0521_608-20220607/0521_608-20220607-063138-115-115.txt
0521,608,20220608,050847,174-0,065159,179-179,0521_608-20220608/0521_608-20220608-050847-174-0.json,0521_608-20220608/0521_608-20220608-065159-179-179.json,0521_608-20220608/0521_608-20220608-050847-174-0.txt,0521_608-20220608/0521_608-20220608-065159-179-179.txt
0521,608,20220609,051322,142-0,070748,159-159,0521_608-20220609/0521_608-20220609-051322-142-0.json,0521_608-20220609/0521_608-20220609-070748-159-159.json,0521_608-20220609/0521_608-20220609-051322-142-0.txt,0521_608-20220609/0521_608-20220609-070748-159-159.txt
0521,608,20220610,051115,143-0,064742,147-147,0521_608-20220610/0521_608-20220610-051115-143-0.json,0521_608-20220610/0521_608-20220610-064742-147-147.json,0521_608-20220610/0521_608-20220610-051115-143-0.txt,0521_608-20220610/0521_608-20220610-064742-147-147.txt
0521,608,20220613,050329,100-0,063905,115-115,0521_608-20220613/0521_608-20220613-050329-100-0.json,0521_608-20220613/0521_608-20220613-063905-115-115.json,0521_608-20220613/0521_608-20220613-050329-100-0.txt,0521_608-20220613/0521_608-20220613-063905-115-115.txt
0521,608,20220614,050739,188-0,074436,184-184,0521_608-20220614/0521_608-20220614-050739-188-0.json,0521_608-20220614/0521_608-20220614-074436-184-184.json,0521_608-20220614/0521_608-20220614-050739-188-0.txt,0521_608-20220614/0521_608-20220614-074436-184-184.txt
0521,608,20220615,052118,135-0,070016,136-136,0521_608-20220615/0521_608-20220615-052118-135-0.json,0521_608-20220615/0521_608-20220615-070016-136-136.json,0521_608-20220615/0521_608-20220615-052118-135-0.txt,0521_608-20220615/0521_608-20220615-070016-136-136.txt
0521,608,20220616,050639,142-0,063651,145-145,0521_608-20220616/0521_608-20220616-050639-142-0.json,0521_608-20220616/0521_608-20220616-063651-145-145.json,0521_608-20220616/0521_608-20220616-050639-142-0.txt,0521_608-20220616/0521_608-20220616-063651-145-145.txt
0521,608,20220617,050906,122-0,064805,125-125,0521_608-20220617/0521_608-20220617-050906-122-0.json,0521_608-20220617/0521_608-20220617-064805-125-125.json,0521_608-20220617/0521_608-20220617-050906-122-0.txt,0521_608-20220617/0521_608-20220617-064805-125-125.txt
0521,608,20220620,052604,96-0,074758,97-97,0521_608-20220620/0521_608-20220620-052604-96-0.json,0521_608-20220620/0521_608-20220620-074758-97-97.json,0521_608-20220620/0521_608-20220620-052604-96-0.txt,0521_608-20220620/0521_608-20220620-074758-97-97.txt
0521,608,20220621,052038,146-0,073327,149-149,0521_608-20220621/0521_608-20220621-052038-146-0.json,0521_608-20220621/0521_608-20220621-073327-149-149.json,0521_608-20220621/0521_608-20220621-052038-146-0.txt,0521_608-20220621/0521_608-20220621-073327-149-149.txt
0521,608,20220622,052017,127-0,062448,133-133,0521_608-20220622/0521_608-20220622-052017-127-0.json,0521_608-20220622/0521_608-20220622-062448-133-133.json,0521_608-20220622/0521_608-20220622-052017-127-0.txt,0521_608-20220622/0521_608-20220622-062448-133-133.txt
0521,609,20220531,055223,196-0,065941,151-151,0521_609-20220531/0521_609-20220531-055223-196-0.json,0521_609-20220531/0521_609-20220531-065941-151-151.json,0521_609-20220531/0521_609-20220531-055223-196-0.txt,0521_609-20220531/0521_609-20220531-065941-151-151.txt
0521,609,20220601,053656,140-0,063328,126-126,0521_609-20220601/0521_609-20220601-053656-140-0.json,0521_609-20220601/0521_609-20220601-063328-126-126.json,0521_609-20220601/0521_609-20220601-053656-140-0.txt,0521_609-20220601/0521_609-20220601-063328-126-126.txt
0521,609,20220602,054455,190-0,065718,142-142,0521_609-20220602/0521_609-20220602-054455-190-0.json,0521_609-20220602/0521_609-20220602-065718-142-142.json,0521_609-20220602/0521_609-20220602-054455-190-0.txt,0521_609-20220602/0521_609-20220602-065718-142-142.txt
0521,609,20220603,053621,144-0,063630,122-122,0521_609-20220603/0521_609-20220603-053621-144-0.json,0521_609-20220603/0521_609-20220603-063630-122-122.json,0521_609-20220603/0521_609-20220603-053621-144-0.txt,0521_609-20220603/0521_609-20220603-063630-122-122.txt
0521,609,20220604,061119,66-0,063915,60-60,0521_609-20220604/0521_609-20220604-061119-66-0.json,0521_609-20220604/0521_609-20220604-063915-60-60.json,0521_609-20220604/0521_609-20220604-061119-66-0.txt,0521_609-20220604/0521_609-20220604-063915-60-60.txt
0521,609,20220607,054607,128-0,064642,110-110,0521_609-20220607/0521_609-20220607-054607-128-0.json,0521_609-20220607/0521_609-20220607-064642-110-110.json,0521_609-20220607/0521_609-20220607-054607-128-0.txt,0521_609-20220607/0521_609-20220607-064642-110-110.txt
0521,609,20220608,053848,151-0,063152,132-132,0521_609-20220608/0521_609-20220608-053848-151-0.json,0521_609-20220608/0521_609-20220608-063152-132-132.json,0521_609-20220608/0521_609-20220608-053848-151-0.txt,0521_609-20220608/0521_609-20220608-063152-132-132.txt
0521,609,20220609,054048,160-0,064331,131-131,0521_609-20220609/0521_609-20220609-054048-160-0.json,0521_609-20220609/0521_609-20220609-064331-131-131.json,0521_609-20220609/0521_609-20220609-054048-160-0.txt,0521_609-20220609/0521_609-20220609-064331-131-131.txt
0521,609,20220610,055827,145-0,064806,138-138,0521_609-20220610/0521_609-20220610-055827-145-0.json,0521_609-20220610/0521_609-20220610-064806-138-138.json,0521_609-20220610/0521_609-20220610-055827-145-0.txt,0521_609-20220610/0521_609-20220610-064806-138-138.txt
0521,609,20220613,053532,143-0,062555,124-124,0521_609-20220613/0521_609-20220613-053532-143-0.json,0521_609-20220613/0521_609-20220613-062555-124-124.json,0521_609-20220613/0521_609-20220613-053532-143-0.txt,0521_609-20220613/0521_609-20220613-062555-124-124.txt
0521,609,20220614,054541,164-0,064330,133-133,0521_609-20220614/0521_609-20220614-054541-164-0.json,0521_609-20220614/0521_609-20220614-064330-133-133.json,0521_609-20220614/0521_609-20220614-054541-164-0.txt,0521_609-20220614/0521_609-20220614-064330-133-133.txt
0521,609,20220615,054207,153-0,064838,119-119,0521_609-20220615/0521_609-20220615-054207-153-0.json,0521_609-20220615/0521_609-20220615-064838-119-119.json,0521_609-20220615/0521_609-20220615-054207-153-0.txt,0521_609-20220615/0521_609-20220615-064838-119-119.txt
0521,609,20220616,055042,115-0,063854,113-113,0521_609-20220616/0521_609-20220616-055042-115-0.json,0521_609-20220616/0521_609-20220616-063854-113-113.json,0521_609-20220616/0521_609-20220616-055042-115-0.txt,0521_609-20220616/0521_609-20220616-063854-113-113.txt
0521,609,20220617,054549,137-0,064212,104-104,0521_609-20220617/0521_609-20220617-054549-137-0.json,0521_609-20220617/0521_609-20220617-064212-104-104.json,0521_609-20220617/0521_609-20220617-054549-137-0.txt,0521_609-20220617/0521_609-20220617-064212-104-104.txt
0521,609,20220620,052800,107-0,061330,90-90,0521_609-20220620/0521_609-20220620-052800-107-0.json,0521_609-20220620/0521_609-20220620-061330-90-90.json,0521_609-20220620/0521_609-20220620-052800-107-0.txt,0521_609-20220620/0521_609-20220620-061330-90-90.txt
0521,609,20220621,053306,156-0,063433,126-126,0521_609-20220621/0521_609-20220621-053306-156-0.json,0521_609-20220621/0521_609-20220621-063433-126-126.json,0521_609-20220621/0521_609-20220621-053306-156-0.txt,0521_609-20220621/0521_609-20220621-063433-126-126.txt
0521,609,20220622,054342,163-0,063940,128-128,0521_609-20220622/0521_609-20220622-054342-163-0.json,0521_609-20220622/0521_609-20220622-063940-128-128.json,0521_609-20220622/0521_609-20220622-054342-163-0.txt,0521_609-20220622/0521_609-20220622-063940-128-128.txt
0521,610,20220531,060645,165-0,072851,160-160,0521_610-20220531/0521_610-20220531-060645-165-0.json,0521_610-20220531/0521_610-20220531-072851-160-160.json,0521_610-20220531/0521_610-20220531-060645-165-0.txt,0521_610-20220531/0521_610-20220531-072851-160-160.txt
0521,610,20220601,055252,148-0,060725,141-141,0521_610-20220601/0521_610-20220601-055252-148-0.json,0521_610-20220601/0521_610-20220601-060725-141-141.json,0521_610-20220601/0521_610-20220601-055252-148-0.txt,0521_610-20220601/0521_610-20220601-060725-141-141.txt
0521,610,20220602,063027,159-0,074856,153-153,0521_610-20220602/0521_610-20220602-063027-159-0.json,0521_610-20220602/0521_610-20220602-074856-153-153.json,0521_610-20220602/0521_610-20220602-063027-159-0.txt,0521_610-20220602/0521_610-20220602-074856-153-153.txt
0521,610,20220603,060954,106-0,070625,95-95,0521_610-20220603/0521_610-20220603-060954-106-0.json,0521_610-20220603/0521_610-20220603-070625-95-95.json,0521_610-20220603/0521_610-20220603-060954-106-0.txt,0521_610-20220603/0521_610-20220603-070625-95-95.txt
0521,610,20220604,064037,150-0,074802,150-150,0521_610-20220604/0521_610-20220604-064037-150-0.json,0521_610-20220604/0521_610-20220604-074802-150-150.json,0521_610-20220604/0521_610-20220604-064037-150-0.txt,0521_610-20220604/0521_610-20220604-074802-150-150.txt
0521,610,20220607,061622,27-0,062504,23-23,0521_610-20220607/0521_610-20220607-061622-27-0.json,0521_610-20220607/0521_610-20220607-062504-23-23.json,0521_610-20220607/0521_610-20220607-061622-27-0.txt,0521_610-20220607/0521_610-20220607-062504-23-23.txt
0521,610,20220608,061300,143-0,073339,137-137,0521_610-20220608/0521_610-20220608-061300-143-0.json,0521_610-20220608/0521_610-20220608-073339-137-137.json,0521_610-20220608/0521_610-20220608-061300-143-0.txt,0521_610-20220608/0521_610-20220608-073339-137-137.txt
0521,610,20220609,054304,135-0,071510,121-121,0521_610-20220609/0521_610-20220609-054304-135-0.json,0521_610-20220609/0521_610-20220609-071510-121-121.json,0521_610-20220609/0521_610-20220609-054304-135-0.txt,0521_610-20220609/0521_610-20220609-071510-121-121.txt
0521,610,20220610,062029,155-0,080049,151-151,0521_610-20220610/0521_610-20220610-062029-155-0.json,0521_610-20220610/0521_610-20220610-080049-151-151.json,0521_610-20220610/0521_610-20220610-062029-155-0.txt,0521_610-20220610/0521_610-20220610-080049-151-151.txt
0521,610,20220611,060154,78-0,064651,78-78,0521_610-20220611/0521_610-20220611-060154-78-0.json,0521_610-20220611/0521_610-20220611-064651-78-78.json,0521_610-20220611/0521_610-20220611-060154-78-0.txt,0521_610-20220611/0521_610-20220611-064651-78-78.txt
0521,610,20220613,060722,108-0,071313,101-101,0521_610-20220613/0521_610-20220613-060722-108-0.json,0521_610-20220613/0521_610-20220613-071313-101-101.json,0521_610-20220613/0521_610-20220613-060722-108-0.txt,0521_610-20220613/0521_610-20220613-071313-101-101.txt
0521,610,20220614,061236,171-0,074250,166-166,0521_610-20220614/0521_610-20220614-061236-171-0.json,0521_610-20220614/0521_610-20220614-074250-166-166.json,0521_610-20220614/0521_610-20220614-061236-171-0.txt,0521_610-20220614/0521_610-20220614-074250-166-166.txt
0521,610,20220615,060324,142-0,071312,128-128,0521_610-20220615/0521_610-20220615-060324-142-0.json,0521_610-20220615/0521_610-20220615-071312-128-128.json,0521_610-20220615/0521_610-20220615-060324-142-0.txt,0521_610-20220615/0521_610-20220615-071312-128-128.txt
0521,610,20220617,061608,109-0,063049,104-104,0521_610-20220617/0521_610-20220617-061608-109-0.json,0521_610-20220617/0521_610-20220617-063049-104-104.json,0521_610-20220617/0521_610-20220617-061608-109-0.txt,0521_610-20220617/0521_610-20220617-063049-104-104.txt
0521,610,20220620,053916,90-0,062737,84-84,0521_610-20220620/0521_610-20220620-053916-90-0.json,0521_610-20220620/0521_610-20220620-062737-84-84.json,0521_610-20220620/0521_610-20220620-053916-90-0.txt,0521_610-20220620/0521_610-20220620-062737-84-84.txt
0521,610,20220621,061001,122-0,071412,117-117,0521_610-20220621/0521_610-20220621-061001-122-0.json,0521_610-20220621/0521_610-20220621-071412-117-117.json,0521_610-20220621/0521_610-20220621-061001-122-0.txt,0521_610-20220621/0521_610-20220621-071412-117-117.txt
0521,610,20220622,061215,135-0,072106,126-126,0521_610-20220622/0521_610-20220622-061215-135-0.json,0521_610-20220622/0521_610-20220622-072106-126-126.json,0521_610-20220622/0521_610-20220622-061215-135-0.txt,0521_610-20220622/0521_610-20220622-072106-126-126.txt
0521,611,20220530,063836,85-0,075449,80-80,0521_611-20220530/0521_611-20220530-063836-85-0.json,0521_611-20220530/0521_611-20220530-075449-80-80.json,0521_611-20220530/0521_611-20220530-063836-85-0.txt,0521_611-20220530/0521_611-20220530-075449-80-80.txt
0521,611,20220531,061145,89-0,073006,88-88,0521_611-20220531/0521_611-20220531-061145-89-0.json,0521_611-20220531/0521_611-20220531-073006-88-88.json,0521_611-20220531/0521_611-20220531-061145-89-0.txt,0521_611-20220531/0521_611-20220531-073006-88-88.txt
0521,611,20220601,065848,95-0,080851,91-91,0521_611-20220601/0521_611-20220601-065848-95-0.json,0521_611-20220601/0521_611-20220601-080851-91-91.json,0521_611-20220601/0521_611-20220601-065848-95-0.txt,0521_611-20220601/0521_611-20220601-080851-91-91.txt
0521,611,20220602,080040,97-0,091323,97-97,0521_611-20220602/0521_611-20220602-080040-97-0.json,0521_611-20220602/0521_611-20220602-091323-97-97.json,0521_611-20220602/0521_611-20220602-080040-97-0.txt,0521_611-20220602/0521_611-20220602-091323-97-97.txt
0521,611,20220603,063452,84-0,064518,81-81,0521_611-20220603/0521_611-20220603-063452-84-0.json,0521_611-20220603/0521_611-20220603-064518-81-81.json,0521_611-20220603/0521_611-20220603-063452-84-0.txt,0521_611-20220603/0521_611-20220603-064518-81-81.txt
0521,611,20220607,064615,79-0,080558,74-74,0521_611-20220607/0521_611-20220607-064615-79-0.json,0521_611-20220607/0521_611-20220607-080558-74-74.json,0521_611-20220607/0521_611-20220607-064615-79-0.txt,0521_611-20220607/0521_611-20220607-080558-74-74.txt
0521,611,20220608,071306,82-0,081453,78-78,0521_611-20220608/0521_611-20220608-071306-82-0.json,0521_611-20220608/0521_611-20220608-081453-78-78.json,0521_611-20220608/0521_611-20220608-071306-82-0.txt,0521_611-20220608/0521_611-20220608-081453-78-78.txt
0521,611,20220609,065731,103-0,082831,101-101,0521_611-20220609/0521_611-20220609-065731-103-0.json,0521_611-20220609/0521_611-20220609-082831-101-101.json,0521_611-20220609/0521_611-20220609-065731-103-0.txt,0521_611-20220609/0521_611-20220609-082831-101-101.txt
0521,611,20220610,071913,102-0,074012,98-98,0521_611-20220610/0521_611-20220610-071913-102-0.json,0521_611-20220610/0521_611-20220610-074012-98-98.json,0521_611-20220610/0521_611-20220610-071913-102-0.txt,0521_611-20220610/0521_611-20220610-074012-98-98.txt
0521,611,20220613,070111,86-0,084427,80-80,0521_611-20220613/0521_611-20220613-070111-86-0.json,0521_611-20220613/0521_611-20220613-084427-80-80.json,0521_611-20220613/0521_611-20220613-070111-86-0.txt,0521_611-20220613/0521_611-20220613-084427-80-80.txt
0521,611,20220614,063608,105-0,081307,100-100,0521_611-20220614/0521_611-20220614-063608-105-0.json,0521_611-20220614/0521_611-20220614-081307-100-100.json,0521_611-20220614/0521_611-20220614-063608-105-0.txt,0521_611-20220614/0521_611-20220614-081307-100-100.txt
0521,611,20220615,072912,89-0,085910,79-79,0521_611-20220615/0521_611-20220615-072912-89-0.json,0521_611-20220615/0521_611-20220615-085910-79-79.json,0521_611-20220615/0521_611-20220615-072912-89-0.txt,0521_611-20220615/0521_611-20220615-085910-79-79.txt
0521,611,20220616,073728,103-0,080257,96-96,0521_611-20220616/0521_611-20220616-073728-103-0.json,0521_611-20220616/0521_611-20220616-080257-96-96.json,0521_611-20220616/0521_611-20220616-073728-103-0.txt,0521_611-20220616/0521_611-20220616-080257-96-96.txt
0521,611,20220617,063858,71-0,073844,66-66,0521_611-20220617/0521_611-20220617-063858-71-0.json,0521_611-20220617/0521_611-20220617-073844-66-66.json,0521_611-20220617/0521_611-20220617-063858-71-0.txt,0521_611-20220617/0521_611-20220617-073844-66-66.txt
0521,611,20220620,064333,81-0,075550,78-78,0521_611-20220620/0521_611-20220620-064333-81-0.json,0521_611-20220620/0521_611-20220620-075550-78-78.json,0521_611-20220620/0521_611-20220620-064333-81-0.txt,0521_611-20220620/0521_611-20220620-075550-78-78.txt
0521,611,20220621,065438,92-0,083559,86-86,0521_611-20220621/0521_611-20220621-065438-92-0.json,0521_611-20220621/0521_611-20220621-083559-86-86.json,0521_611-20220621/0521_611-20220621-065438-92-0.txt,0521_611-20220621/0521_611-20220621-083559-86-86.txt
0521,611,20220622,064811,86-0,080220,81-81,0521_611-20220622/0521_611-20220622-064811-86-0.json,0521_611-20220622/0521_611-20220622-080220-81-81.json,0521_611-20220622/0521_611-20220622-064811-86-0.txt,0521_611-20220622/0521_611-20220622-080220-81-81.txt
0521,612,20220530,062339,71-70,072259,69-69,0521_612-20220530/0521_612-20220530-062339-71-70.json,0521_612-20220530/0521_612-20220530-072259-69-69.json,0521_612-20220530/0521_612-20220530-062339-71-70.txt,0521_612-20220530/0521_612-20220530-072259-69-69.txt
0521,612,20220531,054348,224-0,073213,149-149,0521_612-20220531/0521_612-20220531-054348-224-0.json,0521_612-20220531/0521_612-20220531-073213-149-149.json,0521_612-20220531/0521_612-20220531-054348-224-0.txt,0521_612-20220531/0521_612-20220531-073213-149-149.txt
0521,612,20220601,054304,215-0,064218,137-136,0521_612-20220601/0521_612-20220601-054304-215-0.json,0521_612-20220601/0521_612-20220601-064218-137-136.json,0521_612-20220601/0521_612-20220601-054304-215-0.txt,0521_612-20220601/0521_612-20220601-064218-137-136.txt
0521,612,20220602,054638,234-0,065516,156-156,0521_612-20220602/0521_612-20220602-054638-234-0.json,0521_612-20220602/0521_612-20220602-065516-156-156.json,0521_612-20220602/0521_612-20220602-054638-234-0.txt,0521_612-20220602/0521_612-20220602-065516-156-156.txt
0521,612,20220603,054305,193-0,063807,126-126,0521_612-20220603/0521_612-20220603-054305-193-0.json,0521_612-20220603/0521_612-20220603-063807-126-126.json,0521_612-20220603/0521_612-20220603-054305-193-0.txt,0521_612-20220603/0521_612-20220603-063807-126-126.txt
0521,612,20220604,052557,52-0,060635,56-56,0521_612-20220604/0521_612-20220604-052557-52-0.json,0521_612-20220604/0521_612-20220604-060635-56-56.json,0521_612-20220604/0521_612-20220604-052557-52-0.txt,0521_612-20220604/0521_612-20220604-060635-56-56.txt
0521,612,20220607,054237,173-0,064307,128-128,0521_612-20220607/0521_612-20220607-054237-173-0.json,0521_612-20220607/0521_612-20220607-064307-128-128.json,0521_612-20220607/0521_612-20220607-054237-173-0.txt,0521_612-20220607/0521_612-20220607-064307-128-128.txt
0521,612,20220608,053642,189-0,063045,137-137,0521_612-20220608/0521_612-20220608-053642-189-0.json,0521_612-20220608/0521_612-20220608-063045-137-137.json,0521_612-20220608/0521_612-20220608-053642-189-0.txt,0521_612-20220608/0521_612-20220608-063045-137-137.txt
0521,612,20220609,053903,204-0,063013,129-129,0521_612-20220609/0521_612-20220609-053903-204-0.json,0521_612-20220609/0521_612-20220609-063013-129-129.json,0521_612-20220609/0521_612-20220609-053903-204-0.txt,0521_612-20220609/0521_612-20220609-063013-129-129.txt
0521,612,20220610,055509,142-0,065220,145-145,0521_612-20220610/0521_612-20220610-055509-142-0.json,0521_612-20220610/0521_612-20220610-065220-145-145.json,0521_612-20220610/0521_612-20220610-055509-142-0.txt,0521_612-20220610/0521_612-20220610-065220-145-145.txt
0521,612,20220613,053648,155-0,061945,112-112,0521_612-20220613/0521_612-20220613-053648-155-0.json,0521_612-20220613/0521_612-20220613-061945-112-112.json,0521_612-20220613/0521_612-20220613-053648-155-0.txt,0521_612-20220613/0521_612-20220613-061945-112-112.txt
0521,612,20220614,054313,204-0,063944,132-132,0521_612-20220614/0521_612-20220614-054313-204-0.json,0521_612-20220614/0521_612-20220614-063944-132-132.json,0521_612-20220614/0521_612-20220614-054313-204-0.txt,0521_612-20220614/0521_612-20220614-063944-132-132.txt
0521,612,20220615,053830,206-0,063530,136-136,0521_612-20220615/0521_612-20220615-053830-206-0.json,0521_612-20220615/0521_612-20220615-063530-136-136.json,0521_612-20220615/0521_612-20220615-053830-206-0.txt,0521_612-20220615/0521_612-20220615-063530-136-136.txt
0521,612,20220616,055840,207-0,070650,128-128,0521_612-20220616/0521_612-20220616-055840-207-0.json,0521_612-20220616/0521_612-20220616-070650-128-128.json,0521_612-20220616/0521_612-20220616-055840-207-0.txt,0521_612-20220616/0521_612-20220616-070650-128-128.txt
0521,612,20220617,054444,186-0,070639,120-120,0521_612-20220617/0521_612-20220617-054444-186-0.json,0521_612-20220617/0521_612-20220617-070639-120-120.json,0521_612-20220617/0521_612-20220617-054444-186-0.txt,0521_612-20220617/0521_612-20220617-070639-120-120.txt
0521,612,20220618,052115,55-0,054832,53-53,0521_612-20220618/0521_612-20220618-052115-55-0.json,0521_612-20220618/0521_612-20220618-054832-53-53.json,0521_612-20220618/0521_612-20220618-052115-55-0.txt,0521_612-20220618/0521_612-20220618-054832-53-53.txt
0521,612,20220620,054718,161-0,070209,100-100,0521_612-20220620/0521_612-20220620-054718-161-0.json,0521_612-20220620/0521_612-20220620-070209-100-100.json,0521_612-20220620/0521_612-20220620-054718-161-0.txt,0521_612-20220620/0521_612-20220620-070209-100-100.txt
0521,612,20220621,053546,201-0,065218,133-133,0521_612-20220621/0521_612-20220621-053546-201-0.json,0521_612-20220621/0521_612-20220621-065218-133-133.json,0521_612-20220621/0521_612-20220621-053546-201-0.txt,0521_612-20220621/0521_612-20220621-065218-133-133.txt
0521,612,20220622,054011,196-0,062322,124-124,0521_612-20220622/0521_612-20220622-054011-196-0.json,0521_612-20220622/0521_612-20220622-062322-124-124.json,0521_612-20220622/0521_612-20220622-054011-196-0.txt,0521_612-20220622/0521_612-20220622-062322-124-124.txt
0521,613,20220530,065610,80-80,071910,80-80,0521_613-20220530/0521_613-20220530-065610-80-80.json,0521_613-20220530/0521_613-20220530-071910-80-80.json,0521_613-20220530/0521_613-20220530-065610-80-80.txt,0521_613-20220530/0521_613-20220530-071910-80-80.txt
0521,613,20220531,055636,120-0,073133,120-120,0521_613-20220531/0521_613-20220531-055636-120-0.json,0521_613-20220531/0521_613-20220531-073133-120-120.json,0521_613-20220531/0521_613-20220531-055636-120-0.txt,0521_613-20220531/0521_613-20220531-073133-120-120.txt
0521,613,20220601,054911,91-0,072307,95-95,0521_613-20220601/0521_613-20220601-054911-91-0.json,0521_613-20220601/0521_613-20220601-072307-95-95.json,0521_613-20220601/0521_613-20220601-054911-91-0.txt,0521_613-20220601/0521_613-20220601-072307-95-95.txt
0521,613,20220602,055928,128-0,074147,128-128,0521_613-20220602/0521_613-20220602-055928-128-0.json,0521_613-20220602/0521_613-20220602-074147-128-128.json,0521_613-20220602/0521_613-20220602-055928-128-0.txt,0521_613-20220602/0521_613-20220602-074147-128-128.txt
0521,613,20220603,055244,82-0,071515,85-85,0521_613-20220603/0521_613-20220603-055244-82-0.json,0521_613-20220603/0521_613-20220603-071515-85-85.json,0521_613-20220603/0521_613-20220603-055244-82-0.txt,0521_613-20220603/0521_613-20220603-071515-85-85.txt
0521,613,20220607,055759,59-0,071135,62-62,0521_613-20220607/0521_613-20220607-055759-59-0.json,0521_613-20220607/0521_613-20220607-071135-62-62.json,0521_613-20220607/0521_613-20220607-055759-59-0.txt,0521_613-20220607/0521_613-20220607-071135-62-62.txt
0521,613,20220608,054810,75-0,070537,91-91,0521_613-20220608/0521_613-20220608-054810-75-0.json,0521_613-20220608/0521_613-20220608-070537-91-91.json,0521_613-20220608/0521_613-20220608-054810-75-0.txt,0521_613-20220608/0521_613-20220608-070537-91-91.txt
0521,613,20220609,055031,100-0,070730,105-105,0521_613-20220609/0521_613-20220609-055031-100-0.json,0521_613-20220609/0521_613-20220609-070730-105-105.json,0521_613-20220609/0521_613-20220609-055031-100-0.txt,0521_613-20220609/0521_613-20220609-070730-105-105.txt
0521,613,20220610,060227,112-0,073647,116-116,0521_613-20220610/0521_613-20220610-060227-112-0.json,0521_613-20220610/0521_613-20220610-073647-116-116.json,0521_613-20220610/0521_613-20220610-060227-112-0.txt,0521_613-20220610/0521_613-20220610-073647-116-116.txt
0521,613,20220611,051445,56-0,053629,61-61,0521_613-20220611/0521_613-20220611-051445-56-0.json,0521_613-20220611/0521_613-20220611-053629-61-61.json,0521_613-20220611/0521_613-20220611-051445-56-0.txt,0521_613-20220611/0521_613-20220611-053629-61-61.txt
0521,613,20220613,054523,66-0,065408,68-68,0521_613-20220613/0521_613-20220613-054523-66-0.json,0521_613-20220613/0521_613-20220613-065408-68-68.json,0521_613-20220613/0521_613-20220613-054523-66-0.txt,0521_613-20220613/0521_613-20220613-065408-68-68.txt
0521,613,20220614,054942,100-0,070547,106-106,0521_613-20220614/0521_613-20220614-054942-100-0.json,0521_613-20220614/0521_613-20220614-070547-106-106.json,0521_613-20220614/0521_613-20220614-054942-100-0.txt,0521_613-20220614/0521_613-20220614-070547-106-106.txt
0521,613,20220615,055048,87-0,063826,100-100,0521_613-20220615/0521_613-20220615-055048-87-0.json,0521_613-20220615/0521_613-20220615-063826-100-100.json,0521_613-20220615/0521_613-20220615-055048-87-0.txt,0521_613-20220615/0521_613-20220615-063826-100-100.txt
0521,613,20220616,060550,111-0,073629,113-113,0521_613-20220616/0521_613-20220616-060550-111-0.json,0521_613-20220616/0521_613-20220616-073629-113-113.json,0521_613-20220616/0521_613-20220616-060550-111-0.txt,0521_613-20220616/0521_613-20220616-073629-113-113.txt
0521,613,20220617,055420,103-0,071009,103-103,0521_613-20220617/0521_613-20220617-055420-103-0.json,0521_613-20220617/0521_613-20220617-071009-103-103.json,0521_613-20220617/0521_613-20220617-055420-103-0.txt,0521_613-20220617/0521_613-20220617-071009-103-103.txt
0521,613,20220620,055617,81-0,070222,81-81,0521_613-20220620/0521_613-20220620-055617-81-0.json,0521_613-20220620/0521_613-20220620-070222-81-81.json,0521_613-20220620/0521_613-20220620-055617-81-0.txt,0521_613-20220620/0521_613-20220620-070222-81-81.txt
0521,613,20220621,054508,100-0,065652,102-102,0521_613-20220621/0521_613-20220621-054508-100-0.json,0521_613-20220621/0521_613-20220621-065652-102-102.json,0521_613-20220621/0521_613-20220621-054508-100-0.txt,0521_613-20220621/0521_613-20220621-065652-102-102.txt
0521,613,20220622,055426,102-0,071233,104-104,0521_613-20220622/0521_613-20220622-055426-102-0.json,0521_613-20220622/0521_613-20220622-071233-104-104.json,0521_613-20220622/0521_613-20220622-055426-102-0.txt,0521_613-20220622/0521_613-20220622-071233-104-104.txt
0521,615,20220530,061114,136-0,072259,132-132,0521_615-20220530/0521_615-20220530-061114-136-0.json,0521_615-20220530/0521_615-20220530-072259-132-132.json,0521_615-20220530/0521_615-20220530-061114-136-0.txt,0521_615-20220530/0521_615-20220530-072259-132-132.txt
0521,615,20220531,061413,177-0,074918,175-175,0521_615-20220531/0521_615-20220531-061413-177-0.json,0521_615-20220531/0521_615-20220531-074918-175-175.json,0521_615-20220531/0521_615-20220531-061413-177-0.txt,0521_615-20220531/0521_615-20220531-074918-175-175.txt
0521,615,20220601,063347,178-0,074457,168-168,0521_615-20220601/0521_615-20220601-063347-178-0.json,0521_615-20220601/0521_615-20220601-074457-168-168.json,0521_615-20220601/0521_615-20220601-063347-178-0.txt,0521_615-20220601/0521_615-20220601-074457-168-168.txt
0521,615,20220602,065147,172-0,080839,170-170,0521_615-20220602/0521_615-20220602-065147-172-0.json,0521_615-20220602/0521_615-20220602-080839-170-170.json,0521_615-20220602/0521_615-20220602-065147-172-0.txt,0521_615-20220602/0521_615-20220602-080839-170-170.txt
0521,615,20220603,061635,163-0,072646,160-160,0521_615-20220603/0521_615-20220603-061635-163-0.json,0521_615-20220603/0521_615-20220603-072646-160-160.json,0521_615-20220603/0521_615-20220603-061635-163-0.txt,0521_615-20220603/0521_615-20220603-072646-160-160.txt
0521,615,20220607,054807,118-0,061606,117-117,0521_615-20220607/0521_615-20220607-054807-118-0.json,0521_615-20220607/0521_615-20220607-061606-117-117.json,0521_615-20220607/0521_615-20220607-054807-118-0.txt,0521_615-20220607/0521_615-20220607-061606-117-117.txt
0521,615,20220608,061238,149-0,072720,149-149,0521_615-20220608/0521_615-20220608-061238-149-0.json,0521_615-20220608/0521_615-20220608-072720-149-149.json,0521_615-20220608/0521_615-20220608-061238-149-0.txt,0521_615-20220608/0521_615-20220608-072720-149-149.txt
0521,615,20220609,062107,193-0,070355,193-193,0521_615-20220609/0521_615-20220609-062107-193-0.json,0521_615-20220609/0521_615-20220609-070355-193-193.json,0521_615-20220609/0521_615-20220609-062107-193-0.txt,0521_615-20220609/0521_615-20220609-070355-193-193.txt
0521,615,20220610,061820,154-0,073233,154-154,0521_615-20220610/0521_615-20220610-061820-154-0.json,0521_615-20220610/0521_615-20220610-073233-154-154.json,0521_615-20220610/0521_615-20220610-061820-154-0.txt,0521_615-20220610/0521_615-20220610-073233-154-154.txt
0521,615,20220613,055925,136-0,064051,129-129,0521_615-20220613/0521_615-20220613-055925-136-0.json,0521_615-20220613/0521_615-20220613-064051-129-129.json,0521_615-20220613/0521_615-20220613-055925-136-0.txt,0521_615-20220613/0521_615-20220613-064051-129-129.txt
0521,615,20220614,060852,193-0,074342,187-187,0521_615-20220614/0521_615-20220614-060852-193-0.json,0521_615-20220614/0521_615-20220614-074342-187-187.json,0521_615-20220614/0521_615-20220614-060852-193-0.txt,0521_615-20220614/0521_615-20220614-074342-187-187.txt
0521,615,20220615,060827,158-0,073328,157-157,0521_615-20220615/0521_615-20220615-060827-158-0.json,0521_615-20220615/0521_615-20220615-073328-157-157.json,0521_615-20220615/0521_615-20220615-060827-158-0.txt,0521_615-20220615/0521_615-20220615-073328-157-157.txt
0521,615,20220616,060129,140-0,070930,139-139,0521_615-20220616/0521_615-20220616-060129-140-0.json,0521_615-20220616/0521_615-20220616-070930-139-139.json,0521_615-20220616/0521_615-20220616-060129-140-0.txt,0521_615-20220616/0521_615-20220616-070930-139-139.txt
0521,615,20220617,052643,133-0,072600,131-131,0521_615-20220617/0521_615-20220617-052643-133-0.json,0521_615-20220617/0521_615-20220617-072600-131-131.json,0521_615-20220617/0521_615-20220617-052643-133-0.txt,0521_615-20220617/0521_615-20220617-072600-131-131.txt
0521,615,20220620,055416,117-0,063752,111-111,0521_615-20220620/0521_615-20220620-055416-117-0.json,0521_615-20220620/0521_615-20220620-063752-111-111.json,0521_615-20220620/0521_615-20220620-055416-117-0.txt,0521_615-20220620/0521_615-20220620-063752-111-111.txt
0521,615,20220621,060222,163-0,064943,160-160,0521_615-20220621/0521_615-20220621-060222-163-0.json,0521_615-20220621/0521_615-20220621-064943-160-160.json,0521_615-20220621/0521_615-20220621-060222-163-0.txt,0521_615-20220621/0521_615-20220621-064943-160-160.txt
0521,615,20220622,062656,184-0,073130,153-153,0521_615-20220622/0521_615-20220622-062656-184-0.json,0521_615-20220622/0521_615-20220622-073130-153-153.json,0521_615-20220622/0521_615-20220622-062656-184-0.txt,0521_615-20220622/0521_615-20220622-073130-153-153.txt
0521,616,20220530,063033,105-105,063033,105-105,0521_616-20220530/0521_616-20220530-063033-105-105.json,0521_616-20220530/0521_616-20220530-063033-105-105.json,0521_616-20220530/0521_616-20220530-063033-105-105.txt,0521_616-20220530/0521_616-20220530-063033-105-105.txt
0521,616,20220531,051313,142-0,064909,137-137,0521_616-20220531/0521_616-20220531-051313-142-0.json,0521_616-20220531/0521_616-20220531-064909-137-137.json,0521_616-20220531/0521_616-20220531-051313-142-0.txt,0521_616-20220531/0521_616-20220531-064909-137-137.txt
0521,616,20220601,051228,139-0,065221,133-133,0521_616-20220601/0521_616-20220601-051228-139-0.json,0521_616-20220601/0521_616-20220601-065221-133-133.json,0521_616-20220601/0521_616-20220601-051228-139-0.txt,0521_616-20220601/0521_616-20220601-065221-133-133.txt
0521,616,20220602,050637,141-0,065214,136-136,0521_616-20220602/0521_616-20220602-050637-141-0.json,0521_616-20220602/0521_616-20220602-065214-136-136.json,0521_616-20220602/0521_616-20220602-050637-141-0.txt,0521_616-20220602/0521_616-20220602-065214-136-136.txt
0521,616,20220603,050641,128-0,065731,120-120,0521_616-20220603/0521_616-20220603-050641-128-0.json,0521_616-20220603/0521_616-20220603-065731-120-120.json,0521_616-20220603/0521_616-20220603-050641-128-0.txt,0521_616-20220603/0521_616-20220603-065731-120-120.txt
0521,616,20220607,050348,110-0,062730,110-110,0521_616-20220607/0521_616-20220607-050348-110-0.json,0521_616-20220607/0521_616-20220607-062730-110-110.json,0521_616-20220607/0521_616-20220607-050348-110-0.txt,0521_616-20220607/0521_616-20220607-062730-110-110.txt
0521,616,20220608,050643,136-0,065406,135-135,0521_616-20220608/0521_616-20220608-050643-136-0.json,0521_616-20220608/0521_616-20220608-065406-135-135.json,0521_616-20220608/0521_616-20220608-050643-136-0.txt,0521_616-20220608/0521_616-20220608-065406-135-135.txt
0521,616,20220609,050548,154-0,072550,152-152,0521_616-20220609/0521_616-20220609-050548-154-0.json,0521_616-20220609/0521_616-20220609-072550-152-152.json,0521_616-20220609/0521_616-20220609-050548-154-0.txt,0521_616-20220609/0521_616-20220609-072550-152-152.txt
0521,616,20220610,052055,133-133,071916,137-137,0521_616-20220610/0521_616-20220610-052055-133-133.json,0521_616-20220610/0521_616-20220610-071916-137-137.json,0521_616-20220610/0521_616-20220610-052055-133-133.txt,0521_616-20220610/0521_616-20220610-071916-137-137.txt
0521,616,20220613,051119,124-0,063229,121-121,0521_616-20220613/0521_616-20220613-051119-124-0.json,0521_616-20220613/0521_616-20220613-063229-121-121.json,0521_616-20220613/0521_616-20220613-051119-124-0.txt,0521_616-20220613/0521_616-20220613-063229-121-121.txt
0521,616,20220614,050948,137-0,065931,137-137,0521_616-20220614/0521_616-20220614-050948-137-0.json,0521_616-20220614/0521_616-20220614-065931-137-137.json,0521_616-20220614/0521_616-20220614-050948-137-0.txt,0521_616-20220614/0521_616-20220614-065931-137-137.txt
0521,616,20220615,050537,135-0,064344,129-129,0521_616-20220615/0521_616-20220615-050537-135-0.json,0521_616-20220615/0521_616-20220615-064344-129-129.json,0521_616-20220615/0521_616-20220615-050537-135-0.txt,0521_616-20220615/0521_616-20220615-064344-129-129.txt
0521,616,20220616,050501,135-0,065247,135-135,0521_616-20220616/0521_616-20220616-050501-135-0.json,0521_616-20220616/0521_616-20220616-065247-135-135.json,0521_616-20220616/0521_616-20220616-050501-135-0.txt,0521_616-20220616/0521_616-20220616-065247-135-135.txt
0521,616,20220617,050710,110-0,062503,104-104,0521_616-20220617/0521_616-20220617-050710-110-0.json,0521_616-20220617/0521_616-20220617-062503-104-104.json,0521_616-20220617/0521_616-20220617-050710-110-0.txt,0521_616-20220617/0521_616-20220617-062503-104-104.txt
0521,616,20220620,050446,77-0,060719,69-69,0521_616-20220620/0521_616-20220620-050446-77-0.json,0521_616-20220620/0521_616-20220620-060719-69-69.json,0521_616-20220620/0521_616-20220620-050446-77-0.txt,0521_616-20220620/0521_616-20220620-060719-69-69.txt
0521,616,20220621,050402,146-0,064026,139-139,0521_616-20220621/0521_616-20220621-050402-146-0.json,0521_616-20220621/0521_616-20220621-064026-139-139.json,0521_616-20220621/0521_616-20220621-050402-146-0.txt,0521_616-20220621/0521_616-20220621-064026-139-139.txt
0521,616,20220622,050631,126-0,064142,129-129,0521_616-20220622/0521_616-20220622-050631-126-0.json,0521_616-20220622/0521_616-20220622-064142-129-129.json,0521_616-20220622/0521_616-20220622-050631-126-0.txt,0521_616-20220622/0521_616-20220622-064142-129-129.txt
0521,617,20220530,061737,93-0,061813,51-51,0521_617-20220530/0521_617-20220530-061737-93-0.json,0521_617-20220530/0521_617-20220530-061813-51-51.json,0521_617-20220530/0521_617-20220530-061737-93-0.txt,0521_617-20220530/0521_617-20220530-061813-51-51.txt
0521,617,20220531,051228,163-0,070515,102-102,0521_617-20220531/0521_617-20220531-051228-163-0.json,0521_617-20220531/0521_617-20220531-070515-102-102.json,0521_617-20220531/0521_617-20220531-051228-163-0.txt,0521_617-20220531/0521_617-20220531-070515-102-102.txt
0521,617,20220601,051246,147-0,065948,98-98,0521_617-20220601/0521_617-20220601-051246-147-0.json,0521_617-20220601/0521_617-20220601-065948-98-98.json,0521_617-20220601/0521_617-20220601-051246-147-0.txt,0521_617-20220601/0521_617-20220601-065948-98-98.txt
0521,617,20220602,051311,145-0,064050,105-105,0521_617-20220602/0521_617-20220602-051311-145-0.json,0521_617-20220602/0521_617-20220602-064050-105-105.json,0521_617-20220602/0521_617-20220602-051311-145-0.txt,0521_617-20220602/0521_617-20220602-064050-105-105.txt
0521,617,20220603,050728,119-0,064502,105-105,0521_617-20220603/0521_617-20220603-050728-119-0.json,0521_617-20220603/0521_617-20220603-064502-105-105.json,0521_617-20220603/0521_617-20220603-050728-119-0.txt,0521_617-20220603/0521_617-20220603-064502-105-105.txt
0521,617,20220607,051129,84-0,061739,86-86,0521_617-20220607/0521_617-20220607-051129-84-0.json,0521_617-20220607/0521_617-20220607-061739-86-86.json,0521_617-20220607/0521_617-20220607-051129-84-0.txt,0521_617-20220607/0521_617-20220607-061739-86-86.txt
0521,617,20220608,051118,135-0,063914,102-102,0521_617-20220608/0521_617-20220608-051118-135-0.json,0521_617-20220608/0521_617-20220608-063914-102-102.json,0521_617-20220608/0521_617-20220608-051118-135-0.txt,0521_617-20220608/0521_617-20220608-063914-102-102.txt
0521,617,20220609,051302,128-0,065404,122-122,0521_617-20220609/0521_617-20220609-051302-128-0.json,0521_617-20220609/0521_617-20220609-065404-122-122.json,0521_617-20220609/0521_617-20220609-051302-128-0.txt,0521_617-20220609/0521_617-20220609-065404-122-122.txt
0521,617,20220610,054150,108-0,073301,108-108,0521_617-20220610/0521_617-20220610-054150-108-0.json,0521_617-20220610/0521_617-20220610-073301-108-108.json,0521_617-20220610/0521_617-20220610-054150-108-0.txt,0521_617-20220610/0521_617-20220610-073301-108-108.txt
0521,617,20220613,051332,98-0,062705,105-105,0521_617-20220613/0521_617-20220613-051332-98-0.json,0521_617-20220613/0521_617-20220613-062705-105-105.json,0521_617-20220613/0521_617-20220613-051332-98-0.txt,0521_617-20220613/0521_617-20220613-062705-105-105.txt
0521,617,20220614,050729,164-0,073709,109-109,0521_617-20220614/0521_617-20220614-050729-164-0.json,0521_617-20220614/0521_617-20220614-073709-109-109.json,0521_617-20220614/0521_617-20220614-050729-164-0.txt,0521_617-20220614/0521_617-20220614-073709-109-109.txt
0521,617,20220615,051217,114-0,061436,82-82,0521_617-20220615/0521_617-20220615-051217-114-0.json,0521_617-20220615/0521_617-20220615-061436-82-82.json,0521_617-20220615/0521_617-20220615-051217-114-0.txt,0521_617-20220615/0521_617-20220615-061436-82-82.txt
0521,617,20220616,050909,110-0,064026,113-113,0521_617-20220616/0521_617-20220616-050909-110-0.json,0521_617-20220616/0521_617-20220616-064026-113-113.json,0521_617-20220616/0521_617-20220616-050909-110-0.txt,0521_617-20220616/0521_617-20220616-064026-113-113.txt
0521,617,20220617,051038,107-0,070521,106-106,0521_617-20220617/0521_617-20220617-051038-107-0.json,0521_617-20220617/0521_617-20220617-070521-106-106.json,0521_617-20220617/0521_617-20220617-051038-107-0.txt,0521_617-20220617/0521_617-20220617-070521-106-106.txt
0521,617,20220620,051155,96-0,064507,105-105,0521_617-20220620/0521_617-20220620-051155-96-0.json,0521_617-20220620/0521_617-20220620-064507-105-105.json,0521_617-20220620/0521_617-20220620-051155-96-0.txt,0521_617-20220620/0521_617-20220620-064507-105-105.txt
0521,617,20220621,050733,138-0,062812,99-99,0521_617-20220621/0521_617-20220621-050733-138-0.json,0521_617-20220621/0521_617-20220621-062812-99-99.json,0521_617-20220621/0521_617-20220621-050733-138-0.txt,0521_617-20220621/0521_617-20220621-062812-99-99.txt
0521,617,20220622,051019,123-0,064039,123-123,0521_617-20220622/0521_617-20220622-051019-123-0.json,0521_617-20220622/0521_617-20220622-064039-123-123.json,0521_617-20220622/0521_617-20220622-051019-123-0.txt,0521_617-20220622/0521_617-20220622-064039-123-123.txt
0521,618,20220530,062349,93-93,062349,93-93,0521_618-20220530/0521_618-20220530-062349-93-93.json,0521_618-20220530/0521_618-20220530-062349-93-93.json,0521_618-20220530/0521_618-20220530-062349-93-93.txt,0521_618-20220530/0521_618-20220530-062349-93-93.txt
0521,618,20220531,051235,159-0,065731,159-159,0521_618-20220531/0521_618-20220531-051235-159-0.json,0521_618-20220531/0521_618-20220531-065731-159-159.json,0521_618-20220531/0521_618-20220531-051235-159-0.txt,0521_618-20220531/0521_618-20220531-065731-159-159.txt
0521,618,20220601,051037,114-0,055840,121-114,0521_618-20220601/0521_618-20220601-051037-114-0.json,0521_618-20220601/0521_618-20220601-055840-121-114.json,0521_618-20220601/0521_618-20220601-051037-114-0.txt,0521_618-20220601/0521_618-20220601-055840-121-114.txt
0521,618,20220602,051055,106-0,062718,104-104,0521_618-20220602/0521_618-20220602-051055-106-0.json,0521_618-20220602/0521_618-20220602-062718-104-104.json,0521_618-20220602/0521_618-20220602-051055-106-0.txt,0521_618-20220602/0521_618-20220602-062718-104-104.txt
0521,618,20220603,050929,101-0,062426,121-121,0521_618-20220603/0521_618-20220603-050929-101-0.json,0521_618-20220603/0521_618-20220603-062426-121-121.json,0521_618-20220603/0521_618-20220603-050929-101-0.txt,0521_618-20220603/0521_618-20220603-062426-121-121.txt
0521,618,20220607,050325,84-0,061448,92-92,0521_618-20220607/0521_618-20220607-050325-84-0.json,0521_618-20220607/0521_618-20220607-061448-92-92.json,0521_618-20220607/0521_618-20220607-050325-84-0.txt,0521_618-20220607/0521_618-20220607-061448-92-92.txt
0521,618,20220608,050520,111-0,063132,121-121,0521_618-20220608/0521_618-20220608-050520-111-0.json,0521_618-20220608/0521_618-20220608-063132-121-121.json,0521_618-20220608/0521_618-20220608-050520-111-0.txt,0521_618-20220608/0521_618-20220608-063132-121-121.txt
0521,618,20220609,050938,133-0,070244,158-158,0521_618-20220609/0521_618-20220609-050938-133-0.json,0521_618-20220609/0521_618-20220609-070244-158-158.json,0521_618-20220609/0521_618-20220609-050938-133-0.txt,0521_618-20220609/0521_618-20220609-070244-158-158.txt
0521,618,20220610,051846,146-0,065051,147-147,0521_618-20220610/0521_618-20220610-051846-146-0.json,0521_618-20220610/0521_618-20220610-065051-147-147.json,0521_618-20220610/0521_618-20220610-051846-146-0.txt,0521_618-20220610/0521_618-20220610-065051-147-147.txt
0521,618,20220613,051036,90-0,061518,87-87,0521_618-20220613/0521_618-20220613-051036-90-0.json,0521_618-20220613/0521_618-20220613-061518-87-87.json,0521_618-20220613/0521_618-20220613-051036-90-0.txt,0521_618-20220613/0521_618-20220613-061518-87-87.txt
0521,618,20220614,051334,140-0,065737,137-137,0521_618-20220614/0521_618-20220614-051334-140-0.json,0521_618-20220614/0521_618-20220614-065737-137-137.json,0521_618-20220614/0521_618-20220614-051334-140-0.txt,0521_618-20220614/0521_618-20220614-065737-137-137.txt
0521,618,20220615,051012,115-0,063531,113-113,0521_618-20220615/0521_618-20220615-051012-115-0.json,0521_618-20220615/0521_618-20220615-063531-113-113.json,0521_618-20220615/0521_618-20220615-051012-115-0.txt,0521_618-20220615/0521_618-20220615-063531-113-113.txt
0521,618,20220616,051021,101-0,063034,102-102,0521_618-20220616/0521_618-20220616-051021-101-0.json,0521_618-20220616/0521_618-20220616-063034-102-102.json,0521_618-20220616/0521_618-20220616-051021-101-0.txt,0521_618-20220616/0521_618-20220616-063034-102-102.txt
0521,618,20220617,051059,82-0,062501,83-83,0521_618-20220617/0521_618-20220617-051059-82-0.json,0521_618-20220617/0521_618-20220617-062501-83-83.json,0521_618-20220617/0521_618-20220617-051059-82-0.txt,0521_618-20220617/0521_618-20220617-062501-83-83.txt
0521,618,20220620,050844,69-0,062239,59-59,0521_618-20220620/0521_618-20220620-050844-69-0.json,0521_618-20220620/0521_618-20220620-062239-59-59.json,0521_618-20220620/0521_618-20220620-050844-69-0.txt,0521_618-20220620/0521_618-20220620-062239-59-59.txt
0521,618,20220621,050909,128-0,064835,135-135,0521_618-20220621/0521_618-20220621-050909-128-0.json,0521_618-20220621/0521_618-20220621-064835-135-135.json,0521_618-20220621/0521_618-20220621-050909-128-0.txt,0521_618-20220621/0521_618-20220621-064835-135-135.txt
0521,618,20220622,051220,119-0,062649,122-122,0521_618-20220622/0521_618-20220622-051220-119-0.json,0521_618-20220622/0521_618-20220622-062649-122-122.json,0521_618-20220622/0521_618-20220622-051220-119-0.txt,0521_618-20220622/0521_618-20220622-062649-122-122.txt
0521,620,20220530,062818,114-104,064250,112-112,0521_620-20220530/0521_620-20220530-062818-114-104.json,0521_620-20220530/0521_620-20220530-064250-112-112.json,0521_620-20220530/0521_620-20220530-062818-114-104.txt,0521_620-20220530/0521_620-20220530-064250-112-112.txt
0521,620,20220531,051331,174-0,072914,169-169,0521_620-20220531/0521_620-20220531-051331-174-0.json,0521_620-20220531/0521_620-20220531-072914-169-169.json,0521_620-20220531/0521_620-20220531-051331-174-0.txt,0521_620-20220531/0521_620-20220531-072914-169-169.txt
0521,620,20220601,051904,131-0,065049,126-126,0521_620-20220601/0521_620-20220601-051904-131-0.json,0521_620-20220601/0521_620-20220601-065049-126-126.json,0521_620-20220601/0521_620-20220601-051904-131-0.txt,0521_620-20220601/0521_620-20220601-065049-126-126.txt
0521,620,20220602,051301,128-0,063901,132-132,0521_620-20220602/0521_620-20220602-051301-128-0.json,0521_620-20220602/0521_620-20220602-063901-132-132.json,0521_620-20220602/0521_620-20220602-051301-128-0.txt,0521_620-20220602/0521_620-20220602-063901-132-132.txt
0521,620,20220603,051400,113-0,063839,106-106,0521_620-20220603/0521_620-20220603-051400-113-0.json,0521_620-20220603/0521_620-20220603-063839-106-106.json,0521_620-20220603/0521_620-20220603-051400-113-0.txt,0521_620-20220603/0521_620-20220603-063839-106-106.txt
0521,620,20220607,052505,110-0,064758,108-108,0521_620-20220607/0521_620-20220607-052505-110-0.json,0521_620-20220607/0521_620-20220607-064758-108-108.json,0521_620-20220607/0521_620-20220607-052505-110-0.txt,0521_620-20220607/0521_620-20220607-064758-108-108.txt
0521,620,20220608,051055,150-0,065512,148-148,0521_620-20220608/0521_620-20220608-051055-150-0.json,0521_620-20220608/0521_620-20220608-065512-148-148.json,0521_620-20220608/0521_620-20220608-051055-150-0.txt,0521_620-20220608/0521_620-20220608-065512-148-148.txt
0521,620,20220609,051845,165-0,073914,167-167,0521_620-20220609/0521_620-20220609-051845-165-0.json,0521_620-20220609/0521_620-20220609-073914-167-167.json,0521_620-20220609/0521_620-20220609-051845-165-0.txt,0521_620-20220609/0521_620-20220609-073914-167-167.txt
0521,620,20220610,050822,151-0,065341,150-150,0521_620-20220610/0521_620-20220610-050822-151-0.json,0521_620-20220610/0521_620-20220610-065341-150-150.json,0521_620-20220610/0521_620-20220610-050822-151-0.txt,0521_620-20220610/0521_620-20220610-065341-150-150.txt
0521,620,20220613,051622,113-0,065059,115-115,0521_620-20220613/0521_620-20220613-051622-113-0.json,0521_620-20220613/0521_620-20220613-065059-115-115.json,0521_620-20220613/0521_620-20220613-051622-113-0.txt,0521_620-20220613/0521_620-20220613-065059-115-115.txt
0521,620,20220614,051342,142-0,070026,142-142,0521_620-20220614/0521_620-20220614-051342-142-0.json,0521_620-20220614/0521_620-20220614-070026-142-142.json,0521_620-20220614/0521_620-20220614-051342-142-0.txt,0521_620-20220614/0521_620-20220614-070026-142-142.txt
0521,620,20220615,051124,130-0,065219,133-133,0521_620-20220615/0521_620-20220615-051124-130-0.json,0521_620-20220615/0521_620-20220615-065219-133-133.json,0521_620-20220615/0521_620-20220615-051124-130-0.txt,0521_620-20220615/0521_620-20220615-065219-133-133.txt
0521,620,20220616,051739,134-134,064750,138-138,0521_620-20220616/0521_620-20220616-051739-134-134.json,0521_620-20220616/0521_620-20220616-064750-138-138.json,0521_620-20220616/0521_620-20220616-051739-134-134.txt,0521_620-20220616/0521_620-20220616-064750-138-138.txt
0521,620,20220617,051007,117-0,065903,112-112,0521_620-20220617/0521_620-20220617-051007-117-0.json,0521_620-20220617/0521_620-20220617-065903-112-112.json,0521_620-20220617/0521_620-20220617-051007-117-0.txt,0521_620-20220617/0521_620-20220617-065903-112-112.txt
0521,620,20220620,051234,101-0,063725,96-96,0521_620-20220620/0521_620-20220620-051234-101-0.json,0521_620-20220620/0521_620-20220620-063725-96-96.json,0521_620-20220620/0521_620-20220620-051234-101-0.txt,0521_620-20220620/0521_620-20220620-063725-96-96.txt
0521,620,20220621,051242,124-0,063149,117-117,0521_620-20220621/0521_620-20220621-051242-124-0.json,0521_620-20220621/0521_620-20220621-063149-117-117.json,0521_620-20220621/0521_620-20220621-051242-124-0.txt,0521_620-20220621/0521_620-20220621-063149-117-117.txt
0521,620,20220622,051246,119-0,064113,114-114,0521_620-20220622/0521_620-20220622-051246-119-0.json,0521_620-20220622/0521_620-20220622-064113-114-114.json,0521_620-20220622/0521_620-20220622-051246-119-0.txt,0521_620-20220622/0521_620-20220622-064113-114-114.txt
0521,621,20220530,060953,128-128,064818,128-128,0521_621-20220530/0521_621-20220530-060953-128-128.json,0521_621-20220530/0521_621-20220530-064818-128-128.json,0521_621-20220530/0521_621-20220530-060953-128-128.txt,0521_621-20220530/0521_621-20220530-064818-128-128.txt
0521,621,20220531,050903,209-0,072714,188-188,0521_621-20220531/0521_621-20220531-050903-209-0.json,0521_621-20220531/0521_621-20220531-072714-188-188.json,0521_621-20220531/0521_621-20220531-050903-209-0.txt,0521_621-20220531/0521_621-20220531-072714-188-188.txt
0521,621,20220601,050756,174-0,073042,170-170,0521_621-20220601/0521_621-20220601-050756-174-0.json,0521_621-20220601/0521_621-20220601-073042-170-170.json,0521_621-20220601/0521_621-20220601-050756-174-0.txt,0521_621-20220601/0521_621-20220601-073042-170-170.txt
0521,621,20220602,051416,136-0,064337,139-139,0521_621-20220602/0521_621-20220602-051416-136-0.json,0521_621-20220602/0521_621-20220602-064337-139-139.json,0521_621-20220602/0521_621-20220602-051416-136-0.txt,0521_621-20220602/0521_621-20220602-064337-139-139.txt
0521,621,20220603,051547,144-0,070922,143-143,0521_621-20220603/0521_621-20220603-051547-144-0.json,0521_621-20220603/0521_621-20220603-070922-143-143.json,0521_621-20220603/0521_621-20220603-051547-144-0.txt,0521_621-20220603/0521_621-20220603-070922-143-143.txt
0521,621,20220604,053443,62-0,064228,59-59,0521_621-20220604/0521_621-20220604-053443-62-0.json,0521_621-20220604/0521_621-20220604-064228-59-59.json,0521_621-20220604/0521_621-20220604-053443-62-0.txt,0521_621-20220604/0521_621-20220604-064228-59-59.txt
0521,621,20220607,051653,94-0,062309,99-99,0521_621-20220607/0521_621-20220607-051653-94-0.json,0521_621-20220607/0521_621-20220607-062309-99-99.json,0521_621-20220607/0521_621-20220607-051653-94-0.txt,0521_621-20220607/0521_621-20220607-062309-99-99.txt
0521,621,20220608,050755,169-0,071815,171-171,0521_621-20220608/0521_621-20220608-050755-169-0.json,0521_621-20220608/0521_621-20220608-071815-171-171.json,0521_621-20220608/0521_621-20220608-050755-169-0.txt,0521_621-20220608/0521_621-20220608-071815-171-171.txt
0521,621,20220609,050504,190-0,072152,174-174,0521_621-20220609/0521_621-20220609-050504-190-0.json,0521_621-20220609/0521_621-20220609-072152-174-174.json,0521_621-20220609/0521_621-20220609-050504-190-0.txt,0521_621-20220609/0521_621-20220609-072152-174-174.txt
0521,621,20220610,050626,157-0,064931,161-161,0521_621-20220610/0521_621-20220610-050626-157-0.json,0521_621-20220610/0521_621-20220610-064931-161-161.json,0521_621-20220610/0521_621-20220610-050626-157-0.txt,0521_621-20220610/0521_621-20220610-064931-161-161.txt
0521,621,20220613,050642,141-0,064647,127-127,0521_621-20220613/0521_621-20220613-050642-141-0.json,0521_621-20220613/0521_621-20220613-064647-127-127.json,0521_621-20220613/0521_621-20220613-050642-141-0.txt,0521_621-20220613/0521_621-20220613-064647-127-127.txt
0521,621,20220614,050803,196-0,072755,180-180,0521_621-20220614/0521_621-20220614-050803-196-0.json,0521_621-20220614/0521_621-20220614-072755-180-180.json,0521_621-20220614/0521_621-20220614-050803-196-0.txt,0521_621-20220614/0521_621-20220614-072755-180-180.txt
0521,621,20220615,050944,169-0,065452,142-142,0521_621-20220615/0521_621-20220615-050944-169-0.json,0521_621-20220615/0521_621-20220615-065452-142-142.json,0521_621-20220615/0521_621-20220615-050944-169-0.txt,0521_621-20220615/0521_621-20220615-065452-142-142.txt
0521,621,20220616,051418,155-0,064935,142-142,0521_621-20220616/0521_621-20220616-051418-155-0.json,0521_621-20220616/0521_621-20220616-064935-142-142.json,0521_621-20220616/0521_621-20220616-051418-155-0.txt,0521_621-20220616/0521_621-20220616-064935-142-142.txt
0521,621,20220617,050923,135-0,063000,133-133,0521_621-20220617/0521_621-20220617-050923-135-0.json,0521_621-20220617/0521_621-20220617-063000-133-133.json,0521_621-20220617/0521_621-20220617-050923-135-0.txt,0521_621-20220617/0521_621-20220617-063000-133-133.txt
0521,621,20220620,050938,116-0,064255,106-106,0521_621-20220620/0521_621-20220620-050938-116-0.json,0521_621-20220620/0521_621-20220620-064255-106-106.json,0521_621-20220620/0521_621-20220620-050938-116-0.txt,0521_621-20220620/0521_621-20220620-064255-106-106.txt
0521,621,20220621,050440,183-0,072503,183-183,0521_621-20220621/0521_621-20220621-050440-183-0.json,0521_621-20220621/0521_621-20220621-072503-183-183.json,0521_621-20220621/0521_621-20220621-050440-183-0.txt,0521_621-20220621/0521_621-20220621-072503-183-183.txt
0521,621,20220622,051140,151-0,065439,132-132,0521_621-20220622/0521_621-20220622-051140-151-0.json,0521_621-20220622/0521_621-20220622-065439-132-132.json,0521_621-20220622/0521_621-20220622-051140-151-0.txt,0521_621-20220622/0521_621-20220622-065439-132-132.txt
0521,624,20220530,062319,184-0,064119,179-179,0521_624-20220530/0521_624-20220530-062319-184-0.json,0521_624-20220530/0521_624-20220530-064119-179-179.json,0521_624-20220530/0521_624-20220530-062319-184-0.txt,0521_624-20220530/0521_624-20220530-064119-179-179.txt
0521,624,20220531,061931,207-0,064220,192-192,0521_624-20220531/0521_624-20220531-061931-207-0.json,0521_624-20220531/0521_624-20220531-064220-192-192.json,0521_624-20220531/0521_624-20220531-061931-207-0.txt,0521_624-20220531/0521_624-20220531-064220-192-192.txt
0521,624,20220601,062904,209-0,064947,204-204,0521_624-20220601/0521_624-20220601-062904-209-0.json,0521_624-20220601/0521_624-20220601-064947-204-204.json,0521_624-20220601/0521_624-20220601-062904-209-0.txt,0521_624-20220601/0521_624-20220601-064947-204-204.txt
0521,624,20220602,060724,176-0,062510,171-171,0521_624-20220602/0521_624-20220602-060724-176-0.json,0521_624-20220602/0521_624-20220602-062510-171-171.json,0521_624-20220602/0521_624-20220602-060724-176-0.txt,0521_624-20220602/0521_624-20220602-062510-171-171.txt
0521,624,20220603,061635,150-0,063502,145-145,0521_624-20220603/0521_624-20220603-061635-150-0.json,0521_624-20220603/0521_624-20220603-063502-145-145.json,0521_624-20220603/0521_624-20220603-061635-150-0.txt,0521_624-20220603/0521_624-20220603-063502-145-145.txt
0521,624,20220604,054355,61-0,063334,54-54,0521_624-20220604/0521_624-20220604-054355-61-0.json,0521_624-20220604/0521_624-20220604-063334-54-54.json,0521_624-20220604/0521_624-20220604-054355-61-0.txt,0521_624-20220604/0521_624-20220604-063334-54-54.txt
0521,624,20220607,052141,124-0,062312,132-132,0521_624-20220607/0521_624-20220607-052141-124-0.json,0521_624-20220607/0521_624-20220607-062312-132-132.json,0521_624-20220607/0521_624-20220607-052141-124-0.txt,0521_624-20220607/0521_624-20220607-062312-132-132.txt
0521,624,20220608,061405,216-0,063508,198-198,0521_624-20220608/0521_624-20220608-061405-216-0.json,0521_624-20220608/0521_624-20220608-063508-198-198.json,0521_624-20220608/0521_624-20220608-061405-216-0.txt,0521_624-20220608/0521_624-20220608-063508-198-198.txt
0521,624,20220609,063533,214-0,065503,194-194,0521_624-20220609/0521_624-20220609-063533-214-0.json,0521_624-20220609/0521_624-20220609-065503-194-194.json,0521_624-20220609/0521_624-20220609-063533-214-0.txt,0521_624-20220609/0521_624-20220609-065503-194-194.txt
0521,624,20220610,062007,208-0,064735,183-183,0521_624-20220610/0521_624-20220610-062007-208-0.json,0521_624-20220610/0521_624-20220610-064735-183-183.json,0521_624-20220610/0521_624-20220610-062007-208-0.txt,0521_624-20220610/0521_624-20220610-064735-183-183.txt
0521,624,20220613,055235,156-0,061629,153-153,0521_624-20220613/0521_624-20220613-055235-156-0.json,0521_624-20220613/0521_624-20220613-061629-153-153.json,0521_624-20220613/0521_624-20220613-055235-156-0.txt,0521_624-20220613/0521_624-20220613-061629-153-153.txt
0521,624,20220614,061955,205-0,063709,185-185,0521_624-20220614/0521_624-20220614-061955-205-0.json,0521_624-20220614/0521_624-20220614-063709-185-185.json,0521_624-20220614/0521_624-20220614-061955-205-0.txt,0521_624-20220614/0521_624-20220614-063709-185-185.txt
0521,624,20220615,060933,178-0,063115,158-158,0521_624-20220615/0521_624-20220615-060933-178-0.json,0521_624-20220615/0521_624-20220615-063115-158-158.json,0521_624-20220615/0521_624-20220615-060933-178-0.txt,0521_624-20220615/0521_624-20220615-063115-158-158.txt
0521,624,20220616,060745,163-0,063026,158-158,0521_624-20220616/0521_624-20220616-060745-163-0.json,0521_624-20220616/0521_624-20220616-063026-158-158.json,0521_624-20220616/0521_624-20220616-060745-163-0.txt,0521_624-20220616/0521_624-20220616-063026-158-158.txt
0521,624,20220617,060736,166-0,062705,147-147,0521_624-20220617/0521_624-20220617-060736-166-0.json,0521_624-20220617/0521_624-20220617-062705-147-147.json,0521_624-20220617/0521_624-20220617-060736-166-0.txt,0521_624-20220617/0521_624-20220617-062705-147-147.txt
0521,624,20220620,055704,125-0,062638,124-124,0521_624-20220620/0521_624-20220620-055704-125-0.json,0521_624-20220620/0521_624-20220620-062638-124-124.json,0521_624-20220620/0521_624-20220620-055704-125-0.txt,0521_624-20220620/0521_624-20220620-062638-124-124.txt
0521,624,20220621,061427,189-0,064530,159-157,0521_624-20220621/0521_624-20220621-061427-189-0.json,0521_624-20220621/0521_624-20220621-064530-159-157.json,0521_624-20220621/0521_624-20220621-061427-189-0.txt,0521_624-20220621/0521_624-20220621-064530-159-157.txt
0521,624,20220622,055005,154-0,061520,147-147,0521_624-20220622/0521_624-20220622-055005-154-0.json,0521_624-20220622/0521_624-20220622-061520-147-147.json,0521_624-20220622/0521_624-20220622-055005-154-0.txt,0521_624-20220622/0521_624-20220622-061520-147-147.txt
0521,625,20220530,064113,120-120,064150,120-120,0521_625-20220530/0521_625-20220530-064113-120-120.json,0521_625-20220530/0521_625-20220530-064150-120-120.json,0521_625-20220530/0521_625-20220530-064113-120-120.txt,0521_625-20220530/0521_625-20220530-064150-120-120.txt
0521,625,20220531,054507,163-0,063226,142-142,0521_625-20220531/0521_625-20220531-054507-163-0.json,0521_625-20220531/0521_625-20220531-063226-142-142.json,0521_625-20220531/0521_625-20220531-054507-163-0.txt,0521_625-20220531/0521_625-20220531-063226-142-142.txt
0521,625,20220601,054433,195-0,064618,187-187,0521_625-20220601/0521_625-20220601-054433-195-0.json,0521_625-20220601/0521_625-20220601-064618-187-187.json,0521_625-20220601/0521_625-20220601-054433-195-0.txt,0521_625-20220601/0521_625-20220601-064618-187-187.txt
0521,625,20220602,060659,171-0,070743,137-137,0521_625-20220602/0521_625-20220602-060659-171-0.json,0521_625-20220602/0521_625-20220602-070743-137-137.json,0521_625-20220602/0521_625-20220602-060659-171-0.txt,0521_625-20220602/0521_625-20220602-070743-137-137.txt
0521,625,20220603,052135,142-0,061521,139-139,0521_625-20220603/0521_625-20220603-052135-142-0.json,0521_625-20220603/0521_625-20220603-061521-139-139.json,0521_625-20220603/0521_625-20220603-052135-142-0.txt,0521_625-20220603/0521_625-20220603-061521-139-139.txt
0521,625,20220604,060831,85-0,065037,85-85,0521_625-20220604/0521_625-20220604-060831-85-0.json,0521_625-20220604/0521_625-20220604-065037-85-85.json,0521_625-20220604/0521_625-20220604-060831-85-0.txt,0521_625-20220604/0521_625-20220604-065037-85-85.txt
0521,625,20220607,053207,125-0,062220,124-124,0521_625-20220607/0521_625-20220607-053207-125-0.json,0521_625-20220607/0521_625-20220607-062220-124-124.json,0521_625-20220607/0521_625-20220607-053207-125-0.txt,0521_625-20220607/0521_625-20220607-062220-124-124.txt
0521,625,20220608,054755,172-0,065904,168-168,0521_625-20220608/0521_625-20220608-054755-172-0.json,0521_625-20220608/0521_625-20220608-065904-168-168.json,0521_625-20220608/0521_625-20220608-054755-172-0.txt,0521_625-20220608/0521_625-20220608-065904-168-168.txt
0521,625,20220609,054657,288-0,070034,151-151,0521_625-20220609/0521_625-20220609-054657-288-0.json,0521_625-20220609/0521_625-20220609-070034-151-151.json,0521_625-20220609/0521_625-20220609-054657-288-0.txt,0521_625-20220609/0521_625-20220609-070034-151-151.txt
0521,625,20220610,063030,174-0,072844,144-144,0521_625-20220610/0521_625-20220610-063030-174-0.json,0521_625-20220610/0521_625-20220610-072844-144-144.json,0521_625-20220610/0521_625-20220610-063030-174-0.txt,0521_625-20220610/0521_625-20220610-072844-144-144.txt
0521,625,20220613,054522,162-0,065622,157-157,0521_625-20220613/0521_625-20220613-054522-162-0.json,0521_625-20220613/0521_625-20220613-065622-157-157.json,0521_625-20220613/0521_625-20220613-054522-162-0.txt,0521_625-20220613/0521_625-20220613-065622-157-157.txt
0521,625,20220614,053818,170-0,063752,165-165,0521_625-20220614/0521_625-20220614-053818-170-0.json,0521_625-20220614/0521_625-20220614-063752-165-165.json,0521_625-20220614/0521_625-20220614-053818-170-0.txt,0521_625-20220614/0521_625-20220614-063752-165-165.txt
0521,625,20220615,053444,159-0,064022,154-154,0521_625-20220615/0521_625-20220615-053444-159-0.json,0521_625-20220615/0521_625-20220615-064022-154-154.json,0521_625-20220615/0521_625-20220615-053444-159-0.txt,0521_625-20220615/0521_625-20220615-064022-154-154.txt
0521,625,20220616,053751,165-0,065719,154-154,0521_625-20220616/0521_625-20220616-053751-165-0.json,0521_625-20220616/0521_625-20220616-065719-154-154.json,0521_625-20220616/0521_625-20220616-053751-165-0.txt,0521_625-20220616/0521_625-20220616-065719-154-154.txt
0521,625,20220617,061117,154-0,072033,153-153,0521_625-20220617/0521_625-20220617-061117-154-0.json,0521_625-20220617/0521_625-20220617-072033-153-153.json,0521_625-20220617/0521_625-20220617-061117-154-0.txt,0521_625-20220617/0521_625-20220617-072033-153-153.txt
0521,625,20220620,053413,103-0,061226,98-98,0521_625-20220620/0521_625-20220620-053413-103-0.json,0521_625-20220620/0521_625-20220620-061226-98-98.json,0521_625-20220620/0521_625-20220620-053413-103-0.txt,0521_625-20220620/0521_625-20220620-061226-98-98.txt
0521,625,20220621,052551,163-0,060810,157-157,0521_625-20220621/0521_625-20220621-052551-163-0.json,0521_625-20220621/0521_625-20220621-060810-157-157.json,0521_625-20220621/0521_625-20220621-052551-163-0.txt,0521_625-20220621/0521_625-20220621-060810-157-157.txt
0521,625,20220622,052955,172-0,062534,169-169,0521_625-20220622/0521_625-20220622-052955-172-0.json,0521_625-20220622/0521_625-20220622-062534-169-169.json,0521_625-20220622/0521_625-20220622-052955-172-0.txt,0521_625-20220622/0521_625-20220622-062534-169-169.txt
0521,626,20220530,061012,181-0,073849,136-136,0521_626-20220530/0521_626-20220530-061012-181-0.json,0521_626-20220530/0521_626-20220530-073849-136-136.json,0521_626-20220530/0521_626-20220530-061012-181-0.txt,0521_626-20220530/0521_626-20220530-073849-136-136.txt
0521,626,20220531,062310,185-0,082229,182-182,0521_626-20220531/0521_626-20220531-062310-185-0.json,0521_626-20220531/0521_626-20220531-082229-182-182.json,0521_626-20220531/0521_626-20220531-062310-185-0.txt,0521_626-20220531/0521_626-20220531-082229-182-182.txt
0521,626,20220601,061656,221-0,075046,152-152,0521_626-20220601/0521_626-20220601-061656-221-0.json,0521_626-20220601/0521_626-20220601-075046-152-152.json,0521_626-20220601/0521_626-20220601-061656-221-0.txt,0521_626-20220601/0521_626-20220601-075046-152-152.txt
0521,626,20220602,061428,206-0,074600,144-144,0521_626-20220602/0521_626-20220602-061428-206-0.json,0521_626-20220602/0521_626-20220602-074600-144-144.json,0521_626-20220602/0521_626-20220602-061428-206-0.txt,0521_626-20220602/0521_626-20220602-074600-144-144.txt
0521,626,20220603,062107,180-0,075410,142-142,0521_626-20220603/0521_626-20220603-062107-180-0.json,0521_626-20220603/0521_626-20220603-075410-142-142.json,0521_626-20220603/0521_626-20220603-062107-180-0.txt,0521_626-20220603/0521_626-20220603-075410-142-142.txt
0521,626,20220607,050637,91-0,060647,96-96,0521_626-20220607/0521_626-20220607-050637-91-0.json,0521_626-20220607/0521_626-20220607-060647-96-96.json,0521_626-20220607/0521_626-20220607-050637-91-0.txt,0521_626-20220607/0521_626-20220607-060647-96-96.txt
0521,626,20220608,051138,134-0,064138,143-143,0521_626-20220608/0521_626-20220608-051138-134-0.json,0521_626-20220608/0521_626-20220608-064138-143-143.json,0521_626-20220608/0521_626-20220608-051138-134-0.txt,0521_626-20220608/0521_626-20220608-064138-143-143.txt
0521,626,20220609,052102,138-0,070331,133-133,0521_626-20220609/0521_626-20220609-052102-138-0.json,0521_626-20220609/0521_626-20220609-070331-133-133.json,0521_626-20220609/0521_626-20220609-052102-138-0.txt,0521_626-20220609/0521_626-20220609-070331-133-133.txt
0521,626,20220610,053850,139-0,070240,146-146,0521_626-20220610/0521_626-20220610-053850-139-0.json,0521_626-20220610/0521_626-20220610-070240-146-146.json,0521_626-20220610/0521_626-20220610-053850-139-0.txt,0521_626-20220610/0521_626-20220610-070240-146-146.txt
0521,626,20220613,051546,103-0,065438,101-101,0521_626-20220613/0521_626-20220613-051546-103-0.json,0521_626-20220613/0521_626-20220613-065438-101-101.json,0521_626-20220613/0521_626-20220613-051546-103-0.txt,0521_626-20220613/0521_626-20220613-065438-101-101.txt
0521,626,20220614,052320,168-0,070534,137-137,0521_626-20220614/0521_626-20220614-052320-168-0.json,0521_626-20220614/0521_626-20220614-070534-137-137.json,0521_626-20220614/0521_626-20220614-052320-168-0.txt,0521_626-20220614/0521_626-20220614-070534-137-137.txt
0521,626,20220615,052114,147-0,063531,123-123,0521_626-20220615/0521_626-20220615-052114-147-0.json,0521_626-20220615/0521_626-20220615-063531-123-123.json,0521_626-20220615/0521_626-20220615-052114-147-0.txt,0521_626-20220615/0521_626-20220615-063531-123-123.txt
0521,626,20220616,051842,134-0,063348,136-136,0521_626-20220616/0521_626-20220616-051842-134-0.json,0521_626-20220616/0521_626-20220616-063348-136-136.json,0521_626-20220616/0521_626-20220616-051842-134-0.txt,0521_626-20220616/0521_626-20220616-063348-136-136.txt
0521,626,20220617,051350,136-0,062600,105-105,0521_626-20220617/0521_626-20220617-051350-136-0.json,0521_626-20220617/0521_626-20220617-062600-105-105.json,0521_626-20220617/0521_626-20220617-051350-136-0.txt,0521_626-20220617/0521_626-20220617-062600-105-105.txt
0521,626,20220620,051545,96-0,060921,89-89,0521_626-20220620/0521_626-20220620-051545-96-0.json,0521_626-20220620/0521_626-20220620-060921-89-89.json,0521_626-20220620/0521_626-20220620-051545-96-0.txt,0521_626-20220620/0521_626-20220620-060921-89-89.txt
0521,626,20220621,052301,200-0,071906,135-135,0521_626-20220621/0521_626-20220621-052301-200-0.json,0521_626-20220621/0521_626-20220621-071906-135-135.json,0521_626-20220621/0521_626-20220621-052301-200-0.txt,0521_626-20220621/0521_626-20220621-071906-135-135.txt
0521,626,20220622,051509,175-0,064832,109-109,0521_626-20220622/0521_626-20220622-051509-175-0.json,0521_626-20220622/0521_626-20220622-064832-109-109.json,0521_626-20220622/0521_626-20220622-051509-175-0.txt,0521_626-20220622/0521_626-20220622-064832-109-109.txt
0521,627,20220531,085335,189-0,101555,124-124,0521_627-20220531/0521_627-20220531-085335-189-0.json,0521_627-20220531/0521_627-20220531-101555-124-124.json,0521_627-20220531/0521_627-20220531-085335-189-0.txt,0521_627-20220531/0521_627-20220531-101555-124-124.txt
0521,627,20220601,082233,131-0,093128,91-91,0521_627-20220601/0521_627-20220601-082233-131-0.json,0521_627-20220601/0521_627-20220601-093128-91-91.json,0521_627-20220601/0521_627-20220601-082233-131-0.txt,0521_627-20220601/0521_627-20220601-093128-91-91.txt
0521,627,20220602,081955,116-0,085933,103-103,0521_627-20220602/0521_627-20220602-081955-116-0.json,0521_627-20220602/0521_627-20220602-085933-103-103.json,0521_627-20220602/0521_627-20220602-081955-116-0.txt,0521_627-20220602/0521_627-20220602-085933-103-103.txt
0521,627,20220603,082520,106-0,102852,105-105,0521_627-20220603/0521_627-20220603-082520-106-0.json,0521_627-20220603/0521_627-20220603-102852-105-105.json,0521_627-20220603/0521_627-20220603-082520-106-0.txt,0521_627-20220603/0521_627-20220603-102852-105-105.txt
0521,627,20220607,083915,65-0,091155,62-62,0521_627-20220607/0521_627-20220607-083915-65-0.json,0521_627-20220607/0521_627-20220607-091155-62-62.json,0521_627-20220607/0521_627-20220607-083915-65-0.txt,0521_627-20220607/0521_627-20220607-091155-62-62.txt
0521,627,20220608,090800,185-0,111514,184-184,0521_627-20220608/0521_627-20220608-090800-185-0.json,0521_627-20220608/0521_627-20220608-111514-184-184.json,0521_627-20220608/0521_627-20220608-090800-185-0.txt,0521_627-20220608/0521_627-20220608-111514-184-184.txt
0521,627,20220609,085915,169-0,100147,114-114,0521_627-20220609/0521_627-20220609-085915-169-0.json,0521_627-20220609/0521_627-20220609-100147-114-114.json,0521_627-20220609/0521_627-20220609-085915-169-0.txt,0521_627-20220609/0521_627-20220609-100147-114-114.txt
0521,627,20220610,085434,82-82,093852,79-79,0521_627-20220610/0521_627-20220610-085434-82-82.json,0521_627-20220610/0521_627-20220610-093852-79-79.json,0521_627-20220610/0521_627-20220610-085434-82-82.txt,0521_627-20220610/0521_627-20220610-093852-79-79.txt
0521,627,20220613,084751,111-0,094841,106-106,0521_627-20220613/0521_627-20220613-084751-111-0.json,0521_627-20220613/0521_627-20220613-094841-106-106.json,0521_627-20220613/0521_627-20220613-084751-111-0.txt,0521_627-20220613/0521_627-20220613-094841-106-106.txt
0521,627,20220614,082055,121-0,091037,97-97,0521_627-20220614/0521_627-20220614-082055-121-0.json,0521_627-20220614/0521_627-20220614-091037-97-97.json,0521_627-20220614/0521_627-20220614-082055-121-0.txt,0521_627-20220614/0521_627-20220614-091037-97-97.txt
0521,627,20220615,083835,134-0,093143,85-85,0521_627-20220615/0521_627-20220615-083835-134-0.json,0521_627-20220615/0521_627-20220615-093143-85-85.json,0521_627-20220615/0521_627-20220615-083835-134-0.txt,0521_627-20220615/0521_627-20220615-093143-85-85.txt
0521,627,20220616,092345,100-100,092345,100-100,0521_627-20220616/0521_627-20220616-092345-100-100.json,0521_627-20220616/0521_627-20220616-092345-100-100.json,0521_627-20220616/0521_627-20220616-092345-100-100.txt,0521_627-20220616/0521_627-20220616-092345-100-100.txt
0521,627,20220617,081728,106-0,091218,83-83,0521_627-20220617/0521_627-20220617-081728-106-0.json,0521_627-20220617/0521_627-20220617-091218-83-83.json,0521_627-20220617/0521_627-20220617-081728-106-0.txt,0521_627-20220617/0521_627-20220617-091218-83-83.txt
0521,627,20220620,081608,89-0,090036,88-88,0521_627-20220620/0521_627-20220620-081608-89-0.json,0521_627-20220620/0521_627-20220620-090036-88-88.json,0521_627-20220620/0521_627-20220620-081608-89-0.txt,0521_627-20220620/0521_627-20220620-090036-88-88.txt
0521,627,20220621,083630,163-0,094457,105-105,0521_627-20220621/0521_627-20220621-083630-163-0.json,0521_627-20220621/0521_627-20220621-094457-105-105.json,0521_627-20220621/0521_627-20220621-083630-163-0.txt,0521_627-20220621/0521_627-20220621-094457-105-105.txt
0521,627,20220622,082318,117-0,090537,74-74,0521_627-20220622/0521_627-20220622-082318-117-0.json,0521_627-20220622/0521_627-20220622-090537-74-74.json,0521_627-20220622/0521_627-20220622-082318-117-0.txt,0521_627-20220622/0521_627-20220622-090537-74-74.txt
0521,628,20220530,061703,153-139,072604,135-135,0521_628-20220530/0521_628-20220530-061703-153-139.json,0521_628-20220530/0521_628-20220530-072604-135-135.json,0521_628-20220530/0521_628-20220530-061703-153-139.txt,0521_628-20220530/0521_628-20220530-072604-135-135.txt
0521,628,20220531,051852,196-0,073430,156-156,0521_628-20220531/0521_628-20220531-051852-196-0.json,0521_628-20220531/0521_628-20220531-073430-156-156.json,0521_628-20220531/0521_628-20220531-051852-196-0.txt,0521_628-20220531/0521_628-20220531-073430-156-156.txt
0521,628,20220601,051146,190-0,073533,155-155,0521_628-20220601/0521_628-20220601-051146-190-0.json,0521_628-20220601/0521_628-20220601-073533-155-155.json,0521_628-20220601/0521_628-20220601-051146-190-0.txt,0521_628-20220601/0521_628-20220601-073533-155-155.txt
0521,628,20220602,051815,189-0,073142,143-143,0521_628-20220602/0521_628-20220602-051815-189-0.json,0521_628-20220602/0521_628-20220602-073142-143-143.json,0521_628-20220602/0521_628-20220602-051815-189-0.txt,0521_628-20220602/0521_628-20220602-073142-143-143.txt
0521,628,20220603,052227,165-0,073206,137-137,0521_628-20220603/0521_628-20220603-052227-165-0.json,0521_628-20220603/0521_628-20220603-073206-137-137.json,0521_628-20220603/0521_628-20220603-052227-165-0.txt,0521_628-20220603/0521_628-20220603-073206-137-137.txt
0521,628,20220604,053453,75-0,061733,71-71,0521_628-20220604/0521_628-20220604-053453-75-0.json,0521_628-20220604/0521_628-20220604-061733-71-71.json,0521_628-20220604/0521_628-20220604-053453-75-0.txt,0521_628-20220604/0521_628-20220604-061733-71-71.txt
0521,628,20220607,050821,137-0,064535,110-110,0521_628-20220607/0521_628-20220607-050821-137-0.json,0521_628-20220607/0521_628-20220607-064535-110-110.json,0521_628-20220607/0521_628-20220607-050821-137-0.txt,0521_628-20220607/0521_628-20220607-064535-110-110.txt
0521,628,20220608,051204,188-0,074225,140-139,0521_628-20220608/0521_628-20220608-051204-188-0.json,0521_628-20220608/0521_628-20220608-074225-140-139.json,0521_628-20220608/0521_628-20220608-051204-188-0.txt,0521_628-20220608/0521_628-20220608-074225-140-139.txt
0521,628,20220609,050358,179-0,073747,152-152,0521_628-20220609/0521_628-20220609-050358-179-0.json,0521_628-20220609/0521_628-20220609-073747-152-152.json,0521_628-20220609/0521_628-20220609-050358-179-0.txt,0521_628-20220609/0521_628-20220609-073747-152-152.txt
0521,628,20220610,050730,178-0,073947,130-130,0521_628-20220610/0521_628-20220610-050730-178-0.json,0521_628-20220610/0521_628-20220610-073947-130-130.json,0521_628-20220610/0521_628-20220610-050730-178-0.txt,0521_628-20220610/0521_628-20220610-073947-130-130.txt
0521,628,20220611,052945,59-0,070440,48-48,0521_628-20220611/0521_628-20220611-052945-59-0.json,0521_628-20220611/0521_628-20220611-070440-48-48.json,0521_628-20220611/0521_628-20220611-052945-59-0.txt,0521_628-20220611/0521_628-20220611-070440-48-48.txt
0521,628,20220613,051158,124-0,062846,77-77,0521_628-20220613/0521_628-20220613-051158-124-0.json,0521_628-20220613/0521_628-20220613-062846-77-77.json,0521_628-20220613/0521_628-20220613-051158-124-0.txt,0521_628-20220613/0521_628-20220613-062846-77-77.txt
0521,628,20220614,051442,215-0,065741,93-93,0521_628-20220614/0521_628-20220614-051442-215-0.json,0521_628-20220614/0521_628-20220614-065741-93-93.json,0521_628-20220614/0521_628-20220614-051442-215-0.txt,0521_628-20220614/0521_628-20220614-065741-93-93.txt
0521,628,20220615,051005,176-0,062408,110-110,0521_628-20220615/0521_628-20220615-051005-176-0.json,0521_628-20220615/0521_628-20220615-062408-110-110.json,0521_628-20220615/0521_628-20220615-051005-176-0.txt,0521_628-20220615/0521_628-20220615-062408-110-110.txt
0521,628,20220616,051310,188-0,062830,91-91,0521_628-20220616/0521_628-20220616-051310-188-0.json,0521_628-20220616/0521_628-20220616-062830-91-91.json,0521_628-20220616/0521_628-20220616-051310-188-0.txt,0521_628-20220616/0521_628-20220616-062830-91-91.txt
0521,628,20220617,050847,138-0,062455,84-84,0521_628-20220617/0521_628-20220617-050847-138-0.json,0521_628-20220617/0521_628-20220617-062455-84-84.json,0521_628-20220617/0521_628-20220617-050847-138-0.txt,0521_628-20220617/0521_628-20220617-062455-84-84.txt
0521,628,20220620,052308,116-0,065953,96-96,0521_628-20220620/0521_628-20220620-052308-116-0.json,0521_628-20220620/0521_628-20220620-065953-96-96.json,0521_628-20220620/0521_628-20220620-052308-116-0.txt,0521_628-20220620/0521_628-20220620-065953-96-96.txt
0521,628,20220621,051850,189-0,072732,105-105,0521_628-20220621/0521_628-20220621-051850-189-0.json,0521_628-20220621/0521_628-20220621-072732-105-105.json,0521_628-20220621/0521_628-20220621-051850-189-0.txt,0521_628-20220621/0521_628-20220621-072732-105-105.txt
0521,628,20220622,051255,143-0,070347,113-113,0521_628-20220622/0521_628-20220622-051255-143-0.json,0521_628-20220622/0521_628-20220622-070347-113-113.json,0521_628-20220622/0521_628-20220622-051255-143-0.txt,0521_628-20220622/0521_628-20220622-070347-113-113.txt
0521,630,20220531,085654,162-0,102231,160-160,0521_630-20220531/0521_630-20220531-085654-162-0.json,0521_630-20220531/0521_630-20220531-102231-160-160.json,0521_630-20220531/0521_630-20220531-085654-162-0.txt,0521_630-20220531/0521_630-20220531-102231-160-160.txt
0521,630,20220601,090428,127-0,105030,125-125,0521_630-20220601/0521_630-20220601-090428-127-0.json,0521_630-20220601/0521_630-20220601-105030-125-125.json,0521_630-20220601/0521_630-20220601-090428-127-0.txt,0521_630-20220601/0521_630-20220601-105030-125-125.txt
0521,630,20220602,090405,122-0,102129,117-117,0521_630-20220602/0521_630-20220602-090405-122-0.json,0521_630-20220602/0521_630-20220602-102129-117-117.json,0521_630-20220602/0521_630-20220602-090405-122-0.txt,0521_630-20220602/0521_630-20220602-102129-117-117.txt
0521,630,20220603,083836,115-0,103126,114-114,0521_630-20220603/0521_630-20220603-083836-115-0.json,0521_630-20220603/0521_630-20220603-103126-114-114.json,0521_630-20220603/0521_630-20220603-083836-115-0.txt,0521_630-20220603/0521_630-20220603-103126-114-114.txt
0521,630,20220607,082434,95-0,092809,92-92,0521_630-20220607/0521_630-20220607-082434-95-0.json,0521_630-20220607/0521_630-20220607-092809-92-92.json,0521_630-20220607/0521_630-20220607-082434-95-0.txt,0521_630-20220607/0521_630-20220607-092809-92-92.txt
0521,630,20220608,085232,153-0,105529,151-151,0521_630-20220608/0521_630-20220608-085232-153-0.json,0521_630-20220608/0521_630-20220608-105529-151-151.json,0521_630-20220608/0521_630-20220608-085232-153-0.txt,0521_630-20220608/0521_630-20220608-105529-151-151.txt
0521,630,20220609,084926,134-0,102100,129-129,0521_630-20220609/0521_630-20220609-084926-134-0.json,0521_630-20220609/0521_630-20220609-102100-129-129.json,0521_630-20220609/0521_630-20220609-084926-134-0.txt,0521_630-20220609/0521_630-20220609-102100-129-129.txt
0521,630,20220610,100041,119-119,100041,119-119,0521_630-20220610/0521_630-20220610-100041-119-119.json,0521_630-20220610/0521_630-20220610-100041-119-119.json,0521_630-20220610/0521_630-20220610-100041-119-119.txt,0521_630-20220610/0521_630-20220610-100041-119-119.txt
0521,630,20220613,083256,96-0,093527,91-91,0521_630-20220613/0521_630-20220613-083256-96-0.json,0521_630-20220613/0521_630-20220613-093527-91-91.json,0521_630-20220613/0521_630-20220613-083256-96-0.txt,0521_630-20220613/0521_630-20220613-093527-91-91.txt
0521,630,20220614,083800,137-0,100848,135-135,0521_630-20220614/0521_630-20220614-083800-137-0.json,0521_630-20220614/0521_630-20220614-100848-135-135.json,0521_630-20220614/0521_630-20220614-083800-137-0.txt,0521_630-20220614/0521_630-20220614-100848-135-135.txt
0521,630,20220615,083800,136-0,083947,133-0,0521_630-20220615/0521_630-20220615-083800-136-0.json,0521_630-20220615/0521_630-20220615-083947-133-0.json,0521_630-20220615/0521_630-20220615-083800-136-0.txt,0521_630-20220615/0521_630-20220615-083947-133-0.txt
0521,630,20220617,081200,87-0,085250,87-87,0521_630-20220617/0521_630-20220617-081200-87-0.json,0521_630-20220617/0521_630-20220617-085250-87-87.json,0521_630-20220617/0521_630-20220617-081200-87-0.txt,0521_630-20220617/0521_630-20220617-085250-87-87.txt
0521,630,20220620,083952,81-0,095825,69-69,0521_630-20220620/0521_630-20220620-083952-81-0.json,0521_630-20220620/0521_630-20220620-095825-69-69.json,0521_630-20220620/0521_630-20220620-083952-81-0.txt,0521_630-20220620/0521_630-20220620-095825-69-69.txt
0521,630,20220621,084516,140-0,101403,137-137,0521_630-20220621/0521_630-20220621-084516-140-0.json,0521_630-20220621/0521_630-20220621-101403-137-137.json,0521_630-20220621/0521_630-20220621-084516-140-0.txt,0521_630-20220621/0521_630-20220621-101403-137-137.txt
0521,630,20220622,082456,115-0,093731,110-110,0521_630-20220622/0521_630-20220622-082456-115-0.json,0521_630-20220622/0521_630-20220622-093731-110-110.json,0521_630-20220622/0521_630-20220622-082456-115-0.txt,0521_630-20220622/0521_630-20220622-093731-110-110.txt
0521,631,20220530,062920,179-0,073521,178-178,0521_631-20220530/0521_631-20220530-062920-179-0.json,0521_631-20220530/0521_631-20220530-073521-178-178.json,0521_631-20220530/0521_631-20220530-062920-179-0.txt,0521_631-20220530/0521_631-20220530-073521-178-178.txt
0521,631,20220531,064916,186-0,080039,184-184,0521_631-20220531/0521_631-20220531-064916-186-0.json,0521_631-20220531/0521_631-20220531-080039-184-184.json,0521_631-20220531/0521_631-20220531-064916-186-0.txt,0521_631-20220531/0521_631-20220531-080039-184-184.txt
0521,631,20220601,063656,187-0,080322,185-185,0521_631-20220601/0521_631-20220601-063656-187-0.json,0521_631-20220601/0521_631-20220601-080322-185-185.json,0521_631-20220601/0521_631-20220601-063656-187-0.txt,0521_631-20220601/0521_631-20220601-080322-185-185.txt
0521,631,20220602,062918,179-0,072757,178-178,0521_631-20220602/0521_631-20220602-062918-179-0.json,0521_631-20220602/0521_631-20220602-072757-178-178.json,0521_631-20220602/0521_631-20220602-062918-179-0.txt,0521_631-20220602/0521_631-20220602-072757-178-178.txt
0521,631,20220603,061306,145-0,071435,142-142,0521_631-20220603/0521_631-20220603-061306-145-0.json,0521_631-20220603/0521_631-20220603-071435-142-142.json,0521_631-20220603/0521_631-20220603-061306-145-0.txt,0521_631-20220603/0521_631-20220603-071435-142-142.txt
0521,631,20220607,061547,128-0,071940,131-131,0521_631-20220607/0521_631-20220607-061547-128-0.json,0521_631-20220607/0521_631-20220607-071940-131-131.json,0521_631-20220607/0521_631-20220607-061547-128-0.txt,0521_631-20220607/0521_631-20220607-071940-131-131.txt
0521,631,20220608,063505,193-0,075003,188-188,0521_631-20220608/0521_631-20220608-063505-193-0.json,0521_631-20220608/0521_631-20220608-075003-188-188.json,0521_631-20220608/0521_631-20220608-063505-193-0.txt,0521_631-20220608/0521_631-20220608-075003-188-188.txt
0521,631,20220609,062709,181-0,073946,180-180,0521_631-20220609/0521_631-20220609-062709-181-0.json,0521_631-20220609/0521_631-20220609-073946-180-180.json,0521_631-20220609/0521_631-20220609-062709-181-0.txt,0521_631-20220609/0521_631-20220609-073946-180-180.txt
0521,631,20220610,062900,178-0,074108,177-177,0521_631-20220610/0521_631-20220610-062900-178-0.json,0521_631-20220610/0521_631-20220610-074108-177-177.json,0521_631-20220610/0521_631-20220610-062900-178-0.txt,0521_631-20220610/0521_631-20220610-074108-177-177.txt
0521,631,20220613,062052,155-0,072040,155-155,0521_631-20220613/0521_631-20220613-062052-155-0.json,0521_631-20220613/0521_631-20220613-072040-155-155.json,0521_631-20220613/0521_631-20220613-062052-155-0.txt,0521_631-20220613/0521_631-20220613-072040-155-155.txt
0521,631,20220614,062836,166-0,072159,164-164,0521_631-20220614/0521_631-20220614-062836-166-0.json,0521_631-20220614/0521_631-20220614-072159-164-164.json,0521_631-20220614/0521_631-20220614-062836-166-0.txt,0521_631-20220614/0521_631-20220614-072159-164-164.txt
0521,631,20220615,060831,148-0,070532,146-146,0521_631-20220615/0521_631-20220615-060831-148-0.json,0521_631-20220615/0521_631-20220615-070532-146-146.json,0521_631-20220615/0521_631-20220615-060831-148-0.txt,0521_631-20220615/0521_631-20220615-070532-146-146.txt
0521,631,20220616,061104,138-0,070225,137-137,0521_631-20220616/0521_631-20220616-061104-138-0.json,0521_631-20220616/0521_631-20220616-070225-137-137.json,0521_631-20220616/0521_631-20220616-061104-138-0.txt,0521_631-20220616/0521_631-20220616-070225-137-137.txt
0521,631,20220617,061200,133-0,065154,132-132,0521_631-20220617/0521_631-20220617-061200-133-0.json,0521_631-20220617/0521_631-20220617-065154-132-132.json,0521_631-20220617/0521_631-20220617-061200-133-0.txt,0521_631-20220617/0521_631-20220617-065154-132-132.txt
0521,631,20220618,061912,84-0,070219,83-83,0521_631-20220618/0521_631-20220618-061912-84-0.json,0521_631-20220618/0521_631-20220618-070219-83-83.json,0521_631-20220618/0521_631-20220618-061912-84-0.txt,0521_631-20220618/0521_631-20220618-070219-83-83.txt
0521,631,20220620,060633,112-0,071007,112-112,0521_631-20220620/0521_631-20220620-060633-112-0.json,0521_631-20220620/0521_631-20220620-071007-112-112.json,0521_631-20220620/0521_631-20220620-060633-112-0.txt,0521_631-20220620/0521_631-20220620-071007-112-112.txt
0521,631,20220621,061958,166-0,071436,162-162,0521_631-20220621/0521_631-20220621-061958-166-0.json,0521_631-20220621/0521_631-20220621-071436-162-162.json,0521_631-20220621/0521_631-20220621-061958-166-0.txt,0521_631-20220621/0521_631-20220621-071436-162-162.txt
0521,631,20220622,064933,167-0,075116,163-163,0521_631-20220622/0521_631-20220622-064933-167-0.json,0521_631-20220622/0521_631-20220622-075116-163-163.json,0521_631-20220622/0521_631-20220622-064933-167-0.txt,0521_631-20220622/0521_631-20220622-075116-163-163.txt
0521,632,20220530,062038,183-0,071449,136-136,0521_632-20220530/0521_632-20220530-062038-183-0.json,0521_632-20220530/0521_632-20220530-071449-136-136.json,0521_632-20220530/0521_632-20220530-062038-183-0.txt,0521_632-20220530/0521_632-20220530-071449-136-136.txt
0521,632,20220531,061453,172-0,072804,172-172,0521_632-20220531/0521_632-20220531-061453-172-0.json,0521_632-20220531/0521_632-20220531-072804-172-172.json,0521_632-20220531/0521_632-20220531-061453-172-0.txt,0521_632-20220531/0521_632-20220531-072804-172-172.txt
0521,632,20220601,063020,267-0,075330,160-160,0521_632-20220601/0521_632-20220601-063020-267-0.json,0521_632-20220601/0521_632-20220601-075330-160-160.json,0521_632-20220601/0521_632-20220601-063020-267-0.txt,0521_632-20220601/0521_632-20220601-075330-160-160.txt
0521,632,20220602,061017,185-0,071839,156-156,0521_632-20220602/0521_632-20220602-061017-185-0.json,0521_632-20220602/0521_632-20220602-071839-156-156.json,0521_632-20220602/0521_632-20220602-061017-185-0.txt,0521_632-20220602/0521_632-20220602-071839-156-156.txt
0521,632,20220603,060220,188-0,065225,138-138,0521_632-20220603/0521_632-20220603-060220-188-0.json,0521_632-20220603/0521_632-20220603-065225-138-138.json,0521_632-20220603/0521_632-20220603-060220-188-0.txt,0521_632-20220603/0521_632-20220603-065225-138-138.txt
0521,632,20220607,062825,156-0,101805,63-63,0521_632-20220607/0521_632-20220607-062825-156-0.json,0521_632-20220607/0521_632-20220607-101805-63-63.json,0521_632-20220607/0521_632-20220607-062825-156-0.txt,0521_632-20220607/0521_632-20220607-101805-63-63.txt
0521,632,20220608,062131,251-0,091758,85-85,0521_632-20220608/0521_632-20220608-062131-251-0.json,0521_632-20220608/0521_632-20220608-091758-85-85.json,0521_632-20220608/0521_632-20220608-062131-251-0.txt,0521_632-20220608/0521_632-20220608-091758-85-85.txt
0521,632,20220609,070323,229-0,094505,152-152,0521_632-20220609/0521_632-20220609-070323-229-0.json,0521_632-20220609/0521_632-20220609-094505-152-152.json,0521_632-20220609/0521_632-20220609-070323-229-0.txt,0521_632-20220609/0521_632-20220609-094505-152-152.txt
0521,632,20220610,061752,260-0,090948,93-93,0521_632-20220610/0521_632-20220610-061752-260-0.json,0521_632-20220610/0521_632-20220610-090948-93-93.json,0521_632-20220610/0521_632-20220610-061752-260-0.txt,0521_632-20220610/0521_632-20220610-090948-93-93.txt
0521,632,20220613,060949,142-0,081119,76-76,0521_632-20220613/0521_632-20220613-060949-142-0.json,0521_632-20220613/0521_632-20220613-081119-76-76.json,0521_632-20220613/0521_632-20220613-060949-142-0.txt,0521_632-20220613/0521_632-20220613-081119-76-76.txt
0521,632,20220614,064242,239-0,081552,94-94,0521_632-20220614/0521_632-20220614-064242-239-0.json,0521_632-20220614/0521_632-20220614-081552-94-94.json,0521_632-20220614/0521_632-20220614-064242-239-0.txt,0521_632-20220614/0521_632-20220614-081552-94-94.txt
0521,632,20220615,063051,233-0,082023,89-89,0521_632-20220615/0521_632-20220615-063051-233-0.json,0521_632-20220615/0521_632-20220615-082023-89-89.json,0521_632-20220615/0521_632-20220615-063051-233-0.txt,0521_632-20220615/0521_632-20220615-082023-89-89.txt
0521,632,20220616,071035,208-0,090718,107-107,0521_632-20220616/0521_632-20220616-071035-208-0.json,0521_632-20220616/0521_632-20220616-090718-107-107.json,0521_632-20220616/0521_632-20220616-071035-208-0.txt,0521_632-20220616/0521_632-20220616-090718-107-107.txt
0521,632,20220617,061956,163-0,082559,116-116,0521_632-20220617/0521_632-20220617-061956-163-0.json,0521_632-20220617/0521_632-20220617-082559-116-116.json,0521_632-20220617/0521_632-20220617-061956-163-0.txt,0521_632-20220617/0521_632-20220617-082559-116-116.txt
0521,632,20220620,071706,145-0,095310,90-90,0521_632-20220620/0521_632-20220620-071706-145-0.json,0521_632-20220620/0521_632-20220620-095310-90-90.json,0521_632-20220620/0521_632-20220620-071706-145-0.txt,0521_632-20220620/0521_632-20220620-095310-90-90.txt
0521,632,20220621,064302,217-0,083611,120-120,0521_632-20220621/0521_632-20220621-064302-217-0.json,0521_632-20220621/0521_632-20220621-083611-120-120.json,0521_632-20220621/0521_632-20220621-064302-217-0.txt,0521_632-20220621/0521_632-20220621-083611-120-120.txt
0521,632,20220622,070224,234-0,092217,128-128,0521_632-20220622/0521_632-20220622-070224-234-0.json,0521_632-20220622/0521_632-20220622-092217-128-128.json,0521_632-20220622/0521_632-20220622-070224-234-0.txt,0521_632-20220622/0521_632-20220622-092217-128-128.txt
0521,633,20220531,090400,157-0,110933,147-147,0521_633-20220531/0521_633-20220531-090400-157-0.json,0521_633-20220531/0521_633-20220531-110933-147-147.json,0521_633-20220531/0521_633-20220531-090400-157-0.txt,0521_633-20220531/0521_633-20220531-110933-147-147.txt
0521,633,20220601,090706,160-0,104710,130-130,0521_633-20220601/0521_633-20220601-090706-160-0.json,0521_633-20220601/0521_633-20220601-104710-130-130.json,0521_633-20220601/0521_633-20220601-090706-160-0.txt,0521_633-20220601/0521_633-20220601-104710-130-130.txt
0521,633,20220602,084322,134-0,085529,126-126,0521_633-20220602/0521_633-20220602-084322-134-0.json,0521_633-20220602/0521_633-20220602-085529-126-126.json,0521_633-20220602/0521_633-20220602-084322-134-0.txt,0521_633-20220602/0521_633-20220602-085529-126-126.txt
0521,633,20220603,083421,118-0,094928,110-110,0521_633-20220603/0521_633-20220603-083421-118-0.json,0521_633-20220603/0521_633-20220603-094928-110-110.json,0521_633-20220603/0521_633-20220603-083421-118-0.txt,0521_633-20220603/0521_633-20220603-094928-110-110.txt
0521,633,20220607,091836,113-0,103447,109-109,0521_633-20220607/0521_633-20220607-091836-113-0.json,0521_633-20220607/0521_633-20220607-103447-109-109.json,0521_633-20220607/0521_633-20220607-091836-113-0.txt,0521_633-20220607/0521_633-20220607-103447-109-109.txt
0521,633,20220608,084910,152-0,085733,141-141,0521_633-20220608/0521_633-20220608-084910-152-0.json,0521_633-20220608/0521_633-20220608-085733-141-141.json,0521_633-20220608/0521_633-20220608-084910-152-0.txt,0521_633-20220608/0521_633-20220608-085733-141-141.txt
0521,633,20220609,084113,130-0,102135,122-122,0521_633-20220609/0521_633-20220609-084113-130-0.json,0521_633-20220609/0521_633-20220609-102135-122-122.json,0521_633-20220609/0521_633-20220609-084113-130-0.txt,0521_633-20220609/0521_633-20220609-102135-122-122.txt
0521,633,20220610,084224,138-0,103457,130-130,0521_633-20220610/0521_633-20220610-084224-138-0.json,0521_633-20220610/0521_633-20220610-103457-130-130.json,0521_633-20220610/0521_633-20220610-084224-138-0.txt,0521_633-20220610/0521_633-20220610-103457-130-130.txt
0521,633,20220613,082609,102-0,093443,95-95,0521_633-20220613/0521_633-20220613-082609-102-0.json,0521_633-20220613/0521_633-20220613-093443-95-95.json,0521_633-20220613/0521_633-20220613-082609-102-0.txt,0521_633-20220613/0521_633-20220613-093443-95-95.txt
0521,633,20220614,084631,132-0,101520,124-124,0521_633-20220614/0521_633-20220614-084631-132-0.json,0521_633-20220614/0521_633-20220614-101520-124-124.json,0521_633-20220614/0521_633-20220614-084631-132-0.txt,0521_633-20220614/0521_633-20220614-101520-124-124.txt
0521,633,20220615,084046,140-0,102400,131-131,0521_633-20220615/0521_633-20220615-084046-140-0.json,0521_633-20220615/0521_633-20220615-102400-131-131.json,0521_633-20220615/0521_633-20220615-084046-140-0.txt,0521_633-20220615/0521_633-20220615-102400-131-131.txt
0521,633,20220616,082733,114-0,100653,111-111,0521_633-20220616/0521_633-20220616-082733-114-0.json,0521_633-20220616/0521_633-20220616-100653-111-111.json,0521_633-20220616/0521_633-20220616-082733-114-0.txt,0521_633-20220616/0521_633-20220616-100653-111-111.txt
0521,633,20220617,092428,92-0,104254,89-89,0521_633-20220617/0521_633-20220617-092428-92-0.json,0521_633-20220617/0521_633-20220617-104254-89-89.json,0521_633-20220617/0521_633-20220617-092428-92-0.txt,0521_633-20220617/0521_633-20220617-104254-89-89.txt
0521,633,20220620,081252,73-0,090133,66-66,0521_633-20220620/0521_633-20220620-081252-73-0.json,0521_633-20220620/0521_633-20220620-090133-66-66.json,0521_633-20220620/0521_633-20220620-081252-73-0.txt,0521_633-20220620/0521_633-20220620-090133-66-66.txt
0521,633,20220621,093853,144-0,112441,139-139,0521_633-20220621/0521_633-20220621-093853-144-0.json,0521_633-20220621/0521_633-20220621-112441-139-139.json,0521_633-20220621/0521_633-20220621-093853-144-0.txt,0521_633-20220621/0521_633-20220621-112441-139-139.txt
0521,633,20220622,084351,115-0,100346,105-105,0521_633-20220622/0521_633-20220622-084351-115-0.json,0521_633-20220622/0521_633-20220622-100346-105-105.json,0521_633-20220622/0521_633-20220622-084351-115-0.txt,0521_633-20220622/0521_633-20220622-100346-105-105.txt
0521,634,20220602,104451,7-0,104916,8-7,0521_634-20220602/0521_634-20220602-104451-7-0.json,0521_634-20220602/0521_634-20220602-104916-8-7.json,0521_634-20220602/0521_634-20220602-104451-7-0.txt,0521_634-20220602/0521_634-20220602-104916-8-7.txt
0521,634,20220603,083824,21-0,084020,17-17,0521_634-20220603/0521_634-20220603-083824-21-0.json,0521_634-20220603/0521_634-20220603-084020-17-17.json,0521_634-20220603/0521_634-20220603-083824-21-0.txt,0521_634-20220603/0521_634-20220603-084020-17-17.txt
0521,634,20220610,083417,3-0,083647,4-0,0521_634-20220610/0521_634-20220610-083417-3-0.json,0521_634-20220610/0521_634-20220610-083647-4-0.json,0521_634-20220610/0521_634-20220610-083417-3-0.txt,0521_634-20220610/0521_634-20220610-083647-4-0.txt
0521,634,20220613,073643,192-0,082924,131-131,0521_634-20220613/0521_634-20220613-073643-192-0.json,0521_634-20220613/0521_634-20220613-082924-131-131.json,0521_634-20220613/0521_634-20220613-073643-192-0.txt,0521_634-20220613/0521_634-20220613-082924-131-131.txt
0521,634,20220614,074405,85-0,090743,41-41,0521_634-20220614/0521_634-20220614-074405-85-0.json,0521_634-20220614/0521_634-20220614-090743-41-41.json,0521_634-20220614/0521_634-20220614-074405-85-0.txt,0521_634-20220614/0521_634-20220614-090743-41-41.txt
0521,634,20220615,074203,60-0,074203,60-0,0521_634-20220615/0521_634-20220615-074203-60-0.json,0521_634-20220615/0521_634-20220615-074203-60-0.json,0521_634-20220615/0521_634-20220615-074203-60-0.txt,0521_634-20220615/0521_634-20220615-074203-60-0.txt
0521,634,20220616,081224,229-0,111020,188-188,0521_634-20220616/0521_634-20220616-081224-229-0.json,0521_634-20220616/0521_634-20220616-111020-188-188.json,0521_634-20220616/0521_634-20220616-081224-229-0.txt,0521_634-20220616/0521_634-20220616-111020-188-188.txt
0521,634,20220617,081919,179-0,102817,145-145,0521_634-20220617/0521_634-20220617-081919-179-0.json,0521_634-20220617/0521_634-20220617-102817-145-145.json,0521_634-20220617/0521_634-20220617-081919-179-0.txt,0521_634-20220617/0521_634-20220617-102817-145-145.txt
0521,634,20220620,063539,154-0,085546,156-156,0521_634-20220620/0521_634-20220620-063539-154-0.json,0521_634-20220620/0521_634-20220620-085546-156-156.json,0521_634-20220620/0521_634-20220620-063539-154-0.txt,0521_634-20220620/0521_634-20220620-085546-156-156.txt
0521,634,20220621,062805,212-0,074611,176-176,0521_634-20220621/0521_634-20220621-062805-212-0.json,0521_634-20220621/0521_634-20220621-074611-176-176.json,0521_634-20220621/0521_634-20220621-062805-212-0.txt,0521_634-20220621/0521_634-20220621-074611-176-176.txt
0521,634,20220622,082420,163-0,094625,163-163,0521_634-20220622/0521_634-20220622-082420-163-0.json,0521_634-20220622/0521_634-20220622-094625-163-163.json,0521_634-20220622/0521_634-20220622-082420-163-0.txt,0521_634-20220622/0521_634-20220622-094625-163-163.txt
0521,635,20220530,063546,180-178,064637,180-180,0521_635-20220530/0521_635-20220530-063546-180-178.json,0521_635-20220530/0521_635-20220530-064637-180-180.json,0521_635-20220530/0521_635-20220530-063546-180-178.txt,0521_635-20220530/0521_635-20220530-064637-180-180.txt
0521,635,20220531,052739,217-0,070712,215-215,0521_635-20220531/0521_635-20220531-052739-217-0.json,0521_635-20220531/0521_635-20220531-070712-215-215.json,0521_635-20220531/0521_635-20220531-052739-217-0.txt,0521_635-20220531/0521_635-20220531-070712-215-215.txt
0521,635,20220601,052825,211-0,071352,209-209,0521_635-20220601/0521_635-20220601-052825-211-0.json,0521_635-20220601/0521_635-20220601-071352-209-209.json,0521_635-20220601/0521_635-20220601-052825-211-0.txt,0521_635-20220601/0521_635-20220601-071352-209-209.txt
0521,635,20220602,050745,183-0,064251,172-172,0521_635-20220602/0521_635-20220602-050745-183-0.json,0521_635-20220602/0521_635-20220602-064251-172-172.json,0521_635-20220602/0521_635-20220602-050745-183-0.txt,0521_635-20220602/0521_635-20220602-064251-172-172.txt
0521,635,20220603,051241,205-0,070112,185-185,0521_635-20220603/0521_635-20220603-051241-205-0.json,0521_635-20220603/0521_635-20220603-070112-185-185.json,0521_635-20220603/0521_635-20220603-051241-205-0.txt,0521_635-20220603/0521_635-20220603-070112-185-185.txt
0521,635,20220607,050411,166-0,064052,166-166,0521_635-20220607/0521_635-20220607-050411-166-0.json,0521_635-20220607/0521_635-20220607-064052-166-166.json,0521_635-20220607/0521_635-20220607-050411-166-0.txt,0521_635-20220607/0521_635-20220607-064052-166-166.txt
0521,635,20220608,055050,207-0,072402,200-200,0521_635-20220608/0521_635-20220608-055050-207-0.json,0521_635-20220608/0521_635-20220608-072402-200-200.json,0521_635-20220608/0521_635-20220608-055050-207-0.txt,0521_635-20220608/0521_635-20220608-072402-200-200.txt
0521,635,20220609,053235,200-0,071743,198-198,0521_635-20220609/0521_635-20220609-053235-200-0.json,0521_635-20220609/0521_635-20220609-071743-198-198.json,0521_635-20220609/0521_635-20220609-053235-200-0.txt,0521_635-20220609/0521_635-20220609-071743-198-198.txt
0521,635,20220610,064155,182-174,071511,179-179,0521_635-20220610/0521_635-20220610-064155-182-174.json,0521_635-20220610/0521_635-20220610-071511-179-179.json,0521_635-20220610/0521_635-20220610-064155-182-174.txt,0521_635-20220610/0521_635-20220610-071511-179-179.txt
0521,635,20220617,092220,38-0,092220,38-0,0521_635-20220617/0521_635-20220617-092220-38-0.json,0521_635-20220617/0521_635-20220617-092220-38-0.json,0521_635-20220617/0521_635-20220617-092220-38-0.txt,0521_635-20220617/0521_635-20220617-092220-38-0.txt
0521,635,20220620,052200,144-0,052218,144-0,0521_635-20220620/0521_635-20220620-052200-144-0.json,0521_635-20220620/0521_635-20220620-052218-144-0.json,0521_635-20220620/0521_635-20220620-052200-144-0.txt,0521_635-20220620/0521_635-20220620-052218-144-0.txt
0521,635,20220621,053152,214-0,053152,214-0,0521_635-20220621/0521_635-20220621-053152-214-0.json,0521_635-20220621/0521_635-20220621-053152-214-0.json,0521_635-20220621/0521_635-20220621-053152-214-0.txt,0521_635-20220621/0521_635-20220621-053152-214-0.txt
0521,635,20220622,052512,187-0,052512,187-0,0521_635-20220622/0521_635-20220622-052512-187-0.json,0521_635-20220622/0521_635-20220622-052512-187-0.json,0521_635-20220622/0521_635-20220622-052512-187-0.txt,0521_635-20220622/0521_635-20220622-052512-187-0.txt
0521,636,20220530,063432,182-0,080452,125-125,0521_636-20220530/0521_636-20220530-063432-182-0.json,0521_636-20220530/0521_636-20220530-080452-125-125.json,0521_636-20220530/0521_636-20220530-063432-182-0.txt,0521_636-20220530/0521_636-20220530-080452-125-125.txt
0521,636,20220531,065002,232-0,082548,160-160,0521_636-20220531/0521_636-20220531-065002-232-0.json,0521_636-20220531/0521_636-20220531-082548-160-160.json,0521_636-20220531/0521_636-20220531-065002-232-0.txt,0521_636-20220531/0521_636-20220531-082548-160-160.txt
0521,636,20220601,065420,215-0,081425,153-153,0521_636-20220601/0521_636-20220601-065420-215-0.json,0521_636-20220601/0521_636-20220601-081425-153-153.json,0521_636-20220601/0521_636-20220601-065420-215-0.txt,0521_636-20220601/0521_636-20220601-081425-153-153.txt
0521,636,20220602,064705,201-0,080735,146-146,0521_636-20220602/0521_636-20220602-064705-201-0.json,0521_636-20220602/0521_636-20220602-080735-146-146.json,0521_636-20220602/0521_636-20220602-064705-201-0.txt,0521_636-20220602/0521_636-20220602-080735-146-146.txt
0521,636,20220603,064944,219-0,083001,160-160,0521_636-20220603/0521_636-20220603-064944-219-0.json,0521_636-20220603/0521_636-20220603-083001-160-160.json,0521_636-20220603/0521_636-20220603-064944-219-0.txt,0521_636-20220603/0521_636-20220603-083001-160-160.txt
0521,636,20220607,070143,209-0,082644,157-157,0521_636-20220607/0521_636-20220607-070143-209-0.json,0521_636-20220607/0521_636-20220607-082644-157-157.json,0521_636-20220607/0521_636-20220607-070143-209-0.txt,0521_636-20220607/0521_636-20220607-082644-157-157.txt
0521,636,20220608,065140,230-0,081903,143-143,0521_636-20220608/0521_636-20220608-065140-230-0.json,0521_636-20220608/0521_636-20220608-081903-143-143.json,0521_636-20220608/0521_636-20220608-065140-230-0.txt,0521_636-20220608/0521_636-20220608-081903-143-143.txt
0521,636,20220609,073044,218-0,085342,148-148,0521_636-20220609/0521_636-20220609-073044-218-0.json,0521_636-20220609/0521_636-20220609-085342-148-148.json,0521_636-20220609/0521_636-20220609-073044-218-0.txt,0521_636-20220609/0521_636-20220609-085342-148-148.txt
0521,636,20220610,072406,242-0,073441,172-0,0521_636-20220610/0521_636-20220610-072406-242-0.json,0521_636-20220610/0521_636-20220610-073441-172-0.json,0521_636-20220610/0521_636-20220610-072406-242-0.txt,0521_636-20220610/0521_636-20220610-073441-172-0.txt
0521,636,20220611,053738,52-0,060759,53-53,0521_636-20220611/0521_636-20220611-053738-52-0.json,0521_636-20220611/0521_636-20220611-060759-53-53.json,0521_636-20220611/0521_636-20220611-053738-52-0.txt,0521_636-20220611/0521_636-20220611-060759-53-53.txt
0521,636,20220613,054500,229-0,054500,229-0,0521_636-20220613/0521_636-20220613-054500-229-0.json,0521_636-20220613/0521_636-20220613-054500-229-0.json,0521_636-20220613/0521_636-20220613-054500-229-0.txt,0521_636-20220613/0521_636-20220613-054500-229-0.txt
0521,636,20220614,090224,104-0,093858,87-87,0521_636-20220614/0521_636-20220614-090224-104-0.json,0521_636-20220614/0521_636-20220614-093858-87-87.json,0521_636-20220614/0521_636-20220614-090224-104-0.txt,0521_636-20220614/0521_636-20220614-093858-87-87.txt
0521,636,20220615,084152,222-0,102605,60-60,0521_636-20220615/0521_636-20220615-084152-222-0.json,0521_636-20220615/0521_636-20220615-102605-60-60.json,0521_636-20220615/0521_636-20220615-084152-222-0.txt,0521_636-20220615/0521_636-20220615-102605-60-60.txt
0521,636,20220616,071511,88-0,083537,76-76,0521_636-20220616/0521_636-20220616-071511-88-0.json,0521_636-20220616/0521_636-20220616-083537-76-76.json,0521_636-20220616/0521_636-20220616-071511-88-0.txt,0521_636-20220616/0521_636-20220616-083537-76-76.txt
0521,636,20220621,065015,220-0,080527,153-153,0521_636-20220621/0521_636-20220621-065015-220-0.json,0521_636-20220621/0521_636-20220621-080527-153-153.json,0521_636-20220621/0521_636-20220621-065015-220-0.txt,0521_636-20220621/0521_636-20220621-080527-153-153.txt
0521,639,20220530,070802,91-91,070802,91-91,0521_639-20220530/0521_639-20220530-070802-91-91.json,0521_639-20220530/0521_639-20220530-070802-91-91.json,0521_639-20220530/0521_639-20220530-070802-91-91.txt,0521_639-20220530/0521_639-20220530-070802-91-91.txt
0521,639,20220531,061445,132-0,074117,100-100,0521_639-20220531/0521_639-20220531-061445-132-0.json,0521_639-20220531/0521_639-20220531-074117-100-100.json,0521_639-20220531/0521_639-20220531-061445-132-0.txt,0521_639-20220531/0521_639-20220531-074117-100-100.txt
0521,639,20220601,060233,95-0,072332,81-81,0521_639-20220601/0521_639-20220601-060233-95-0.json,0521_639-20220601/0521_639-20220601-072332-81-81.json,0521_639-20220601/0521_639-20220601-060233-95-0.txt,0521_639-20220601/0521_639-20220601-072332-81-81.txt
0521,639,20220602,063007,106-0,074429,92-92,0521_639-20220602/0521_639-20220602-063007-106-0.json,0521_639-20220602/0521_639-20220602-074429-92-92.json,0521_639-20220602/0521_639-20220602-063007-106-0.txt,0521_639-20220602/0521_639-20220602-074429-92-92.txt
0521,639,20220603,054637,107-0,072529,89-89,0521_639-20220603/0521_639-20220603-054637-107-0.json,0521_639-20220603/0521_639-20220603-072529-89-89.json,0521_639-20220603/0521_639-20220603-054637-107-0.txt,0521_639-20220603/0521_639-20220603-072529-89-89.txt
0521,639,20220607,054605,96-0,070710,84-84,0521_639-20220607/0521_639-20220607-054605-96-0.json,0521_639-20220607/0521_639-20220607-070710-84-84.json,0521_639-20220607/0521_639-20220607-054605-96-0.txt,0521_639-20220607/0521_639-20220607-070710-84-84.txt
0521,639,20220608,055652,120-0,071351,95-95,0521_639-20220608/0521_639-20220608-055652-120-0.json,0521_639-20220608/0521_639-20220608-071351-95-95.json,0521_639-20220608/0521_639-20220608-055652-120-0.txt,0521_639-20220608/0521_639-20220608-071351-95-95.txt
0521,639,20220609,061453,107-0,071435,96-96,0521_639-20220609/0521_639-20220609-061453-107-0.json,0521_639-20220609/0521_639-20220609-071435-96-96.json,0521_639-20220609/0521_639-20220609-061453-107-0.txt,0521_639-20220609/0521_639-20220609-071435-96-96.txt
0521,639,20220610,061435,108-0,071126,92-92,0521_639-20220610/0521_639-20220610-061435-108-0.json,0521_639-20220610/0521_639-20220610-071126-92-92.json,0521_639-20220610/0521_639-20220610-061435-108-0.txt,0521_639-20220610/0521_639-20220610-071126-92-92.txt
0521,639,20220611,051946,89-0,060025,88-88,0521_639-20220611/0521_639-20220611-051946-89-0.json,0521_639-20220611/0521_639-20220611-060025-88-88.json,0521_639-20220611/0521_639-20220611-051946-89-0.txt,0521_639-20220611/0521_639-20220611-060025-88-88.txt
0521,639,20220613,061805,89-0,071843,74-74,0521_639-20220613/0521_639-20220613-061805-89-0.json,0521_639-20220613/0521_639-20220613-071843-74-74.json,0521_639-20220613/0521_639-20220613-061805-89-0.txt,0521_639-20220613/0521_639-20220613-071843-74-74.txt
0521,639,20220614,055007,132-0,074311,115-115,0521_639-20220614/0521_639-20220614-055007-132-0.json,0521_639-20220614/0521_639-20220614-074311-115-115.json,0521_639-20220614/0521_639-20220614-055007-132-0.txt,0521_639-20220614/0521_639-20220614-074311-115-115.txt
0521,639,20220615,054349,108-0,065124,93-93,0521_639-20220615/0521_639-20220615-054349-108-0.json,0521_639-20220615/0521_639-20220615-065124-93-93.json,0521_639-20220615/0521_639-20220615-054349-108-0.txt,0521_639-20220615/0521_639-20220615-065124-93-93.txt
0521,639,20220616,055114,122-0,071128,97-97,0521_639-20220616/0521_639-20220616-055114-122-0.json,0521_639-20220616/0521_639-20220616-071128-97-97.json,0521_639-20220616/0521_639-20220616-055114-122-0.txt,0521_639-20220616/0521_639-20220616-071128-97-97.txt
0521,639,20220617,060434,97-0,060850,85-85,0521_639-20220617/0521_639-20220617-060434-97-0.json,0521_639-20220617/0521_639-20220617-060850-85-85.json,0521_639-20220617/0521_639-20220617-060434-97-0.txt,0521_639-20220617/0521_639-20220617-060850-85-85.txt
0521,639,20220620,052304,91-0,060338,76-76,0521_639-20220620/0521_639-20220620-052304-91-0.json,0521_639-20220620/0521_639-20220620-060338-76-76.json,0521_639-20220620/0521_639-20220620-052304-91-0.txt,0521_639-20220620/0521_639-20220620-060338-76-76.txt
0521,639,20220621,053156,93-0,062154,84-84,0521_639-20220621/0521_639-20220621-053156-93-0.json,0521_639-20220621/0521_639-20220621-062154-84-84.json,0521_639-20220621/0521_639-20220621-053156-93-0.txt,0521_639-20220621/0521_639-20220621-062154-84-84.txt
0521,639,20220622,054139,110-0,062507,93-93,0521_639-20220622/0521_639-20220622-054139-110-0.json,0521_639-20220622/0521_639-20220622-062507-93-93.json,0521_639-20220622/0521_639-20220622-054139-110-0.txt,0521_639-20220622/0521_639-20220622-062507-93-93.txt
0521,641,20220530,061138,154-154,072756,154-154,0521_641-20220530/0521_641-20220530-061138-154-154.json,0521_641-20220530/0521_641-20220530-072756-154-154.json,0521_641-20220530/0521_641-20220530-061138-154-154.txt,0521_641-20220530/0521_641-20220530-072756-154-154.txt
0521,641,20220531,060331,222-0,073951,199-199,0521_641-20220531/0521_641-20220531-060331-222-0.json,0521_641-20220531/0521_641-20220531-073951-199-199.json,0521_641-20220531/0521_641-20220531-060331-222-0.txt,0521_641-20220531/0521_641-20220531-073951-199-199.txt
0521,641,20220601,060207,201-0,074008,176-176,0521_641-20220601/0521_641-20220601-060207-201-0.json,0521_641-20220601/0521_641-20220601-074008-176-176.json,0521_641-20220601/0521_641-20220601-060207-201-0.txt,0521_641-20220601/0521_641-20220601-074008-176-176.txt
0521,641,20220602,060836,219-0,075157,195-195,0521_641-20220602/0521_641-20220602-060836-219-0.json,0521_641-20220602/0521_641-20220602-075157-195-195.json,0521_641-20220602/0521_641-20220602-060836-219-0.txt,0521_641-20220602/0521_641-20220602-075157-195-195.txt
0521,641,20220603,055648,169-0,072616,165-165,0521_641-20220603/0521_641-20220603-055648-169-0.json,0521_641-20220603/0521_641-20220603-072616-165-165.json,0521_641-20220603/0521_641-20220603-055648-169-0.txt,0521_641-20220603/0521_641-20220603-072616-165-165.txt
0521,641,20220604,053315,84-0,054431,84-84,0521_641-20220604/0521_641-20220604-053315-84-0.json,0521_641-20220604/0521_641-20220604-054431-84-84.json,0521_641-20220604/0521_641-20220604-053315-84-0.txt,0521_641-20220604/0521_641-20220604-054431-84-84.txt
0521,641,20220607,054017,143-0,065646,140-140,0521_641-20220607/0521_641-20220607-054017-143-0.json,0521_641-20220607/0521_641-20220607-065646-140-140.json,0521_641-20220607/0521_641-20220607-054017-143-0.txt,0521_641-20220607/0521_641-20220607-065646-140-140.txt
0521,641,20220608,055738,206-0,074142,184-184,0521_641-20220608/0521_641-20220608-055738-206-0.json,0521_641-20220608/0521_641-20220608-074142-184-184.json,0521_641-20220608/0521_641-20220608-055738-206-0.txt,0521_641-20220608/0521_641-20220608-074142-184-184.txt
0521,641,20220609,060606,203-0,074552,198-198,0521_641-20220609/0521_641-20220609-060606-203-0.json,0521_641-20220609/0521_641-20220609-074552-198-198.json,0521_641-20220609/0521_641-20220609-060606-203-0.txt,0521_641-20220609/0521_641-20220609-074552-198-198.txt
0521,641,20220610,055816,193-0,073932,185-185,0521_641-20220610/0521_641-20220610-055816-193-0.json,0521_641-20220610/0521_641-20220610-073932-185-185.json,0521_641-20220610/0521_641-20220610-055816-193-0.txt,0521_641-20220610/0521_641-20220610-073932-185-185.txt
0521,641,20220613,062710,187-0,075132,165-165,0521_641-20220613/0521_641-20220613-062710-187-0.json,0521_641-20220613/0521_641-20220613-075132-165-165.json,0521_641-20220613/0521_641-20220613-062710-187-0.txt,0521_641-20220613/0521_641-20220613-075132-165-165.txt
0521,641,20220614,055216,182-0,073206,173-173,0521_641-20220614/0521_641-20220614-055216-182-0.json,0521_641-20220614/0521_641-20220614-073206-173-173.json,0521_641-20220614/0521_641-20220614-055216-182-0.txt,0521_641-20220614/0521_641-20220614-073206-173-173.txt
0521,641,20220615,060045,198-0,074443,190-190,0521_641-20220615/0521_641-20220615-060045-198-0.json,0521_641-20220615/0521_641-20220615-074443-190-190.json,0521_641-20220615/0521_641-20220615-060045-198-0.txt,0521_641-20220615/0521_641-20220615-074443-190-190.txt
0521,641,20220616,054813,171-0,072949,165-165,0521_641-20220616/0521_641-20220616-054813-171-0.json,0521_641-20220616/0521_641-20220616-072949-165-165.json,0521_641-20220616/0521_641-20220616-054813-171-0.txt,0521_641-20220616/0521_641-20220616-072949-165-165.txt
0521,641,20220617,055132,153-0,072631,150-150,0521_641-20220617/0521_641-20220617-055132-153-0.json,0521_641-20220617/0521_641-20220617-072631-150-150.json,0521_641-20220617/0521_641-20220617-055132-153-0.txt,0521_641-20220617/0521_641-20220617-072631-150-150.txt
0521,641,20220618,053727,86-0,062224,86-86,0521_641-20220618/0521_641-20220618-053727-86-0.json,0521_641-20220618/0521_641-20220618-062224-86-86.json,0521_641-20220618/0521_641-20220618-053727-86-0.txt,0521_641-20220618/0521_641-20220618-062224-86-86.txt
0521,641,20220620,054618,122-0,070206,118-118,0521_641-20220620/0521_641-20220620-054618-122-0.json,0521_641-20220620/0521_641-20220620-070206-118-118.json,0521_641-20220620/0521_641-20220620-054618-122-0.txt,0521_641-20220620/0521_641-20220620-070206-118-118.txt
0521,641,20220621,055424,194-0,061041,177-177,0521_641-20220621/0521_641-20220621-055424-194-0.json,0521_641-20220621/0521_641-20220621-061041-177-177.json,0521_641-20220621/0521_641-20220621-055424-194-0.txt,0521_641-20220621/0521_641-20220621-061041-177-177.txt
0521,641,20220622,060149,170-0,071834,169-169,0521_641-20220622/0521_641-20220622-060149-170-0.json,0521_641-20220622/0521_641-20220622-071834-169-169.json,0521_641-20220622/0521_641-20220622-060149-170-0.txt,0521_641-20220622/0521_641-20220622-071834-169-169.txt
0521,643,20220530,061740,158-157,065413,158-158,0521_643-20220530/0521_643-20220530-061740-158-157.json,0521_643-20220530/0521_643-20220530-065413-158-158.json,0521_643-20220530/0521_643-20220530-061740-158-157.txt,0521_643-20220530/0521_643-20220530-065413-158-158.txt
0521,643,20220531,055652,206-0,065213,203-203,0521_643-20220531/0521_643-20220531-055652-206-0.json,0521_643-20220531/0521_643-20220531-065213-203-203.json,0521_643-20220531/0521_643-20220531-055652-206-0.txt,0521_643-20220531/0521_643-20220531-065213-203-203.txt
0521,643,20220601,054303,186-0,055213,183-183,0521_643-20220601/0521_643-20220601-054303-186-0.json,0521_643-20220601/0521_643-20220601-055213-183-183.json,0521_643-20220601/0521_643-20220601-054303-186-0.txt,0521_643-20220601/0521_643-20220601-055213-183-183.txt
0521,643,20220602,054729,175-0,060232,173-172,0521_643-20220602/0521_643-20220602-054729-175-0.json,0521_643-20220602/0521_643-20220602-060232-173-172.json,0521_643-20220602/0521_643-20220602-054729-175-0.txt,0521_643-20220602/0521_643-20220602-060232-173-172.txt
0521,643,20220603,054526,166-0,064540,161-161,0521_643-20220603/0521_643-20220603-054526-166-0.json,0521_643-20220603/0521_643-20220603-064540-161-161.json,0521_643-20220603/0521_643-20220603-054526-166-0.txt,0521_643-20220603/0521_643-20220603-064540-161-161.txt
0521,643,20220607,055426,127-0,064528,127-127,0521_643-20220607/0521_643-20220607-055426-127-0.json,0521_643-20220607/0521_643-20220607-064528-127-127.json,0521_643-20220607/0521_643-20220607-055426-127-0.txt,0521_643-20220607/0521_643-20220607-064528-127-127.txt
0521,643,20220608,054925,198-0,070141,198-198,0521_643-20220608/0521_643-20220608-054925-198-0.json,0521_643-20220608/0521_643-20220608-070141-198-198.json,0521_643-20220608/0521_643-20220608-054925-198-0.txt,0521_643-20220608/0521_643-20220608-070141-198-198.txt
0521,643,20220609,054240,174-0,065028,171-171,0521_643-20220609/0521_643-20220609-054240-174-0.json,0521_643-20220609/0521_643-20220609-065028-171-171.json,0521_643-20220609/0521_643-20220609-054240-174-0.txt,0521_643-20220609/0521_643-20220609-065028-171-171.txt
0521,643,20220610,054636,170-0,065532,168-168,0521_643-20220610/0521_643-20220610-054636-170-0.json,0521_643-20220610/0521_643-20220610-065532-168-168.json,0521_643-20220610/0521_643-20220610-054636-170-0.txt,0521_643-20220610/0521_643-20220610-065532-168-168.txt
0521,643,20220613,054044,161-0,071259,148-148,0521_643-20220613/0521_643-20220613-054044-161-0.json,0521_643-20220613/0521_643-20220613-071259-148-148.json,0521_643-20220613/0521_643-20220613-054044-161-0.txt,0521_643-20220613/0521_643-20220613-071259-148-148.txt
0521,643,20220614,055016,199-0,062502,195-195,0521_643-20220614/0521_643-20220614-055016-199-0.json,0521_643-20220614/0521_643-20220614-062502-195-195.json,0521_643-20220614/0521_643-20220614-055016-199-0.txt,0521_643-20220614/0521_643-20220614-062502-195-195.txt
0521,643,20220615,053646,145-0,062945,144-144,0521_643-20220615/0521_643-20220615-053646-145-0.json,0521_643-20220615/0521_643-20220615-062945-144-144.json,0521_643-20220615/0521_643-20220615-053646-145-0.txt,0521_643-20220615/0521_643-20220615-062945-144-144.txt
0521,643,20220616,053130,152-0,053406,149-149,0521_643-20220616/0521_643-20220616-053130-152-0.json,0521_643-20220616/0521_643-20220616-053406-149-149.json,0521_643-20220616/0521_643-20220616-053130-152-0.txt,0521_643-20220616/0521_643-20220616-053406-149-149.txt
0521,643,20220617,053457,140-0,062933,139-139,0521_643-20220617/0521_643-20220617-053457-140-0.json,0521_643-20220617/0521_643-20220617-062933-139-139.json,0521_643-20220617/0521_643-20220617-053457-140-0.txt,0521_643-20220617/0521_643-20220617-062933-139-139.txt
0521,643,20220620,053110,99-0,060916,92-92,0521_643-20220620/0521_643-20220620-053110-99-0.json,0521_643-20220620/0521_643-20220620-060916-92-92.json,0521_643-20220620/0521_643-20220620-053110-99-0.txt,0521_643-20220620/0521_643-20220620-060916-92-92.txt
0521,643,20220621,054017,177-0,063925,176-176,0521_643-20220621/0521_643-20220621-054017-177-0.json,0521_643-20220621/0521_643-20220621-063925-176-176.json,0521_643-20220621/0521_643-20220621-054017-177-0.txt,0521_643-20220621/0521_643-20220621-063925-176-176.txt
0521,643,20220622,053811,136-0,063107,135-135,0521_643-20220622/0521_643-20220622-053811-136-0.json,0521_643-20220622/0521_643-20220622-063107-135-135.json,0521_643-20220622/0521_643-20220622-053811-136-0.txt,0521_643-20220622/0521_643-20220622-063107-135-135.txt
0521,644,20220531,085601,125-0,094935,125-125,0521_644-20220531/0521_644-20220531-085601-125-0.json,0521_644-20220531/0521_644-20220531-094935-125-125.json,0521_644-20220531/0521_644-20220531-085601-125-0.txt,0521_644-20220531/0521_644-20220531-094935-125-125.txt
0521,644,20220601,085842,102-0,093441,102-102,0521_644-20220601/0521_644-20220601-085842-102-0.json,0521_644-20220601/0521_644-20220601-093441-102-102.json,0521_644-20220601/0521_644-20220601-085842-102-0.txt,0521_644-20220601/0521_644-20220601-093441-102-102.txt
0521,644,20220602,085145,96-0,094015,96-96,0521_644-20220602/0521_644-20220602-085145-96-0.json,0521_644-20220602/0521_644-20220602-094015-96-96.json,0521_644-20220602/0521_644-20220602-085145-96-0.txt,0521_644-20220602/0521_644-20220602-094015-96-96.txt
0521,644,20220603,084339,91-0,092750,91-91,0521_644-20220603/0521_644-20220603-084339-91-0.json,0521_644-20220603/0521_644-20220603-092750-91-91.json,0521_644-20220603/0521_644-20220603-084339-91-0.txt,0521_644-20220603/0521_644-20220603-092750-91-91.txt
0521,644,20220604,062341,46-0,064608,46-46,0521_644-20220604/0521_644-20220604-062341-46-0.json,0521_644-20220604/0521_644-20220604-064608-46-46.json,0521_644-20220604/0521_644-20220604-062341-46-0.txt,0521_644-20220604/0521_644-20220604-064608-46-46.txt
0521,644,20220607,090851,74-0,093600,74-74,0521_644-20220607/0521_644-20220607-090851-74-0.json,0521_644-20220607/0521_644-20220607-093600-74-74.json,0521_644-20220607/0521_644-20220607-090851-74-0.txt,0521_644-20220607/0521_644-20220607-093600-74-74.txt
0521,644,20220608,085717,112-0,095609,112-112,0521_644-20220608/0521_644-20220608-085717-112-0.json,0521_644-20220608/0521_644-20220608-095609-112-112.json,0521_644-20220608/0521_644-20220608-085717-112-0.txt,0521_644-20220608/0521_644-20220608-095609-112-112.txt
0521,644,20220609,085334,110-0,093550,110-110,0521_644-20220609/0521_644-20220609-085334-110-0.json,0521_644-20220609/0521_644-20220609-093550-110-110.json,0521_644-20220609/0521_644-20220609-085334-110-0.txt,0521_644-20220609/0521_644-20220609-093550-110-110.txt
0521,644,20220610,092016,109-0,092016,109-0,0521_644-20220610/0521_644-20220610-092016-109-0.json,0521_644-20220610/0521_644-20220610-092016-109-0.json,0521_644-20220610/0521_644-20220610-092016-109-0.txt,0521_644-20220610/0521_644-20220610-092016-109-0.txt
0521,644,20220613,090223,85-0,093456,85-85,0521_644-20220613/0521_644-20220613-090223-85-0.json,0521_644-20220613/0521_644-20220613-093456-85-85.json,0521_644-20220613/0521_644-20220613-090223-85-0.txt,0521_644-20220613/0521_644-20220613-093456-85-85.txt
0521,644,20220614,092134,111-0,100415,111-111,0521_644-20220614/0521_644-20220614-092134-111-0.json,0521_644-20220614/0521_644-20220614-100415-111-111.json,0521_644-20220614/0521_644-20220614-092134-111-0.txt,0521_644-20220614/0521_644-20220614-100415-111-111.txt
0521,644,20220615,084423,103-0,094004,103-103,0521_644-20220615/0521_644-20220615-084423-103-0.json,0521_644-20220615/0521_644-20220615-094004-103-103.json,0521_644-20220615/0521_644-20220615-084423-103-0.txt,0521_644-20220615/0521_644-20220615-094004-103-103.txt
0521,644,20220616,085806,91-91,094331,92-92,0521_644-20220616/0521_644-20220616-085806-91-91.json,0521_644-20220616/0521_644-20220616-094331-92-92.json,0521_644-20220616/0521_644-20220616-085806-91-91.txt,0521_644-20220616/0521_644-20220616-094331-92-92.txt
0521,644,20220617,095014,81-0,102211,81-81,0521_644-20220617/0521_644-20220617-095014-81-0.json,0521_644-20220617/0521_644-20220617-102211-81-81.json,0521_644-20220617/0521_644-20220617-095014-81-0.txt,0521_644-20220617/0521_644-20220617-102211-81-81.txt
0521,644,20220618,061433,22-0,064854,41-41,0521_644-20220618/0521_644-20220618-061433-22-0.json,0521_644-20220618/0521_644-20220618-064854-41-41.json,0521_644-20220618/0521_644-20220618-061433-22-0.txt,0521_644-20220618/0521_644-20220618-064854-41-41.txt
0521,644,20220620,084041,72-0,090546,72-72,0521_644-20220620/0521_644-20220620-084041-72-0.json,0521_644-20220620/0521_644-20220620-090546-72-72.json,0521_644-20220620/0521_644-20220620-084041-72-0.txt,0521_644-20220620/0521_644-20220620-090546-72-72.txt
0521,644,20220621,085914,100-0,100551,100-100,0521_644-20220621/0521_644-20220621-085914-100-0.json,0521_644-20220621/0521_644-20220621-100551-100-100.json,0521_644-20220621/0521_644-20220621-085914-100-0.txt,0521_644-20220621/0521_644-20220621-100551-100-100.txt
0521,646,20220530,065346,220-0,084431,127-127,0521_646-20220530/0521_646-20220530-065346-220-0.json,0521_646-20220530/0521_646-20220530-084431-127-127.json,0521_646-20220530/0521_646-20220530-065346-220-0.txt,0521_646-20220530/0521_646-20220530-084431-127-127.txt
0521,646,20220531,063741,241-0,085212,141-141,0521_646-20220531/0521_646-20220531-063741-241-0.json,0521_646-20220531/0521_646-20220531-085212-141-141.json,0521_646-20220531/0521_646-20220531-063741-241-0.txt,0521_646-20220531/0521_646-20220531-085212-141-141.txt
0521,646,20220601,063650,216-0,081847,120-120,0521_646-20220601/0521_646-20220601-063650-216-0.json,0521_646-20220601/0521_646-20220601-081847-120-120.json,0521_646-20220601/0521_646-20220601-063650-216-0.txt,0521_646-20220601/0521_646-20220601-081847-120-120.txt
0521,646,20220602,064621,202-0,081139,123-123,0521_646-20220602/0521_646-20220602-064621-202-0.json,0521_646-20220602/0521_646-20220602-081139-123-123.json,0521_646-20220602/0521_646-20220602-064621-202-0.txt,0521_646-20220602/0521_646-20220602-081139-123-123.txt
0521,646,20220603,064114,163-0,075942,107-107,0521_646-20220603/0521_646-20220603-064114-163-0.json,0521_646-20220603/0521_646-20220603-075942-107-107.json,0521_646-20220603/0521_646-20220603-064114-163-0.txt,0521_646-20220603/0521_646-20220603-075942-107-107.txt
0521,646,20220607,062819,158-0,073440,94-94,0521_646-20220607/0521_646-20220607-062819-158-0.json,0521_646-20220607/0521_646-20220607-073440-94-94.json,0521_646-20220607/0521_646-20220607-062819-158-0.txt,0521_646-20220607/0521_646-20220607-073440-94-94.txt
0521,646,20220608,064543,223-0,083726,130-130,0521_646-20220608/0521_646-20220608-064543-223-0.json,0521_646-20220608/0521_646-20220608-083726-130-130.json,0521_646-20220608/0521_646-20220608-064543-223-0.txt,0521_646-20220608/0521_646-20220608-083726-130-130.txt
0521,646,20220609,070028,210-0,073619,127-127,0521_646-20220609/0521_646-20220609-070028-210-0.json,0521_646-20220609/0521_646-20220609-073619-127-127.json,0521_646-20220609/0521_646-20220609-070028-210-0.txt,0521_646-20220609/0521_646-20220609-073619-127-127.txt
0521,646,20220610,065838,222-0,073610,124-124,0521_646-20220610/0521_646-20220610-065838-222-0.json,0521_646-20220610/0521_646-20220610-073610-124-124.json,0521_646-20220610/0521_646-20220610-065838-222-0.txt,0521_646-20220610/0521_646-20220610-073610-124-124.txt
0521,646,20220613,070259,204-0,085502,116-116,0521_646-20220613/0521_646-20220613-070259-204-0.json,0521_646-20220613/0521_646-20220613-085502-116-116.json,0521_646-20220613/0521_646-20220613-070259-204-0.txt,0521_646-20220613/0521_646-20220613-085502-116-116.txt
0521,646,20220614,064456,222-0,071239,113-113,0521_646-20220614/0521_646-20220614-064456-222-0.json,0521_646-20220614/0521_646-20220614-071239-113-113.json,0521_646-20220614/0521_646-20220614-064456-222-0.txt,0521_646-20220614/0521_646-20220614-071239-113-113.txt
0521,646,20220615,063742,188-0,081759,108-108,0521_646-20220615/0521_646-20220615-063742-188-0.json,0521_646-20220615/0521_646-20220615-081759-108-108.json,0521_646-20220615/0521_646-20220615-063742-188-0.txt,0521_646-20220615/0521_646-20220615-081759-108-108.txt
0521,646,20220616,062355,180-0,075633,111-111,0521_646-20220616/0521_646-20220616-062355-180-0.json,0521_646-20220616/0521_646-20220616-075633-111-111.json,0521_646-20220616/0521_646-20220616-062355-180-0.txt,0521_646-20220616/0521_646-20220616-075633-111-111.txt
0521,646,20220617,063519,181-0,080559,108-108,0521_646-20220617/0521_646-20220617-063519-181-0.json,0521_646-20220617/0521_646-20220617-080559-108-108.json,0521_646-20220617/0521_646-20220617-063519-181-0.txt,0521_646-20220617/0521_646-20220617-080559-108-108.txt
0521,646,20220620,062713,148-0,080016,92-92,0521_646-20220620/0521_646-20220620-062713-148-0.json,0521_646-20220620/0521_646-20220620-080016-92-92.json,0521_646-20220620/0521_646-20220620-062713-148-0.txt,0521_646-20220620/0521_646-20220620-080016-92-92.txt
0521,646,20220621,065427,194-0,083410,120-120,0521_646-20220621/0521_646-20220621-065427-194-0.json,0521_646-20220621/0521_646-20220621-083410-120-120.json,0521_646-20220621/0521_646-20220621-065427-194-0.txt,0521_646-20220621/0521_646-20220621-083410-120-120.txt
0521,646,20220622,063631,220-0,082536,114-114,0521_646-20220622/0521_646-20220622-063631-220-0.json,0521_646-20220622/0521_646-20220622-082536-114-114.json,0521_646-20220622/0521_646-20220622-063631-220-0.txt,0521_646-20220622/0521_646-20220622-082536-114-114.txt
0521,647,20220530,064256,236-0,084056,120-120,0521_647-20220530/0521_647-20220530-064256-236-0.json,0521_647-20220530/0521_647-20220530-084056-120-120.json,0521_647-20220530/0521_647-20220530-064256-236-0.txt,0521_647-20220530/0521_647-20220530-084056-120-120.txt
0521,647,20220531,065858,300-0,090654,142-142,0521_647-20220531/0521_647-20220531-065858-300-0.json,0521_647-20220531/0521_647-20220531-090654-142-142.json,0521_647-20220531/0521_647-20220531-065858-300-0.txt,0521_647-20220531/0521_647-20220531-090654-142-142.txt
0521,647,20220601,063802,238-0,082040,137-137,0521_647-20220601/0521_647-20220601-063802-238-0.json,0521_647-20220601/0521_647-20220601-082040-137-137.json,0521_647-20220601/0521_647-20220601-063802-238-0.txt,0521_647-20220601/0521_647-20220601-082040-137-137.txt
0521,647,20220602,063408,210-0,083900,144-144,0521_647-20220602/0521_647-20220602-063408-210-0.json,0521_647-20220602/0521_647-20220602-083900-144-144.json,0521_647-20220602/0521_647-20220602-063408-210-0.txt,0521_647-20220602/0521_647-20220602-083900-144-144.txt
0521,647,20220603,063959,170-0,081532,116-116,0521_647-20220603/0521_647-20220603-063959-170-0.json,0521_647-20220603/0521_647-20220603-081532-116-116.json,0521_647-20220603/0521_647-20220603-063959-170-0.txt,0521_647-20220603/0521_647-20220603-081532-116-116.txt
0521,647,20220607,062242,164-0,074655,108-108,0521_647-20220607/0521_647-20220607-062242-164-0.json,0521_647-20220607/0521_647-20220607-074655-108-108.json,0521_647-20220607/0521_647-20220607-062242-164-0.txt,0521_647-20220607/0521_647-20220607-074655-108-108.txt
0521,647,20220608,063849,257-0,091147,198-198,0521_647-20220608/0521_647-20220608-063849-257-0.json,0521_647-20220608/0521_647-20220608-091147-198-198.json,0521_647-20220608/0521_647-20220608-063849-257-0.txt,0521_647-20220608/0521_647-20220608-091147-198-198.txt
0521,647,20220609,065640,270-0,094337,202-202,0521_647-20220609/0521_647-20220609-065640-270-0.json,0521_647-20220609/0521_647-20220609-094337-202-202.json,0521_647-20220609/0521_647-20220609-065640-270-0.txt,0521_647-20220609/0521_647-20220609-094337-202-202.txt
0521,647,20220610,065320,232-0,093202,189-189,0521_647-20220610/0521_647-20220610-065320-232-0.json,0521_647-20220610/0521_647-20220610-093202-189-189.json,0521_647-20220610/0521_647-20220610-065320-232-0.txt,0521_647-20220610/0521_647-20220610-093202-189-189.txt
0521,647,20220611,070647,38-0,072348,38-38,0521_647-20220611/0521_647-20220611-070647-38-0.json,0521_647-20220611/0521_647-20220611-072348-38-38.json,0521_647-20220611/0521_647-20220611-070647-38-0.txt,0521_647-20220611/0521_647-20220611-072348-38-38.txt
0521,647,20220613,062729,186-0,083513,115-115,0521_647-20220613/0521_647-20220613-062729-186-0.json,0521_647-20220613/0521_647-20220613-083513-115-115.json,0521_647-20220613/0521_647-20220613-062729-186-0.txt,0521_647-20220613/0521_647-20220613-083513-115-115.txt
0521,647,20220614,063005,213-0,090246,183-183,0521_647-20220614/0521_647-20220614-063005-213-0.json,0521_647-20220614/0521_647-20220614-090246-183-183.json,0521_647-20220614/0521_647-20220614-063005-213-0.txt,0521_647-20220614/0521_647-20220614-090246-183-183.txt
0521,647,20220615,062321,194-0,081936,135-135,0521_647-20220615/0521_647-20220615-062321-194-0.json,0521_647-20220615/0521_647-20220615-081936-135-135.json,0521_647-20220615/0521_647-20220615-062321-194-0.txt,0521_647-20220615/0521_647-20220615-081936-135-135.txt
0521,647,20220616,062244,196-0,080900,134-134,0521_647-20220616/0521_647-20220616-062244-196-0.json,0521_647-20220616/0521_647-20220616-080900-134-134.json,0521_647-20220616/0521_647-20220616-062244-196-0.txt,0521_647-20220616/0521_647-20220616-080900-134-134.txt
0521,647,20220617,060832,186-0,081000,130-130,0521_647-20220617/0521_647-20220617-060832-186-0.json,0521_647-20220617/0521_647-20220617-081000-130-130.json,0521_647-20220617/0521_647-20220617-060832-186-0.txt,0521_647-20220617/0521_647-20220617-081000-130-130.txt
0521,647,20220618,063703,47-0,065817,47-47,0521_647-20220618/0521_647-20220618-063703-47-0.json,0521_647-20220618/0521_647-20220618-065817-47-47.json,0521_647-20220618/0521_647-20220618-063703-47-0.txt,0521_647-20220618/0521_647-20220618-065817-47-47.txt
0521,647,20220620,062657,177-0,115056,101-101,0521_647-20220620/0521_647-20220620-062657-177-0.json,0521_647-20220620/0521_647-20220620-115056-101-101.json,0521_647-20220620/0521_647-20220620-062657-177-0.txt,0521_647-20220620/0521_647-20220620-115056-101-101.txt
0521,647,20220621,062157,225-0,084725,153-153,0521_647-20220621/0521_647-20220621-062157-225-0.json,0521_647-20220621/0521_647-20220621-084725-153-153.json,0521_647-20220621/0521_647-20220621-062157-225-0.txt,0521_647-20220621/0521_647-20220621-084725-153-153.txt
0521,647,20220622,061605,207-0,084156,131-131,0521_647-20220622/0521_647-20220622-061605-207-0.json,0521_647-20220622/0521_647-20220622-084156-131-131.json,0521_647-20220622/0521_647-20220622-061605-207-0.txt,0521_647-20220622/0521_647-20220622-084156-131-131.txt
0521,649,20220530,082639,113-0,084052,150-0,0521_649-20220530/0521_649-20220530-082639-113-0.json,0521_649-20220530/0521_649-20220530-084052-150-0.json,0521_649-20220530/0521_649-20220530-082639-113-0.txt,0521_649-20220530/0521_649-20220530-084052-150-0.txt
0521,649,20220531,084411,190-0,102443,203-203,0521_649-20220531/0521_649-20220531-084411-190-0.json,0521_649-20220531/0521_649-20220531-102443-203-203.json,0521_649-20220531/0521_649-20220531-084411-190-0.txt,0521_649-20220531/0521_649-20220531-102443-203-203.txt
0521,649,20220601,084427,190-0,095738,179-177,0521_649-20220601/0521_649-20220601-084427-190-0.json,0521_649-20220601/0521_649-20220601-095738-179-177.json,0521_649-20220601/0521_649-20220601-084427-190-0.txt,0521_649-20220601/0521_649-20220601-095738-179-177.txt
0521,649,20220602,084126,145-0,094925,139-139,0521_649-20220602/0521_649-20220602-084126-145-0.json,0521_649-20220602/0521_649-20220602-094925-139-139.json,0521_649-20220602/0521_649-20220602-084126-145-0.txt,0521_649-20220602/0521_649-20220602-094925-139-139.txt
0521,649,20220603,084114,143-0,095854,138-138,0521_649-20220603/0521_649-20220603-084114-143-0.json,0521_649-20220603/0521_649-20220603-095854-138-138.json,0521_649-20220603/0521_649-20220603-084114-143-0.txt,0521_649-20220603/0521_649-20220603-095854-138-138.txt
0521,649,20220607,084510,159-0,100627,154-154,0521_649-20220607/0521_649-20220607-084510-159-0.json,0521_649-20220607/0521_649-20220607-100627-154-154.json,0521_649-20220607/0521_649-20220607-084510-159-0.txt,0521_649-20220607/0521_649-20220607-100627-154-154.txt
0521,649,20220608,085437,190-0,102224,183-183,0521_649-20220608/0521_649-20220608-085437-190-0.json,0521_649-20220608/0521_649-20220608-102224-183-183.json,0521_649-20220608/0521_649-20220608-085437-190-0.txt,0521_649-20220608/0521_649-20220608-102224-183-183.txt
0521,649,20220609,084926,165-0,100745,176-176,0521_649-20220609/0521_649-20220609-084926-165-0.json,0521_649-20220609/0521_649-20220609-100745-176-176.json,0521_649-20220609/0521_649-20220609-084926-165-0.txt,0521_649-20220609/0521_649-20220609-100745-176-176.txt
0521,649,20220610,084053,167-0,101937,191-191,0521_649-20220610/0521_649-20220610-084053-167-0.json,0521_649-20220610/0521_649-20220610-101937-191-191.json,0521_649-20220610/0521_649-20220610-084053-167-0.txt,0521_649-20220610/0521_649-20220610-101937-191-191.txt
0521,649,20220613,083645,127-0,093731,121-121,0521_649-20220613/0521_649-20220613-083645-127-0.json,0521_649-20220613/0521_649-20220613-093731-121-121.json,0521_649-20220613/0521_649-20220613-083645-127-0.txt,0521_649-20220613/0521_649-20220613-093731-121-121.txt
0521,649,20220614,084358,152-0,100516,146-146,0521_649-20220614/0521_649-20220614-084358-152-0.json,0521_649-20220614/0521_649-20220614-100516-146-146.json,0521_649-20220614/0521_649-20220614-084358-152-0.txt,0521_649-20220614/0521_649-20220614-100516-146-146.txt
0521,649,20220615,084316,162-0,095344,159-159,0521_649-20220615/0521_649-20220615-084316-162-0.json,0521_649-20220615/0521_649-20220615-095344-159-159.json,0521_649-20220615/0521_649-20220615-084316-162-0.txt,0521_649-20220615/0521_649-20220615-095344-159-159.txt
0521,649,20220616,083455,143-0,095808,138-138,0521_649-20220616/0521_649-20220616-083455-143-0.json,0521_649-20220616/0521_649-20220616-095808-138-138.json,0521_649-20220616/0521_649-20220616-083455-143-0.txt,0521_649-20220616/0521_649-20220616-095808-138-138.txt
0521,649,20220617,083913,148-0,095124,143-143,0521_649-20220617/0521_649-20220617-083913-148-0.json,0521_649-20220617/0521_649-20220617-095124-143-143.json,0521_649-20220617/0521_649-20220617-083913-148-0.txt,0521_649-20220617/0521_649-20220617-095124-143-143.txt
0521,649,20220620,084800,118-0,094106,108-108,0521_649-20220620/0521_649-20220620-084800-118-0.json,0521_649-20220620/0521_649-20220620-094106-108-108.json,0521_649-20220620/0521_649-20220620-084800-118-0.txt,0521_649-20220620/0521_649-20220620-094106-108-108.txt
0521,649,20220621,084143,170-0,100947,168-168,0521_649-20220621/0521_649-20220621-084143-170-0.json,0521_649-20220621/0521_649-20220621-100947-168-168.json,0521_649-20220621/0521_649-20220621-084143-170-0.txt,0521_649-20220621/0521_649-20220621-100947-168-168.txt
0521,649,20220622,084026,146-0,094350,138-138,0521_649-20220622/0521_649-20220622-084026-146-0.json,0521_649-20220622/0521_649-20220622-094350-138-138.json,0521_649-20220622/0521_649-20220622-084026-146-0.txt,0521_649-20220622/0521_649-20220622-094350-138-138.txt
0521,650,20220530,063119,110-0,073514,92-92,0521_650-20220530/0521_650-20220530-063119-110-0.json,0521_650-20220530/0521_650-20220530-073514-92-92.json,0521_650-20220530/0521_650-20220530-063119-110-0.txt,0521_650-20220530/0521_650-20220530-073514-92-92.txt
0521,650,20220531,063257,141-0,071736,123-122,0521_650-20220531/0521_650-20220531-063257-141-0.json,0521_650-20220531/0521_650-20220531-071736-123-122.json,0521_650-20220531/0521_650-20220531-063257-141-0.txt,0521_650-20220531/0521_650-20220531-071736-123-122.txt
0521,650,20220601,065327,115-0,080147,111-111,0521_650-20220601/0521_650-20220601-065327-115-0.json,0521_650-20220601/0521_650-20220601-080147-111-111.json,0521_650-20220601/0521_650-20220601-065327-115-0.txt,0521_650-20220601/0521_650-20220601-080147-111-111.txt
0521,650,20220602,061427,124-0,071519,111-111,0521_650-20220602/0521_650-20220602-061427-124-0.json,0521_650-20220602/0521_650-20220602-071519-111-111.json,0521_650-20220602/0521_650-20220602-061427-124-0.txt,0521_650-20220602/0521_650-20220602-071519-111-111.txt
0521,650,20220603,064518,115-0,075017,104-104,0521_650-20220603/0521_650-20220603-064518-115-0.json,0521_650-20220603/0521_650-20220603-075017-104-104.json,0521_650-20220603/0521_650-20220603-064518-115-0.txt,0521_650-20220603/0521_650-20220603-075017-104-104.txt
0521,650,20220607,061758,135-0,071612,124-124,0521_650-20220607/0521_650-20220607-061758-135-0.json,0521_650-20220607/0521_650-20220607-071612-124-124.json,0521_650-20220607/0521_650-20220607-061758-135-0.txt,0521_650-20220607/0521_650-20220607-071612-124-124.txt
0521,650,20220608,062934,129-0,073258,116-116,0521_650-20220608/0521_650-20220608-062934-129-0.json,0521_650-20220608/0521_650-20220608-073258-116-116.json,0521_650-20220608/0521_650-20220608-062934-129-0.txt,0521_650-20220608/0521_650-20220608-073258-116-116.txt
0521,650,20220609,062334,132-0,071828,110-110,0521_650-20220609/0521_650-20220609-062334-132-0.json,0521_650-20220609/0521_650-20220609-071828-110-110.json,0521_650-20220609/0521_650-20220609-062334-132-0.txt,0521_650-20220609/0521_650-20220609-071828-110-110.txt
0521,650,20220610,062602,136-0,071710,124-124,0521_650-20220610/0521_650-20220610-062602-136-0.json,0521_650-20220610/0521_650-20220610-071710-124-124.json,0521_650-20220610/0521_650-20220610-062602-136-0.txt,0521_650-20220610/0521_650-20220610-071710-124-124.txt
0521,650,20220613,062742,109-0,071027,95-95,0521_650-20220613/0521_650-20220613-062742-109-0.json,0521_650-20220613/0521_650-20220613-071027-95-95.json,0521_650-20220613/0521_650-20220613-062742-109-0.txt,0521_650-20220613/0521_650-20220613-071027-95-95.txt
0521,650,20220614,062033,135-0,070946,118-118,0521_650-20220614/0521_650-20220614-062033-135-0.json,0521_650-20220614/0521_650-20220614-070946-118-118.json,0521_650-20220614/0521_650-20220614-062033-135-0.txt,0521_650-20220614/0521_650-20220614-070946-118-118.txt
0521,650,20220615,063736,128-0,072947,105-105,0521_650-20220615/0521_650-20220615-063736-128-0.json,0521_650-20220615/0521_650-20220615-072947-105-105.json,0521_650-20220615/0521_650-20220615-063736-128-0.txt,0521_650-20220615/0521_650-20220615-072947-105-105.txt
0521,650,20220616,062142,121-0,071735,108-108,0521_650-20220616/0521_650-20220616-062142-121-0.json,0521_650-20220616/0521_650-20220616-071735-108-108.json,0521_650-20220616/0521_650-20220616-062142-121-0.txt,0521_650-20220616/0521_650-20220616-071735-108-108.txt
0521,650,20220617,063238,91-0,071401,80-80,0521_650-20220617/0521_650-20220617-063238-91-0.json,0521_650-20220617/0521_650-20220617-071401-80-80.json,0521_650-20220617/0521_650-20220617-063238-91-0.txt,0521_650-20220617/0521_650-20220617-071401-80-80.txt
0521,650,20220620,062338,114-0,071340,99-99,0521_650-20220620/0521_650-20220620-062338-114-0.json,0521_650-20220620/0521_650-20220620-071340-99-99.json,0521_650-20220620/0521_650-20220620-062338-114-0.txt,0521_650-20220620/0521_650-20220620-071340-99-99.txt
0521,650,20220621,064350,123-0,073758,105-105,0521_650-20220621/0521_650-20220621-064350-123-0.json,0521_650-20220621/0521_650-20220621-073758-105-105.json,0521_650-20220621/0521_650-20220621-064350-123-0.txt,0521_650-20220621/0521_650-20220621-073758-105-105.txt
0521,650,20220622,064358,119-0,073330,96-96,0521_650-20220622/0521_650-20220622-064358-119-0.json,0521_650-20220622/0521_650-20220622-073330-96-96.json,0521_650-20220622/0521_650-20220622-064358-119-0.txt,0521_650-20220622/0521_650-20220622-073330-96-96.txt
0521,651,20220530,110954,141-141,110954,141-141,0521_651-20220530/0521_651-20220530-110954-141-141.json,0521_651-20220530/0521_651-20220530-110954-141-141.json,0521_651-20220530/0521_651-20220530-110954-141-141.txt,0521_651-20220530/0521_651-20220530-110954-141-141.txt
0521,651,20220531,091604,150-0,103513,144-144,0521_651-20220531/0521_651-20220531-091604-150-0.json,0521_651-20220531/0521_651-20220531-103513-144-144.json,0521_651-20220531/0521_651-20220531-091604-150-0.txt,0521_651-20220531/0521_651-20220531-103513-144-144.txt
0521,651,20220601,090822,147-0,102434,137-137,0521_651-20220601/0521_651-20220601-090822-147-0.json,0521_651-20220601/0521_651-20220601-102434-137-137.json,0521_651-20220601/0521_651-20220601-090822-147-0.txt,0521_651-20220601/0521_651-20220601-102434-137-137.txt
0521,651,20220602,090221,121-0,101206,114-114,0521_651-20220602/0521_651-20220602-090221-121-0.json,0521_651-20220602/0521_651-20220602-101206-114-114.json,0521_651-20220602/0521_651-20220602-090221-121-0.txt,0521_651-20220602/0521_651-20220602-101206-114-114.txt
0521,651,20220603,090145,127-0,100218,121-121,0521_651-20220603/0521_651-20220603-090145-127-0.json,0521_651-20220603/0521_651-20220603-100218-121-121.json,0521_651-20220603/0521_651-20220603-090145-127-0.txt,0521_651-20220603/0521_651-20220603-100218-121-121.txt
0521,651,20220607,085603,121-0,095126,117-117,0521_651-20220607/0521_651-20220607-085603-121-0.json,0521_651-20220607/0521_651-20220607-095126-117-117.json,0521_651-20220607/0521_651-20220607-085603-121-0.txt,0521_651-20220607/0521_651-20220607-095126-117-117.txt
0521,651,20220608,091313,147-0,102307,139-139,0521_651-20220608/0521_651-20220608-091313-147-0.json,0521_651-20220608/0521_651-20220608-102307-139-139.json,0521_651-20220608/0521_651-20220608-091313-147-0.txt,0521_651-20220608/0521_651-20220608-102307-139-139.txt
0521,651,20220609,092311,145-0,103519,134-134,0521_651-20220609/0521_651-20220609-092311-145-0.json,0521_651-20220609/0521_651-20220609-103519-134-134.json,0521_651-20220609/0521_651-20220609-092311-145-0.txt,0521_651-20220609/0521_651-20220609-103519-134-134.txt
0521,651,20220610,091024,134-0,101713,126-126,0521_651-20220610/0521_651-20220610-091024-134-0.json,0521_651-20220610/0521_651-20220610-101713-126-126.json,0521_651-20220610/0521_651-20220610-091024-134-0.txt,0521_651-20220610/0521_651-20220610-101713-126-126.txt
0521,651,20220613,093926,85-0,104238,79-79,0521_651-20220613/0521_651-20220613-093926-85-0.json,0521_651-20220613/0521_651-20220613-104238-79-79.json,0521_651-20220613/0521_651-20220613-093926-85-0.txt,0521_651-20220613/0521_651-20220613-104238-79-79.txt
0521,651,20220614,090007,124-0,100354,116-116,0521_651-20220614/0521_651-20220614-090007-124-0.json,0521_651-20220614/0521_651-20220614-100354-116-116.json,0521_651-20220614/0521_651-20220614-090007-124-0.txt,0521_651-20220614/0521_651-20220614-100354-116-116.txt
0521,651,20220615,092805,138-0,104316,128-128,0521_651-20220615/0521_651-20220615-092805-138-0.json,0521_651-20220615/0521_651-20220615-104316-128-128.json,0521_651-20220615/0521_651-20220615-092805-138-0.txt,0521_651-20220615/0521_651-20220615-104316-128-128.txt
0521,651,20220616,090644,126-0,102352,120-120,0521_651-20220616/0521_651-20220616-090644-126-0.json,0521_651-20220616/0521_651-20220616-102352-120-120.json,0521_651-20220616/0521_651-20220616-090644-126-0.txt,0521_651-20220616/0521_651-20220616-102352-120-120.txt
0521,651,20220617,085418,128-0,092732,59-59,0521_651-20220617/0521_651-20220617-085418-128-0.json,0521_651-20220617/0521_651-20220617-092732-59-59.json,0521_651-20220617/0521_651-20220617-085418-128-0.txt,0521_651-20220617/0521_651-20220617-092732-59-59.txt
0521,651,20220620,085548,64-0,095026,54-54,0521_651-20220620/0521_651-20220620-085548-64-0.json,0521_651-20220620/0521_651-20220620-095026-54-54.json,0521_651-20220620/0521_651-20220620-085548-64-0.txt,0521_651-20220620/0521_651-20220620-095026-54-54.txt
0521,651,20220621,092912,149-0,103453,140-140,0521_651-20220621/0521_651-20220621-092912-149-0.json,0521_651-20220621/0521_651-20220621-103453-140-140.json,0521_651-20220621/0521_651-20220621-092912-149-0.txt,0521_651-20220621/0521_651-20220621-103453-140-140.txt
0521,651,20220622,092755,147-0,104151,136-136,0521_651-20220622/0521_651-20220622-092755-147-0.json,0521_651-20220622/0521_651-20220622-104151-136-136.json,0521_651-20220622/0521_651-20220622-092755-147-0.txt,0521_651-20220622/0521_651-20220622-104151-136-136.txt
0521,652,20220530,064553,150-0,080524,109-109,0521_652-20220530/0521_652-20220530-064553-150-0.json,0521_652-20220530/0521_652-20220530-080524-109-109.json,0521_652-20220530/0521_652-20220530-064553-150-0.txt,0521_652-20220530/0521_652-20220530-080524-109-109.txt
0521,652,20220531,062342,156-0,063446,114-114,0521_652-20220531/0521_652-20220531-062342-156-0.json,0521_652-20220531/0521_652-20220531-063446-114-114.json,0521_652-20220531/0521_652-20220531-062342-156-0.txt,0521_652-20220531/0521_652-20220531-063446-114-114.txt
0521,652,20220601,062338,146-0,072445,113-113,0521_652-20220601/0521_652-20220601-062338-146-0.json,0521_652-20220601/0521_652-20220601-072445-113-113.json,0521_652-20220601/0521_652-20220601-062338-146-0.txt,0521_652-20220601/0521_652-20220601-072445-113-113.txt
0521,652,20220602,060154,120-0,065323,106-106,0521_652-20220602/0521_652-20220602-060154-120-0.json,0521_652-20220602/0521_652-20220602-065323-106-106.json,0521_652-20220602/0521_652-20220602-060154-120-0.txt,0521_652-20220602/0521_652-20220602-065323-106-106.txt
0521,652,20220603,061610,131-0,072427,107-107,0521_652-20220603/0521_652-20220603-061610-131-0.json,0521_652-20220603/0521_652-20220603-072427-107-107.json,0521_652-20220603/0521_652-20220603-061610-131-0.txt,0521_652-20220603/0521_652-20220603-072427-107-107.txt
0521,652,20220607,061244,110-0,071527,101-101,0521_652-20220607/0521_652-20220607-061244-110-0.json,0521_652-20220607/0521_652-20220607-071527-101-101.json,0521_652-20220607/0521_652-20220607-061244-110-0.txt,0521_652-20220607/0521_652-20220607-071527-101-101.txt
0521,652,20220608,061641,136-0,071054,109-109,0521_652-20220608/0521_652-20220608-061641-136-0.json,0521_652-20220608/0521_652-20220608-071054-109-109.json,0521_652-20220608/0521_652-20220608-061641-136-0.txt,0521_652-20220608/0521_652-20220608-071054-109-109.txt
0521,652,20220609,061618,128-0,071134,105-105,0521_652-20220609/0521_652-20220609-061618-128-0.json,0521_652-20220609/0521_652-20220609-071134-105-105.json,0521_652-20220609/0521_652-20220609-061618-128-0.txt,0521_652-20220609/0521_652-20220609-071134-105-105.txt
0521,652,20220610,062329,146-0,072405,112-112,0521_652-20220610/0521_652-20220610-062329-146-0.json,0521_652-20220610/0521_652-20220610-072405-112-112.json,0521_652-20220610/0521_652-20220610-062329-146-0.txt,0521_652-20220610/0521_652-20220610-072405-112-112.txt
0521,652,20220613,062412,113-0,071659,97-97,0521_652-20220613/0521_652-20220613-062412-113-0.json,0521_652-20220613/0521_652-20220613-071659-97-97.json,0521_652-20220613/0521_652-20220613-062412-113-0.txt,0521_652-20220613/0521_652-20220613-071659-97-97.txt
0521,652,20220614,062428,155-0,072746,117-117,0521_652-20220614/0521_652-20220614-062428-155-0.json,0521_652-20220614/0521_652-20220614-072746-117-117.json,0521_652-20220614/0521_652-20220614-062428-155-0.txt,0521_652-20220614/0521_652-20220614-072746-117-117.txt
0521,652,20220615,062142,134-0,072906,111-111,0521_652-20220615/0521_652-20220615-062142-134-0.json,0521_652-20220615/0521_652-20220615-072906-111-111.json,0521_652-20220615/0521_652-20220615-062142-134-0.txt,0521_652-20220615/0521_652-20220615-072906-111-111.txt
0521,652,20220616,062041,108-0,071045,108-108,0521_652-20220616/0521_652-20220616-062041-108-0.json,0521_652-20220616/0521_652-20220616-071045-108-108.json,0521_652-20220616/0521_652-20220616-062041-108-0.txt,0521_652-20220616/0521_652-20220616-071045-108-108.txt
0521,652,20220617,061304,122-0,071606,102-102,0521_652-20220617/0521_652-20220617-061304-122-0.json,0521_652-20220617/0521_652-20220617-071606-102-102.json,0521_652-20220617/0521_652-20220617-061304-122-0.txt,0521_652-20220617/0521_652-20220617-071606-102-102.txt
0521,652,20220620,061905,108-0,070800,103-103,0521_652-20220620/0521_652-20220620-061905-108-0.json,0521_652-20220620/0521_652-20220620-070800-103-103.json,0521_652-20220620/0521_652-20220620-061905-108-0.txt,0521_652-20220620/0521_652-20220620-070800-103-103.txt
0521,652,20220621,062527,136-0,072805,108-108,0521_652-20220621/0521_652-20220621-062527-136-0.json,0521_652-20220621/0521_652-20220621-072805-108-108.json,0521_652-20220621/0521_652-20220621-062527-136-0.txt,0521_652-20220621/0521_652-20220621-072805-108-108.txt
0521,652,20220622,061918,132-0,071421,104-104,0521_652-20220622/0521_652-20220622-061918-132-0.json,0521_652-20220622/0521_652-20220622-071421-104-104.json,0521_652-20220622/0521_652-20220622-061918-132-0.txt,0521_652-20220622/0521_652-20220622-071421-104-104.txt
0521,655,20220530,061150,119-0,064629,118-118,0521_655-20220530/0521_655-20220530-061150-119-0.json,0521_655-20220530/0521_655-20220530-064629-118-118.json,0521_655-20220530/0521_655-20220530-061150-119-0.txt,0521_655-20220530/0521_655-20220530-064629-118-118.txt
0521,655,20220531,062914,185-0,074859,184-184,0521_655-20220531/0521_655-20220531-062914-185-0.json,0521_655-20220531/0521_655-20220531-074859-184-184.json,0521_655-20220531/0521_655-20220531-062914-185-0.txt,0521_655-20220531/0521_655-20220531-074859-184-184.txt
0521,655,20220601,062159,171-0,080532,152-152,0521_655-20220601/0521_655-20220601-062159-171-0.json,0521_655-20220601/0521_655-20220601-080532-152-152.json,0521_655-20220601/0521_655-20220601-062159-171-0.txt,0521_655-20220601/0521_655-20220601-080532-152-152.txt
0521,655,20220602,062140,142-0,071804,142-142,0521_655-20220602/0521_655-20220602-062140-142-0.json,0521_655-20220602/0521_655-20220602-071804-142-142.json,0521_655-20220602/0521_655-20220602-062140-142-0.txt,0521_655-20220602/0521_655-20220602-071804-142-142.txt
0521,655,20220603,061721,124-0,071059,119-119,0521_655-20220603/0521_655-20220603-061721-124-0.json,0521_655-20220603/0521_655-20220603-071059-119-119.json,0521_655-20220603/0521_655-20220603-061721-124-0.txt,0521_655-20220603/0521_655-20220603-071059-119-119.txt
0521,655,20220607,054853,112-0,064314,109-109,0521_655-20220607/0521_655-20220607-054853-112-0.json,0521_655-20220607/0521_655-20220607-064314-109-109.json,0521_655-20220607/0521_655-20220607-054853-112-0.txt,0521_655-20220607/0521_655-20220607-064314-109-109.txt
0521,655,20220608,060658,149-0,071259,151-151,0521_655-20220608/0521_655-20220608-060658-149-0.json,0521_655-20220608/0521_655-20220608-071259-151-151.json,0521_655-20220608/0521_655-20220608-060658-149-0.txt,0521_655-20220608/0521_655-20220608-071259-151-151.txt
0521,655,20220609,060136,158-0,070928,152-152,0521_655-20220609/0521_655-20220609-060136-158-0.json,0521_655-20220609/0521_655-20220609-070928-152-152.json,0521_655-20220609/0521_655-20220609-060136-158-0.txt,0521_655-20220609/0521_655-20220609-070928-152-152.txt
0521,655,20220610,062202,164-0,072535,135-135,0521_655-20220610/0521_655-20220610-062202-164-0.json,0521_655-20220610/0521_655-20220610-072535-135-135.json,0521_655-20220610/0521_655-20220610-062202-164-0.txt,0521_655-20220610/0521_655-20220610-072535-135-135.txt
0521,655,20220613,065024,140-0,075431,108-108,0521_655-20220613/0521_655-20220613-065024-140-0.json,0521_655-20220613/0521_655-20220613-075431-108-108.json,0521_655-20220613/0521_655-20220613-065024-140-0.txt,0521_655-20220613/0521_655-20220613-075431-108-108.txt
0521,655,20220614,062359,176-0,070841,98-98,0521_655-20220614/0521_655-20220614-062359-176-0.json,0521_655-20220614/0521_655-20220614-070841-98-98.json,0521_655-20220614/0521_655-20220614-062359-176-0.txt,0521_655-20220614/0521_655-20220614-070841-98-98.txt
0521,655,20220615,061414,108-0,064502,107-107,0521_655-20220615/0521_655-20220615-061414-108-0.json,0521_655-20220615/0521_655-20220615-064502-107-107.json,0521_655-20220615/0521_655-20220615-061414-108-0.txt,0521_655-20220615/0521_655-20220615-064502-107-107.txt
0521,655,20220616,064209,139-139,070542,117-117,0521_655-20220616/0521_655-20220616-064209-139-139.json,0521_655-20220616/0521_655-20220616-070542-117-117.json,0521_655-20220616/0521_655-20220616-064209-139-139.txt,0521_655-20220616/0521_655-20220616-070542-117-117.txt
0521,655,20220617,064211,132-0,073146,129-129,0521_655-20220617/0521_655-20220617-064211-132-0.json,0521_655-20220617/0521_655-20220617-073146-129-129.json,0521_655-20220617/0521_655-20220617-064211-132-0.txt,0521_655-20220617/0521_655-20220617-073146-129-129.txt
0521,655,20220620,061011,121-0,070639,117-117,0521_655-20220620/0521_655-20220620-061011-121-0.json,0521_655-20220620/0521_655-20220620-070639-117-117.json,0521_655-20220620/0521_655-20220620-061011-121-0.txt,0521_655-20220620/0521_655-20220620-070639-117-117.txt
0521,655,20220621,061635,138-0,071852,106-106,0521_655-20220621/0521_655-20220621-061635-138-0.json,0521_655-20220621/0521_655-20220621-071852-106-106.json,0521_655-20220621/0521_655-20220621-061635-138-0.txt,0521_655-20220621/0521_655-20220621-071852-106-106.txt
0521,655,20220622,061231,146-0,072548,138-138,0521_655-20220622/0521_655-20220622-061231-146-0.json,0521_655-20220622/0521_655-20220622-072548-138-138.json,0521_655-20220622/0521_655-20220622-061231-146-0.txt,0521_655-20220622/0521_655-20220622-072548-138-138.txt
0521,656,20220531,084613,156-0,102836,152-152,0521_656-20220531/0521_656-20220531-084613-156-0.json,0521_656-20220531/0521_656-20220531-102836-152-152.json,0521_656-20220531/0521_656-20220531-084613-156-0.txt,0521_656-20220531/0521_656-20220531-102836-152-152.txt
0521,656,20220601,083712,122-0,093417,117-117,0521_656-20220601/0521_656-20220601-083712-122-0.json,0521_656-20220601/0521_656-20220601-093417-117-117.json,0521_656-20220601/0521_656-20220601-083712-122-0.txt,0521_656-20220601/0521_656-20220601-093417-117-117.txt
0521,656,20220602,084912,121-0,095238,119-119,0521_656-20220602/0521_656-20220602-084912-121-0.json,0521_656-20220602/0521_656-20220602-095238-119-119.json,0521_656-20220602/0521_656-20220602-084912-121-0.txt,0521_656-20220602/0521_656-20220602-095238-119-119.txt
0521,656,20220603,084058,107-0,091243,101-100,0521_656-20220603/0521_656-20220603-084058-107-0.json,0521_656-20220603/0521_656-20220603-091243-101-100.json,0521_656-20220603/0521_656-20220603-084058-107-0.txt,0521_656-20220603/0521_656-20220603-091243-101-100.txt
0521,656,20220607,081642,107-0,084238,101-101,0521_656-20220607/0521_656-20220607-081642-107-0.json,0521_656-20220607/0521_656-20220607-084238-101-101.json,0521_656-20220607/0521_656-20220607-081642-107-0.txt,0521_656-20220607/0521_656-20220607-084238-101-101.txt
0521,656,20220608,084828,145-0,094926,140-140,0521_656-20220608/0521_656-20220608-084828-145-0.json,0521_656-20220608/0521_656-20220608-094926-140-140.json,0521_656-20220608/0521_656-20220608-084828-145-0.txt,0521_656-20220608/0521_656-20220608-094926-140-140.txt
0521,656,20220609,084506,131-0,095439,124-124,0521_656-20220609/0521_656-20220609-084506-131-0.json,0521_656-20220609/0521_656-20220609-095439-124-124.json,0521_656-20220609/0521_656-20220609-084506-131-0.txt,0521_656-20220609/0521_656-20220609-095439-124-124.txt
0521,656,20220610,083505,141-0,093852,133-133,0521_656-20220610/0521_656-20220610-083505-141-0.json,0521_656-20220610/0521_656-20220610-093852-133-133.json,0521_656-20220610/0521_656-20220610-083505-141-0.txt,0521_656-20220610/0521_656-20220610-093852-133-133.txt
0521,656,20220613,082950,129-0,094407,118-118,0521_656-20220613/0521_656-20220613-082950-129-0.json,0521_656-20220613/0521_656-20220613-094407-118-118.json,0521_656-20220613/0521_656-20220613-082950-129-0.txt,0521_656-20220613/0521_656-20220613-094407-118-118.txt
0521,656,20220614,084024,146-0,095323,141-141,0521_656-20220614/0521_656-20220614-084024-146-0.json,0521_656-20220614/0521_656-20220614-095323-141-141.json,0521_656-20220614/0521_656-20220614-084024-146-0.txt,0521_656-20220614/0521_656-20220614-095323-141-141.txt
0521,656,20220615,083254,116-0,092958,117-117,0521_656-20220615/0521_656-20220615-083254-116-0.json,0521_656-20220615/0521_656-20220615-092958-117-117.json,0521_656-20220615/0521_656-20220615-083254-116-0.txt,0521_656-20220615/0521_656-20220615-092958-117-117.txt
0521,656,20220616,085028,149-149,094928,146-146,0521_656-20220616/0521_656-20220616-085028-149-149.json,0521_656-20220616/0521_656-20220616-094928-146-146.json,0521_656-20220616/0521_656-20220616-085028-149-149.txt,0521_656-20220616/0521_656-20220616-094928-146-146.txt
0521,656,20220617,083918,100-0,091945,96-96,0521_656-20220617/0521_656-20220617-083918-100-0.json,0521_656-20220617/0521_656-20220617-091945-96-96.json,0521_656-20220617/0521_656-20220617-083918-100-0.txt,0521_656-20220617/0521_656-20220617-091945-96-96.txt
0521,656,20220620,083318,85-0,090846,81-81,0521_656-20220620/0521_656-20220620-083318-85-0.json,0521_656-20220620/0521_656-20220620-090846-81-81.json,0521_656-20220620/0521_656-20220620-083318-85-0.txt,0521_656-20220620/0521_656-20220620-090846-81-81.txt
0521,656,20220621,083415,144-0,095430,146-146,0521_656-20220621/0521_656-20220621-083415-144-0.json,0521_656-20220621/0521_656-20220621-095430-146-146.json,0521_656-20220621/0521_656-20220621-083415-144-0.txt,0521_656-20220621/0521_656-20220621-095430-146-146.txt
0521,656,20220622,081721,114-0,085644,109-109,0521_656-20220622/0521_656-20220622-081721-114-0.json,0521_656-20220622/0521_656-20220622-085644-109-109.json,0521_656-20220622/0521_656-20220622-081721-114-0.txt,0521_656-20220622/0521_656-20220622-085644-109-109.txt
0521,657,20220530,074335,184-143,080006,176-176,0521_657-20220530/0521_657-20220530-074335-184-143.json,0521_657-20220530/0521_657-20220530-080006-176-176.json,0521_657-20220530/0521_657-20220530-074335-184-143.txt,0521_657-20220530/0521_657-20220530-080006-176-176.txt
0521,657,20220531,051119,203-0,080709,204-204,0521_657-20220531/0521_657-20220531-051119-203-0.json,0521_657-20220531/0521_657-20220531-080709-204-204.json,0521_657-20220531/0521_657-20220531-051119-203-0.txt,0521_657-20220531/0521_657-20220531-080709-204-204.txt
0521,657,20220601,050703,198-0,080717,193-193,0521_657-20220601/0521_657-20220601-050703-198-0.json,0521_657-20220601/0521_657-20220601-080717-193-193.json,0521_657-20220601/0521_657-20220601-050703-198-0.txt,0521_657-20220601/0521_657-20220601-080717-193-193.txt
0521,657,20220602,050520,177-0,065806,157-157,0521_657-20220602/0521_657-20220602-050520-177-0.json,0521_657-20220602/0521_657-20220602-065806-157-157.json,0521_657-20220602/0521_657-20220602-050520-177-0.txt,0521_657-20220602/0521_657-20220602-065806-157-157.txt
0521,657,20220603,051659,163-0,073004,169-169,0521_657-20220603/0521_657-20220603-051659-163-0.json,0521_657-20220603/0521_657-20220603-073004-169-169.json,0521_657-20220603/0521_657-20220603-051659-163-0.txt,0521_657-20220603/0521_657-20220603-073004-169-169.txt
0521,657,20220607,050258,139-0,073209,159-159,0521_657-20220607/0521_657-20220607-050258-139-0.json,0521_657-20220607/0521_657-20220607-073209-159-159.json,0521_657-20220607/0521_657-20220607-050258-139-0.txt,0521_657-20220607/0521_657-20220607-073209-159-159.txt
0521,657,20220608,050922,176-0,072927,190-190,0521_657-20220608/0521_657-20220608-050922-176-0.json,0521_657-20220608/0521_657-20220608-072927-190-190.json,0521_657-20220608/0521_657-20220608-050922-176-0.txt,0521_657-20220608/0521_657-20220608-072927-190-190.txt
0521,657,20220609,050908,149-0,071014,158-158,0521_657-20220609/0521_657-20220609-050908-149-0.json,0521_657-20220609/0521_657-20220609-071014-158-158.json,0521_657-20220609/0521_657-20220609-050908-149-0.txt,0521_657-20220609/0521_657-20220609-071014-158-158.txt
0521,657,20220610,055319,180-0,073747,172-172,0521_657-20220610/0521_657-20220610-055319-180-0.json,0521_657-20220610/0521_657-20220610-073747-172-172.json,0521_657-20220610/0521_657-20220610-055319-180-0.txt,0521_657-20220610/0521_657-20220610-073747-172-172.txt
0521,657,20220613,054808,168-0,065929,152-152,0521_657-20220613/0521_657-20220613-054808-168-0.json,0521_657-20220613/0521_657-20220613-065929-152-152.json,0521_657-20220613/0521_657-20220613-054808-168-0.txt,0521_657-20220613/0521_657-20220613-065929-152-152.txt
0521,657,20220614,054042,205-0,065459,191-191,0521_657-20220614/0521_657-20220614-054042-205-0.json,0521_657-20220614/0521_657-20220614-065459-191-191.json,0521_657-20220614/0521_657-20220614-054042-205-0.txt,0521_657-20220614/0521_657-20220614-065459-191-191.txt
0521,657,20220615,054123,171-0,065657,156-156,0521_657-20220615/0521_657-20220615-054123-171-0.json,0521_657-20220615/0521_657-20220615-065657-156-156.json,0521_657-20220615/0521_657-20220615-054123-171-0.txt,0521_657-20220615/0521_657-20220615-065657-156-156.txt
0521,657,20220616,054643,149-0,065724,149-149,0521_657-20220616/0521_657-20220616-054643-149-0.json,0521_657-20220616/0521_657-20220616-065724-149-149.json,0521_657-20220616/0521_657-20220616-054643-149-0.txt,0521_657-20220616/0521_657-20220616-065724-149-149.txt
0521,657,20220617,054207,147-0,065642,135-135,0521_657-20220617/0521_657-20220617-054207-147-0.json,0521_657-20220617/0521_657-20220617-065642-135-135.json,0521_657-20220617/0521_657-20220617-054207-147-0.txt,0521_657-20220617/0521_657-20220617-065642-135-135.txt
0521,657,20220620,053956,140-0,070026,142-142,0521_657-20220620/0521_657-20220620-053956-140-0.json,0521_657-20220620/0521_657-20220620-070026-142-142.json,0521_657-20220620/0521_657-20220620-053956-140-0.txt,0521_657-20220620/0521_657-20220620-070026-142-142.txt
0521,657,20220621,053321,160-0,064054,153-153,0521_657-20220621/0521_657-20220621-053321-160-0.json,0521_657-20220621/0521_657-20220621-064054-153-153.json,0521_657-20220621/0521_657-20220621-053321-160-0.txt,0521_657-20220621/0521_657-20220621-064054-153-153.txt
0521,657,20220622,060040,201-0,071534,190-190,0521_657-20220622/0521_657-20220622-060040-201-0.json,0521_657-20220622/0521_657-20220622-071534-190-190.json,0521_657-20220622/0521_657-20220622-060040-201-0.txt,0521_657-20220622/0521_657-20220622-071534-190-190.txt
0521,658,20220530,084055,121-0,084346,121-0,0521_658-20220530/0521_658-20220530-084055-121-0.json,0521_658-20220530/0521_658-20220530-084346-121-0.json,0521_658-20220530/0521_658-20220530-084055-121-0.txt,0521_658-20220530/0521_658-20220530-084346-121-0.txt
0521,658,20220531,083712,150-0,101647,177-177,0521_658-20220531/0521_658-20220531-083712-150-0.json,0521_658-20220531/0521_658-20220531-101647-177-177.json,0521_658-20220531/0521_658-20220531-083712-150-0.txt,0521_658-20220531/0521_658-20220531-101647-177-177.txt
0521,658,20220601,084734,140-0,093402,140-140,0521_658-20220601/0521_658-20220601-084734-140-0.json,0521_658-20220601/0521_658-20220601-093402-140-140.json,0521_658-20220601/0521_658-20220601-084734-140-0.txt,0521_658-20220601/0521_658-20220601-093402-140-140.txt
0521,658,20220602,083228,114-0,092243,113-113,0521_658-20220602/0521_658-20220602-083228-114-0.json,0521_658-20220602/0521_658-20220602-092243-113-113.json,0521_658-20220602/0521_658-20220602-083228-114-0.txt,0521_658-20220602/0521_658-20220602-092243-113-113.txt
0521,658,20220603,082805,133-0,091926,131-131,0521_658-20220603/0521_658-20220603-082805-133-0.json,0521_658-20220603/0521_658-20220603-091926-131-131.json,0521_658-20220603/0521_658-20220603-082805-133-0.txt,0521_658-20220603/0521_658-20220603-091926-131-131.txt
0521,658,20220607,083659,97-0,091813,97-97,0521_658-20220607/0521_658-20220607-083659-97-0.json,0521_658-20220607/0521_658-20220607-091813-97-97.json,0521_658-20220607/0521_658-20220607-083659-97-0.txt,0521_658-20220607/0521_658-20220607-091813-97-97.txt
0521,658,20220608,083640,145-0,100247,155-155,0521_658-20220608/0521_658-20220608-083640-145-0.json,0521_658-20220608/0521_658-20220608-100247-155-155.json,0521_658-20220608/0521_658-20220608-083640-145-0.txt,0521_658-20220608/0521_658-20220608-100247-155-155.txt
0521,658,20220609,084950,179-0,103009,176-176,0521_658-20220609/0521_658-20220609-084950-179-0.json,0521_658-20220609/0521_658-20220609-103009-176-176.json,0521_658-20220609/0521_658-20220609-084950-179-0.txt,0521_658-20220609/0521_658-20220609-103009-176-176.txt
0521,658,20220610,084733,154-0,095318,153-153,0521_658-20220610/0521_658-20220610-084733-154-0.json,0521_658-20220610/0521_658-20220610-095318-153-153.json,0521_658-20220610/0521_658-20220610-084733-154-0.txt,0521_658-20220610/0521_658-20220610-095318-153-153.txt
0521,658,20220613,092928,121-0,102858,116-116,0521_658-20220613/0521_658-20220613-092928-121-0.json,0521_658-20220613/0521_658-20220613-102858-116-116.json,0521_658-20220613/0521_658-20220613-092928-121-0.txt,0521_658-20220613/0521_658-20220613-102858-116-116.txt
0521,658,20220614,091450,133-0,101235,132-132,0521_658-20220614/0521_658-20220614-091450-133-0.json,0521_658-20220614/0521_658-20220614-101235-132-132.json,0521_658-20220614/0521_658-20220614-091450-133-0.txt,0521_658-20220614/0521_658-20220614-101235-132-132.txt
0521,658,20220615,085326,155-0,101601,154-154,0521_658-20220615/0521_658-20220615-085326-155-0.json,0521_658-20220615/0521_658-20220615-101601-154-154.json,0521_658-20220615/0521_658-20220615-085326-155-0.txt,0521_658-20220615/0521_658-20220615-101601-154-154.txt
0521,658,20220616,084835,134-0,094728,131-131,0521_658-20220616/0521_658-20220616-084835-134-0.json,0521_658-20220616/0521_658-20220616-094728-131-131.json,0521_658-20220616/0521_658-20220616-084835-134-0.txt,0521_658-20220616/0521_658-20220616-094728-131-131.txt
0521,658,20220617,083210,111-0,091426,109-109,0521_658-20220617/0521_658-20220617-083210-111-0.json,0521_658-20220617/0521_658-20220617-091426-109-109.json,0521_658-20220617/0521_658-20220617-083210-111-0.txt,0521_658-20220617/0521_658-20220617-091426-109-109.txt
0521,658,20220620,084200,88-0,091408,86-86,0521_658-20220620/0521_658-20220620-084200-88-0.json,0521_658-20220620/0521_658-20220620-091408-86-86.json,0521_658-20220620/0521_658-20220620-084200-88-0.txt,0521_658-20220620/0521_658-20220620-091408-86-86.txt
0521,658,20220621,084925,166-0,095858,161-161,0521_658-20220621/0521_658-20220621-084925-166-0.json,0521_658-20220621/0521_658-20220621-095858-161-161.json,0521_658-20220621/0521_658-20220621-084925-166-0.txt,0521_658-20220621/0521_658-20220621-095858-161-161.txt
0521,658,20220622,083838,130-0,093627,129-129,0521_658-20220622/0521_658-20220622-083838-130-0.json,0521_658-20220622/0521_658-20220622-093627-129-129.json,0521_658-20220622/0521_658-20220622-083838-130-0.txt,0521_658-20220622/0521_658-20220622-093627-129-129.txt
0521,659,20220530,062349,102-102,062349,102-102,0521_659-20220530/0521_659-20220530-062349-102-102.json,0521_659-20220530/0521_659-20220530-062349-102-102.json,0521_659-20220530/0521_659-20220530-062349-102-102.txt,0521_659-20220530/0521_659-20220530-062349-102-102.txt
0521,659,20220531,062134,178-0,072559,169-169,0521_659-20220531/0521_659-20220531-062134-178-0.json,0521_659-20220531/0521_659-20220531-072559-169-169.json,0521_659-20220531/0521_659-20220531-062134-178-0.txt,0521_659-20220531/0521_659-20220531-072559-169-169.txt
0521,659,20220601,060128,164-0,070004,154-154,0521_659-20220601/0521_659-20220601-060128-164-0.json,0521_659-20220601/0521_659-20220601-070004-154-154.json,0521_659-20220601/0521_659-20220601-060128-164-0.txt,0521_659-20220601/0521_659-20220601-070004-154-154.txt
0521,659,20220602,060416,149-0,065619,141-141,0521_659-20220602/0521_659-20220602-060416-149-0.json,0521_659-20220602/0521_659-20220602-065619-141-141.json,0521_659-20220602/0521_659-20220602-060416-149-0.txt,0521_659-20220602/0521_659-20220602-065619-141-141.txt
0521,659,20220603,061111,128-0,065713,120-120,0521_659-20220603/0521_659-20220603-061111-128-0.json,0521_659-20220603/0521_659-20220603-065713-120-120.json,0521_659-20220603/0521_659-20220603-061111-128-0.txt,0521_659-20220603/0521_659-20220603-065713-120-120.txt
0521,659,20220607,054153,85-0,061224,82-82,0521_659-20220607/0521_659-20220607-054153-85-0.json,0521_659-20220607/0521_659-20220607-061224-82-82.json,0521_659-20220607/0521_659-20220607-054153-85-0.txt,0521_659-20220607/0521_659-20220607-061224-82-82.txt
0521,659,20220608,054702,132-0,062500,127-127,0521_659-20220608/0521_659-20220608-054702-132-0.json,0521_659-20220608/0521_659-20220608-062500-127-127.json,0521_659-20220608/0521_659-20220608-054702-132-0.txt,0521_659-20220608/0521_659-20220608-062500-127-127.txt
0521,659,20220609,060623,156-0,065924,147-147,0521_659-20220609/0521_659-20220609-060623-156-0.json,0521_659-20220609/0521_659-20220609-065924-147-147.json,0521_659-20220609/0521_659-20220609-060623-156-0.txt,0521_659-20220609/0521_659-20220609-065924-147-147.txt
0521,659,20220610,061108,177-0,071130,169-169,0521_659-20220610/0521_659-20220610-061108-177-0.json,0521_659-20220610/0521_659-20220610-071130-169-169.json,0521_659-20220610/0521_659-20220610-061108-177-0.txt,0521_659-20220610/0521_659-20220610-071130-169-169.txt
0521,659,20220613,060959,130-0,065444,119-119,0521_659-20220613/0521_659-20220613-060959-130-0.json,0521_659-20220613/0521_659-20220613-065444-119-119.json,0521_659-20220613/0521_659-20220613-060959-130-0.txt,0521_659-20220613/0521_659-20220613-065444-119-119.txt
0521,659,20220614,062400,147-0,072824,132-132,0521_659-20220614/0521_659-20220614-062400-147-0.json,0521_659-20220614/0521_659-20220614-072824-132-132.json,0521_659-20220614/0521_659-20220614-062400-147-0.txt,0521_659-20220614/0521_659-20220614-072824-132-132.txt
0521,659,20220615,054332,112-0,062519,106-106,0521_659-20220615/0521_659-20220615-054332-112-0.json,0521_659-20220615/0521_659-20220615-062519-106-106.json,0521_659-20220615/0521_659-20220615-054332-112-0.txt,0521_659-20220615/0521_659-20220615-062519-106-106.txt
0521,659,20220616,062513,118-118,062513,118-118,0521_659-20220616/0521_659-20220616-062513-118-118.json,0521_659-20220616/0521_659-20220616-062513-118-118.json,0521_659-20220616/0521_659-20220616-062513-118-118.txt,0521_659-20220616/0521_659-20220616-062513-118-118.txt
0521,659,20220617,054705,109-0,062113,99-99,0521_659-20220617/0521_659-20220617-054705-109-0.json,0521_659-20220617/0521_659-20220617-062113-99-99.json,0521_659-20220617/0521_659-20220617-054705-109-0.txt,0521_659-20220617/0521_659-20220617-062113-99-99.txt
0521,659,20220620,053925,79-0,054948,62-62,0521_659-20220620/0521_659-20220620-053925-79-0.json,0521_659-20220620/0521_659-20220620-054948-62-62.json,0521_659-20220620/0521_659-20220620-053925-79-0.txt,0521_659-20220620/0521_659-20220620-054948-62-62.txt
0521,659,20220621,060411,151-0,065154,145-145,0521_659-20220621/0521_659-20220621-060411-151-0.json,0521_659-20220621/0521_659-20220621-065154-145-145.json,0521_659-20220621/0521_659-20220621-060411-151-0.txt,0521_659-20220621/0521_659-20220621-065154-145-145.txt
0521,659,20220622,055556,131-0,063517,127-127,0521_659-20220622/0521_659-20220622-055556-131-0.json,0521_659-20220622/0521_659-20220622-063517-127-127.json,0521_659-20220622/0521_659-20220622-055556-131-0.txt,0521_659-20220622/0521_659-20220622-063517-127-127.txt
0521,660,20220530,063107,128-128,063107,128-128,0521_660-20220530/0521_660-20220530-063107-128-128.json,0521_660-20220530/0521_660-20220530-063107-128-128.json,0521_660-20220530/0521_660-20220530-063107-128-128.txt,0521_660-20220530/0521_660-20220530-063107-128-128.txt
0521,660,20220531,061419,188-0,073740,157-157,0521_660-20220531/0521_660-20220531-061419-188-0.json,0521_660-20220531/0521_660-20220531-073740-157-157.json,0521_660-20220531/0521_660-20220531-061419-188-0.txt,0521_660-20220531/0521_660-20220531-073740-157-157.txt
0521,660,20220601,062305,199-0,073826,155-155,0521_660-20220601/0521_660-20220601-062305-199-0.json,0521_660-20220601/0521_660-20220601-073826-155-155.json,0521_660-20220601/0521_660-20220601-062305-199-0.txt,0521_660-20220601/0521_660-20220601-073826-155-155.txt
0521,660,20220602,054622,168-0,064242,134-134,0521_660-20220602/0521_660-20220602-054622-168-0.json,0521_660-20220602/0521_660-20220602-064242-134-134.json,0521_660-20220602/0521_660-20220602-054622-168-0.txt,0521_660-20220602/0521_660-20220602-064242-134-134.txt
0521,660,20220603,055145,156-0,063056,130-130,0521_660-20220603/0521_660-20220603-055145-156-0.json,0521_660-20220603/0521_660-20220603-063056-130-130.json,0521_660-20220603/0521_660-20220603-055145-156-0.txt,0521_660-20220603/0521_660-20220603-063056-130-130.txt
0521,660,20220604,054405,60-0,060838,59-59,0521_660-20220604/0521_660-20220604-054405-60-0.json,0521_660-20220604/0521_660-20220604-060838-59-59.json,0521_660-20220604/0521_660-20220604-054405-60-0.txt,0521_660-20220604/0521_660-20220604-060838-59-59.txt
0521,660,20220607,053048,142-0,061827,121-121,0521_660-20220607/0521_660-20220607-053048-142-0.json,0521_660-20220607/0521_660-20220607-061827-121-121.json,0521_660-20220607/0521_660-20220607-053048-142-0.txt,0521_660-20220607/0521_660-20220607-061827-121-121.txt
0521,660,20220608,053733,195-0,064206,160-160,0521_660-20220608/0521_660-20220608-053733-195-0.json,0521_660-20220608/0521_660-20220608-064206-160-160.json,0521_660-20220608/0521_660-20220608-053733-195-0.txt,0521_660-20220608/0521_660-20220608-064206-160-160.txt
0521,660,20220609,054207,195-0,064216,148-148,0521_660-20220609/0521_660-20220609-054207-195-0.json,0521_660-20220609/0521_660-20220609-064216-148-148.json,0521_660-20220609/0521_660-20220609-054207-195-0.txt,0521_660-20220609/0521_660-20220609-064216-148-148.txt
0521,660,20220610,064006,141-141,064237,141-141,0521_660-20220610/0521_660-20220610-064006-141-141.json,0521_660-20220610/0521_660-20220610-064237-141-141.json,0521_660-20220610/0521_660-20220610-064006-141-141.txt,0521_660-20220610/0521_660-20220610-064237-141-141.txt
0521,660,20220611,053854,62-0,060851,62-62,0521_660-20220611/0521_660-20220611-053854-62-0.json,0521_660-20220611/0521_660-20220611-060851-62-62.json,0521_660-20220611/0521_660-20220611-053854-62-0.txt,0521_660-20220611/0521_660-20220611-060851-62-62.txt
0521,660,20220613,053753,151-0,063130,122-122,0521_660-20220613/0521_660-20220613-053753-151-0.json,0521_660-20220613/0521_660-20220613-063130-122-122.json,0521_660-20220613/0521_660-20220613-053753-151-0.txt,0521_660-20220613/0521_660-20220613-063130-122-122.txt
0521,660,20220614,054000,189-0,064625,141-141,0521_660-20220614/0521_660-20220614-054000-189-0.json,0521_660-20220614/0521_660-20220614-064625-141-141.json,0521_660-20220614/0521_660-20220614-054000-189-0.txt,0521_660-20220614/0521_660-20220614-064625-141-141.txt
0521,660,20220615,053741,164-0,062737,130-130,0521_660-20220615/0521_660-20220615-053741-164-0.json,0521_660-20220615/0521_660-20220615-062737-130-130.json,0521_660-20220615/0521_660-20220615-053741-164-0.txt,0521_660-20220615/0521_660-20220615-062737-130-130.txt
0521,660,20220616,055020,209-0,064917,164-164,0521_660-20220616/0521_660-20220616-055020-209-0.json,0521_660-20220616/0521_660-20220616-064917-164-164.json,0521_660-20220616/0521_660-20220616-055020-209-0.txt,0521_660-20220616/0521_660-20220616-064917-164-164.txt
0521,660,20220617,053933,164-0,062903,125-125,0521_660-20220617/0521_660-20220617-053933-164-0.json,0521_660-20220617/0521_660-20220617-062903-125-125.json,0521_660-20220617/0521_660-20220617-053933-164-0.txt,0521_660-20220617/0521_660-20220617-062903-125-125.txt
0521,660,20220618,053632,59-0,060540,59-59,0521_660-20220618/0521_660-20220618-053632-59-0.json,0521_660-20220618/0521_660-20220618-060540-59-59.json,0521_660-20220618/0521_660-20220618-053632-59-0.txt,0521_660-20220618/0521_660-20220618-060540-59-59.txt
0521,660,20220620,052723,121-0,060535,75-75,0521_660-20220620/0521_660-20220620-052723-121-0.json,0521_660-20220620/0521_660-20220620-060535-75-75.json,0521_660-20220620/0521_660-20220620-052723-121-0.txt,0521_660-20220620/0521_660-20220620-060535-75-75.txt
0521,660,20220621,053851,198-0,063554,152-152,0521_660-20220621/0521_660-20220621-053851-198-0.json,0521_660-20220621/0521_660-20220621-063554-152-152.json,0521_660-20220621/0521_660-20220621-053851-198-0.txt,0521_660-20220621/0521_660-20220621-063554-152-152.txt
0521,660,20220622,053412,177-0,063110,141-141,0521_660-20220622/0521_660-20220622-053412-177-0.json,0521_660-20220622/0521_660-20220622-063110-141-141.json,0521_660-20220622/0521_660-20220622-053412-177-0.txt,0521_660-20220622/0521_660-20220622-063110-141-141.txt
0521,663,20220530,060832,173-0,073704,168-168,0521_663-20220530/0521_663-20220530-060832-173-0.json,0521_663-20220530/0521_663-20220530-073704-168-168.json,0521_663-20220530/0521_663-20220530-060832-173-0.txt,0521_663-20220530/0521_663-20220530-073704-168-168.txt
0521,663,20220531,063507,215-0,080205,180-180,0521_663-20220531/0521_663-20220531-063507-215-0.json,0521_663-20220531/0521_663-20220531-080205-180-180.json,0521_663-20220531/0521_663-20220531-063507-215-0.txt,0521_663-20220531/0521_663-20220531-080205-180-180.txt
0521,663,20220601,061101,186-0,072816,176-176,0521_663-20220601/0521_663-20220601-061101-186-0.json,0521_663-20220601/0521_663-20220601-072816-176-176.json,0521_663-20220601/0521_663-20220601-061101-186-0.txt,0521_663-20220601/0521_663-20220601-072816-176-176.txt
0521,663,20220602,055818,181-0,072452,177-177,0521_663-20220602/0521_663-20220602-055818-181-0.json,0521_663-20220602/0521_663-20220602-072452-177-177.json,0521_663-20220602/0521_663-20220602-055818-181-0.txt,0521_663-20220602/0521_663-20220602-072452-177-177.txt
0521,663,20220603,055438,136-0,071928,129-129,0521_663-20220603/0521_663-20220603-055438-136-0.json,0521_663-20220603/0521_663-20220603-071928-129-129.json,0521_663-20220603/0521_663-20220603-055438-136-0.txt,0521_663-20220603/0521_663-20220603-071928-129-129.txt
0521,663,20220604,054527,86-0,054702,86-86,0521_663-20220604/0521_663-20220604-054527-86-0.json,0521_663-20220604/0521_663-20220604-054702-86-86.json,0521_663-20220604/0521_663-20220604-054527-86-0.txt,0521_663-20220604/0521_663-20220604-054702-86-86.txt
0521,663,20220607,055557,110-0,070008,108-108,0521_663-20220607/0521_663-20220607-055557-110-0.json,0521_663-20220607/0521_663-20220607-070008-108-108.json,0521_663-20220607/0521_663-20220607-055557-110-0.txt,0521_663-20220607/0521_663-20220607-070008-108-108.txt
0521,663,20220608,061523,211-0,074651,195-195,0521_663-20220608/0521_663-20220608-061523-211-0.json,0521_663-20220608/0521_663-20220608-074651-195-195.json,0521_663-20220608/0521_663-20220608-061523-211-0.txt,0521_663-20220608/0521_663-20220608-074651-195-195.txt
0521,663,20220609,062428,217-0,063352,201-201,0521_663-20220609/0521_663-20220609-062428-217-0.json,0521_663-20220609/0521_663-20220609-063352-201-201.json,0521_663-20220609/0521_663-20220609-062428-217-0.txt,0521_663-20220609/0521_663-20220609-063352-201-201.txt
0521,663,20220610,061154,175-0,071418,171-171,0521_663-20220610/0521_663-20220610-061154-175-0.json,0521_663-20220610/0521_663-20220610-071418-171-171.json,0521_663-20220610/0521_663-20220610-061154-175-0.txt,0521_663-20220610/0521_663-20220610-071418-171-171.txt
0521,663,20220611,053859,78-0,053938,78-0,0521_663-20220611/0521_663-20220611-053859-78-0.json,0521_663-20220611/0521_663-20220611-053938-78-0.json,0521_663-20220611/0521_663-20220611-053859-78-0.txt,0521_663-20220611/0521_663-20220611-053938-78-0.txt
0521,663,20220613,061630,169-0,074458,157-157,0521_663-20220613/0521_663-20220613-061630-169-0.json,0521_663-20220613/0521_663-20220613-074458-157-157.json,0521_663-20220613/0521_663-20220613-061630-169-0.txt,0521_663-20220613/0521_663-20220613-074458-157-157.txt
0521,663,20220614,060901,161-0,072728,150-150,0521_663-20220614/0521_663-20220614-060901-161-0.json,0521_663-20220614/0521_663-20220614-072728-150-150.json,0521_663-20220614/0521_663-20220614-060901-161-0.txt,0521_663-20220614/0521_663-20220614-072728-150-150.txt
0521,663,20220615,060121,176-0,073437,166-166,0521_663-20220615/0521_663-20220615-060121-176-0.json,0521_663-20220615/0521_663-20220615-073437-166-166.json,0521_663-20220615/0521_663-20220615-060121-176-0.txt,0521_663-20220615/0521_663-20220615-073437-166-166.txt
0521,663,20220616,054718,127-0,070112,127-127,0521_663-20220616/0521_663-20220616-054718-127-0.json,0521_663-20220616/0521_663-20220616-070112-127-127.json,0521_663-20220616/0521_663-20220616-054718-127-0.txt,0521_663-20220616/0521_663-20220616-070112-127-127.txt
0521,663,20220617,055833,133-0,070953,129-129,0521_663-20220617/0521_663-20220617-055833-133-0.json,0521_663-20220617/0521_663-20220617-070953-129-129.json,0521_663-20220617/0521_663-20220617-055833-133-0.txt,0521_663-20220617/0521_663-20220617-070953-129-129.txt
0521,663,20220618,051200,49-0,051458,50-0,0521_663-20220618/0521_663-20220618-051200-49-0.json,0521_663-20220618/0521_663-20220618-051458-50-0.json,0521_663-20220618/0521_663-20220618-051200-49-0.txt,0521_663-20220618/0521_663-20220618-051458-50-0.txt
0521,663,20220620,053908,124-0,064019,120-120,0521_663-20220620/0521_663-20220620-053908-124-0.json,0521_663-20220620/0521_663-20220620-064019-120-120.json,0521_663-20220620/0521_663-20220620-053908-124-0.txt,0521_663-20220620/0521_663-20220620-064019-120-120.txt
0521,663,20220621,050804,227-0,082013,189-189,0521_663-20220621/0521_663-20220621-050804-227-0.json,0521_663-20220621/0521_663-20220621-082013-189-189.json,0521_663-20220621/0521_663-20220621-050804-227-0.txt,0521_663-20220621/0521_663-20220621-082013-189-189.txt
0521,663,20220622,055005,167-0,070227,153-153,0521_663-20220622/0521_663-20220622-055005-167-0.json,0521_663-20220622/0521_663-20220622-070227-153-153.json,0521_663-20220622/0521_663-20220622-055005-167-0.txt,0521_663-20220622/0521_663-20220622-070227-153-153.txt
0521,664,20220530,061016,163-0,074657,151-151,0521_664-20220530/0521_664-20220530-061016-163-0.json,0521_664-20220530/0521_664-20220530-074657-151-151.json,0521_664-20220530/0521_664-20220530-061016-163-0.txt,0521_664-20220530/0521_664-20220530-074657-151-151.txt
0521,664,20220531,075809,160-160,075809,160-160,0521_664-20220531/0521_664-20220531-075809-160-160.json,0521_664-20220531/0521_664-20220531-075809-160-160.json,0521_664-20220531/0521_664-20220531-075809-160-160.txt,0521_664-20220531/0521_664-20220531-075809-160-160.txt
0521,664,20220601,060655,173-0,074727,155-155,0521_664-20220601/0521_664-20220601-060655-173-0.json,0521_664-20220601/0521_664-20220601-074727-155-155.json,0521_664-20220601/0521_664-20220601-060655-173-0.txt,0521_664-20220601/0521_664-20220601-074727-155-155.txt
0521,664,20220602,061917,166-0,062443,148-0,0521_664-20220602/0521_664-20220602-061917-166-0.json,0521_664-20220602/0521_664-20220602-062443-148-0.json,0521_664-20220602/0521_664-20220602-061917-166-0.txt,0521_664-20220602/0521_664-20220602-062443-148-0.txt
0521,664,20220603,060145,144-0,074556,135-135,0521_664-20220603/0521_664-20220603-060145-144-0.json,0521_664-20220603/0521_664-20220603-074556-135-135.json,0521_664-20220603/0521_664-20220603-060145-144-0.txt,0521_664-20220603/0521_664-20220603-074556-135-135.txt
0521,664,20220607,062528,149-0,063359,142-0,0521_664-20220607/0521_664-20220607-062528-149-0.json,0521_664-20220607/0521_664-20220607-063359-142-0.json,0521_664-20220607/0521_664-20220607-062528-149-0.txt,0521_664-20220607/0521_664-20220607-063359-142-0.txt
0521,664,20220608,061409,173-0,075146,149-149,0521_664-20220608/0521_664-20220608-061409-173-0.json,0521_664-20220608/0521_664-20220608-075146-149-149.json,0521_664-20220608/0521_664-20220608-061409-173-0.txt,0521_664-20220608/0521_664-20220608-075146-149-149.txt
0521,664,20220609,063220,170-0,063640,152-0,0521_664-20220609/0521_664-20220609-063220-170-0.json,0521_664-20220609/0521_664-20220609-063640-152-0.json,0521_664-20220609/0521_664-20220609-063220-170-0.txt,0521_664-20220609/0521_664-20220609-063640-152-0.txt
0521,664,20220610,063821,188-0,110509,66-66,0521_664-20220610/0521_664-20220610-063821-188-0.json,0521_664-20220610/0521_664-20220610-110509-66-66.json,0521_664-20220610/0521_664-20220610-063821-188-0.txt,0521_664-20220610/0521_664-20220610-110509-66-66.txt
0521,664,20220613,061734,161-0,080024,150-150,0521_664-20220613/0521_664-20220613-061734-161-0.json,0521_664-20220613/0521_664-20220613-080024-150-150.json,0521_664-20220613/0521_664-20220613-061734-161-0.txt,0521_664-20220613/0521_664-20220613-080024-150-150.txt
0521,664,20220614,062721,166-0,080017,150-150,0521_664-20220614/0521_664-20220614-062721-166-0.json,0521_664-20220614/0521_664-20220614-080017-150-150.json,0521_664-20220614/0521_664-20220614-062721-166-0.txt,0521_664-20220614/0521_664-20220614-080017-150-150.txt
0521,664,20220615,061249,159-0,074104,150-150,0521_664-20220615/0521_664-20220615-061249-159-0.json,0521_664-20220615/0521_664-20220615-074104-150-150.json,0521_664-20220615/0521_664-20220615-061249-159-0.txt,0521_664-20220615/0521_664-20220615-074104-150-150.txt
0521,664,20220616,072915,148-148,072915,148-148,0521_664-20220616/0521_664-20220616-072915-148-148.json,0521_664-20220616/0521_664-20220616-072915-148-148.json,0521_664-20220616/0521_664-20220616-072915-148-148.txt,0521_664-20220616/0521_664-20220616-072915-148-148.txt
0521,664,20220617,055251,153-0,072318,145-145,0521_664-20220617/0521_664-20220617-055251-153-0.json,0521_664-20220617/0521_664-20220617-072318-145-145.json,0521_664-20220617/0521_664-20220617-055251-153-0.txt,0521_664-20220617/0521_664-20220617-072318-145-145.txt
0521,664,20220620,055619,114-0,070639,106-106,0521_664-20220620/0521_664-20220620-055619-114-0.json,0521_664-20220620/0521_664-20220620-070639-106-106.json,0521_664-20220620/0521_664-20220620-055619-114-0.txt,0521_664-20220620/0521_664-20220620-070639-106-106.txt
0521,664,20220621,062146,164-0,075513,146-146,0521_664-20220621/0521_664-20220621-062146-164-0.json,0521_664-20220621/0521_664-20220621-075513-146-146.json,0521_664-20220621/0521_664-20220621-062146-164-0.txt,0521_664-20220621/0521_664-20220621-075513-146-146.txt
0521,664,20220622,060714,151-0,074511,140-140,0521_664-20220622/0521_664-20220622-060714-151-0.json,0521_664-20220622/0521_664-20220622-074511-140-140.json,0521_664-20220622/0521_664-20220622-060714-151-0.txt,0521_664-20220622/0521_664-20220622-074511-140-140.txt
0521,665,20220530,062018,110-0,074557,109-109,0521_665-20220530/0521_665-20220530-062018-110-0.json,0521_665-20220530/0521_665-20220530-074557-109-109.json,0521_665-20220530/0521_665-20220530-062018-110-0.txt,0521_665-20220530/0521_665-20220530-074557-109-109.txt
0521,665,20220531,064204,142-0,090033,139-139,0521_665-20220531/0521_665-20220531-064204-142-0.json,0521_665-20220531/0521_665-20220531-090033-139-139.json,0521_665-20220531/0521_665-20220531-064204-142-0.txt,0521_665-20220531/0521_665-20220531-090033-139-139.txt
0521,665,20220601,063738,139-0,083400,136-136,0521_665-20220601/0521_665-20220601-063738-139-0.json,0521_665-20220601/0521_665-20220601-083400-136-136.json,0521_665-20220601/0521_665-20220601-063738-139-0.txt,0521_665-20220601/0521_665-20220601-083400-136-136.txt
0521,665,20220602,062948,125-0,083347,122-122,0521_665-20220602/0521_665-20220602-062948-125-0.json,0521_665-20220602/0521_665-20220602-083347-122-122.json,0521_665-20220602/0521_665-20220602-062948-125-0.txt,0521_665-20220602/0521_665-20220602-083347-122-122.txt
0521,665,20220603,060954,107-0,073505,102-102,0521_665-20220603/0521_665-20220603-060954-107-0.json,0521_665-20220603/0521_665-20220603-073505-102-102.json,0521_665-20220603/0521_665-20220603-060954-107-0.txt,0521_665-20220603/0521_665-20220603-073505-102-102.txt
0521,665,20220607,062559,100-0,081339,97-97,0521_665-20220607/0521_665-20220607-062559-100-0.json,0521_665-20220607/0521_665-20220607-081339-97-97.json,0521_665-20220607/0521_665-20220607-062559-100-0.txt,0521_665-20220607/0521_665-20220607-081339-97-97.txt
0521,665,20220608,062613,135-0,090151,130-130,0521_665-20220608/0521_665-20220608-062613-135-0.json,0521_665-20220608/0521_665-20220608-090151-130-130.json,0521_665-20220608/0521_665-20220608-062613-135-0.txt,0521_665-20220608/0521_665-20220608-090151-130-130.txt
0521,665,20220609,072322,156-0,092645,153-153,0521_665-20220609/0521_665-20220609-072322-156-0.json,0521_665-20220609/0521_665-20220609-092645-153-153.json,0521_665-20220609/0521_665-20220609-072322-156-0.txt,0521_665-20220609/0521_665-20220609-092645-153-153.txt
0521,665,20220610,072455,162-0,095818,83-83,0521_665-20220610/0521_665-20220610-072455-162-0.json,0521_665-20220610/0521_665-20220610-095818-83-83.json,0521_665-20220610/0521_665-20220610-072455-162-0.txt,0521_665-20220610/0521_665-20220610-095818-83-83.txt
0521,665,20220613,065612,108-0,081816,102-102,0521_665-20220613/0521_665-20220613-065612-108-0.json,0521_665-20220613/0521_665-20220613-081816-102-102.json,0521_665-20220613/0521_665-20220613-065612-108-0.txt,0521_665-20220613/0521_665-20220613-081816-102-102.txt
0521,665,20220614,062211,129-0,064027,125-125,0521_665-20220614/0521_665-20220614-062211-129-0.json,0521_665-20220614/0521_665-20220614-064027-125-125.json,0521_665-20220614/0521_665-20220614-062211-129-0.txt,0521_665-20220614/0521_665-20220614-064027-125-125.txt
0521,665,20220615,063103,129-0,082816,124-124,0521_665-20220615/0521_665-20220615-063103-129-0.json,0521_665-20220615/0521_665-20220615-082816-124-124.json,0521_665-20220615/0521_665-20220615-063103-129-0.txt,0521_665-20220615/0521_665-20220615-082816-124-124.txt
0521,665,20220616,060714,116-0,073937,110-110,0521_665-20220616/0521_665-20220616-060714-116-0.json,0521_665-20220616/0521_665-20220616-073937-110-110.json,0521_665-20220616/0521_665-20220616-060714-116-0.txt,0521_665-20220616/0521_665-20220616-073937-110-110.txt
0521,665,20220617,060024,123-0,073158,118-118,0521_665-20220617/0521_665-20220617-060024-123-0.json,0521_665-20220617/0521_665-20220617-073158-118-118.json,0521_665-20220617/0521_665-20220617-060024-123-0.txt,0521_665-20220617/0521_665-20220617-073158-118-118.txt
0521,665,20220620,061158,79-0,065735,75-75,0521_665-20220620/0521_665-20220620-061158-79-0.json,0521_665-20220620/0521_665-20220620-065735-75-75.json,0521_665-20220620/0521_665-20220620-061158-79-0.txt,0521_665-20220620/0521_665-20220620-065735-75-75.txt
0521,665,20220621,063041,130-0,063559,124-124,0521_665-20220621/0521_665-20220621-063041-130-0.json,0521_665-20220621/0521_665-20220621-063559-124-124.json,0521_665-20220621/0521_665-20220621-063041-130-0.txt,0521_665-20220621/0521_665-20220621-063559-124-124.txt
0521,665,20220622,063807,119-0,064038,116-116,0521_665-20220622/0521_665-20220622-063807-119-0.json,0521_665-20220622/0521_665-20220622-064038-116-116.json,0521_665-20220622/0521_665-20220622-063807-119-0.txt,0521_665-20220622/0521_665-20220622-064038-116-116.txt
0521,668,20220530,064715,158-143,075609,156-156,0521_668-20220530/0521_668-20220530-064715-158-143.json,0521_668-20220530/0521_668-20220530-075609-156-156.json,0521_668-20220530/0521_668-20220530-064715-158-143.txt,0521_668-20220530/0521_668-20220530-075609-156-156.txt
0521,668,20220531,052404,249-0,085120,194-194,0521_668-20220531/0521_668-20220531-052404-249-0.json,0521_668-20220531/0521_668-20220531-085120-194-194.json,0521_668-20220531/0521_668-20220531-052404-249-0.txt,0521_668-20220531/0521_668-20220531-085120-194-194.txt
0521,668,20220601,053121,203-0,074417,163-163,0521_668-20220601/0521_668-20220601-053121-203-0.json,0521_668-20220601/0521_668-20220601-074417-163-163.json,0521_668-20220601/0521_668-20220601-053121-203-0.txt,0521_668-20220601/0521_668-20220601-074417-163-163.txt
0521,668,20220602,060225,181-0,081657,179-179,0521_668-20220602/0521_668-20220602-060225-181-0.json,0521_668-20220602/0521_668-20220602-081657-179-179.json,0521_668-20220602/0521_668-20220602-060225-181-0.txt,0521_668-20220602/0521_668-20220602-081657-179-179.txt
0521,668,20220603,054441,146-0,073325,125-125,0521_668-20220603/0521_668-20220603-054441-146-0.json,0521_668-20220603/0521_668-20220603-073325-125-125.json,0521_668-20220603/0521_668-20220603-054441-146-0.txt,0521_668-20220603/0521_668-20220603-073325-125-125.txt
0521,668,20220604,064356,28-0,064356,28-0,0521_668-20220604/0521_668-20220604-064356-28-0.json,0521_668-20220604/0521_668-20220604-064356-28-0.json,0521_668-20220604/0521_668-20220604-064356-28-0.txt,0521_668-20220604/0521_668-20220604-064356-28-0.txt
0521,668,20220607,054658,124-0,071633,128-128,0521_668-20220607/0521_668-20220607-054658-124-0.json,0521_668-20220607/0521_668-20220607-071633-128-128.json,0521_668-20220607/0521_668-20220607-054658-124-0.txt,0521_668-20220607/0521_668-20220607-071633-128-128.txt
0521,668,20220608,051723,178-0,084901,193-193,0521_668-20220608/0521_668-20220608-051723-178-0.json,0521_668-20220608/0521_668-20220608-084901-193-193.json,0521_668-20220608/0521_668-20220608-051723-178-0.txt,0521_668-20220608/0521_668-20220608-084901-193-193.txt
0521,668,20220609,052840,184-0,072701,168-168,0521_668-20220609/0521_668-20220609-052840-184-0.json,0521_668-20220609/0521_668-20220609-072701-168-168.json,0521_668-20220609/0521_668-20220609-052840-184-0.txt,0521_668-20220609/0521_668-20220609-072701-168-168.txt
0521,668,20220610,071950,175-167,081305,175-175,0521_668-20220610/0521_668-20220610-071950-175-167.json,0521_668-20220610/0521_668-20220610-081305-175-175.json,0521_668-20220610/0521_668-20220610-071950-175-167.txt,0521_668-20220610/0521_668-20220610-081305-175-175.txt
0521,668,20220611,070103,56-0,072748,55-55,0521_668-20220611/0521_668-20220611-070103-56-0.json,0521_668-20220611/0521_668-20220611-072748-55-55.json,0521_668-20220611/0521_668-20220611-070103-56-0.txt,0521_668-20220611/0521_668-20220611-072748-55-55.txt
0521,668,20220613,051443,110-0,063644,111-111,0521_668-20220613/0521_668-20220613-051443-110-0.json,0521_668-20220613/0521_668-20220613-063644-111-111.json,0521_668-20220613/0521_668-20220613-051443-110-0.txt,0521_668-20220613/0521_668-20220613-063644-111-111.txt
0521,668,20220614,055157,185-0,083236,182-182,0521_668-20220614/0521_668-20220614-055157-185-0.json,0521_668-20220614/0521_668-20220614-083236-182-182.json,0521_668-20220614/0521_668-20220614-055157-185-0.txt,0521_668-20220614/0521_668-20220614-083236-182-182.txt
0521,668,20220615,055318,176-0,081342,175-175,0521_668-20220615/0521_668-20220615-055318-176-0.json,0521_668-20220615/0521_668-20220615-081342-175-175.json,0521_668-20220615/0521_668-20220615-055318-176-0.txt,0521_668-20220615/0521_668-20220615-081342-175-175.txt
0521,668,20220616,050724,153-153,065844,150-150,0521_668-20220616/0521_668-20220616-050724-153-153.json,0521_668-20220616/0521_668-20220616-065844-150-150.json,0521_668-20220616/0521_668-20220616-050724-153-153.txt,0521_668-20220616/0521_668-20220616-065844-150-150.txt
0521,668,20220617,052912,139-0,074241,136-136,0521_668-20220617/0521_668-20220617-052912-139-0.json,0521_668-20220617/0521_668-20220617-074241-136-136.json,0521_668-20220617/0521_668-20220617-052912-139-0.txt,0521_668-20220617/0521_668-20220617-074241-136-136.txt
0521,668,20220618,073920,48-0,081523,50-50,0521_668-20220618/0521_668-20220618-073920-48-0.json,0521_668-20220618/0521_668-20220618-081523-50-50.json,0521_668-20220618/0521_668-20220618-073920-48-0.txt,0521_668-20220618/0521_668-20220618-081523-50-50.txt
0521,668,20220620,051120,87-0,063341,88-88,0521_668-20220620/0521_668-20220620-051120-87-0.json,0521_668-20220620/0521_668-20220620-063341-88-88.json,0521_668-20220620/0521_668-20220620-051120-87-0.txt,0521_668-20220620/0521_668-20220620-063341-88-88.txt
0521,668,20220621,051035,179-0,081031,178-178,0521_668-20220621/0521_668-20220621-051035-179-0.json,0521_668-20220621/0521_668-20220621-081031-178-178.json,0521_668-20220621/0521_668-20220621-051035-179-0.txt,0521_668-20220621/0521_668-20220621-081031-178-178.txt
0521,668,20220622,051524,183-0,072444,184-184,0521_668-20220622/0521_668-20220622-051524-183-0.json,0521_668-20220622/0521_668-20220622-072444-184-184.json,0521_668-20220622/0521_668-20220622-051524-183-0.txt,0521_668-20220622/0521_668-20220622-072444-184-184.txt
0521,669,20220530,063613,143-136,073908,138-138,0521_669-20220530/0521_669-20220530-063613-143-136.json,0521_669-20220530/0521_669-20220530-073908-138-138.json,0521_669-20220530/0521_669-20220530-063613-143-136.txt,0521_669-20220530/0521_669-20220530-073908-138-138.txt
0521,669,20220531,053417,198-0,084405,196-196,0521_669-20220531/0521_669-20220531-053417-198-0.json,0521_669-20220531/0521_669-20220531-084405-196-196.json,0521_669-20220531/0521_669-20220531-053417-198-0.txt,0521_669-20220531/0521_669-20220531-084405-196-196.txt
0521,669,20220601,054534,185-0,083902,170-170,0521_669-20220601/0521_669-20220601-054534-185-0.json,0521_669-20220601/0521_669-20220601-083902-170-170.json,0521_669-20220601/0521_669-20220601-054534-185-0.txt,0521_669-20220601/0521_669-20220601-083902-170-170.txt
0521,669,20220602,052417,145-0,072302,136-136,0521_669-20220602/0521_669-20220602-052417-145-0.json,0521_669-20220602/0521_669-20220602-072302-136-136.json,0521_669-20220602/0521_669-20220602-052417-145-0.txt,0521_669-20220602/0521_669-20220602-072302-136-136.txt
0521,669,20220603,053211,147-0,074250,140-140,0521_669-20220603/0521_669-20220603-053211-147-0.json,0521_669-20220603/0521_669-20220603-074250-140-140.json,0521_669-20220603/0521_669-20220603-053211-147-0.txt,0521_669-20220603/0521_669-20220603-074250-140-140.txt
0521,669,20220604,075338,29-0,075535,26-26,0521_669-20220604/0521_669-20220604-075338-29-0.json,0521_669-20220604/0521_669-20220604-075535-26-26.json,0521_669-20220604/0521_669-20220604-075338-29-0.txt,0521_669-20220604/0521_669-20220604-075535-26-26.txt
0521,669,20220607,052900,136-0,071903,131-131,0521_669-20220607/0521_669-20220607-052900-136-0.json,0521_669-20220607/0521_669-20220607-071903-131-131.json,0521_669-20220607/0521_669-20220607-052900-136-0.txt,0521_669-20220607/0521_669-20220607-071903-131-131.txt
0521,669,20220608,053606,166-0,074935,164-164,0521_669-20220608/0521_669-20220608-053606-166-0.json,0521_669-20220608/0521_669-20220608-074935-164-164.json,0521_669-20220608/0521_669-20220608-053606-166-0.txt,0521_669-20220608/0521_669-20220608-074935-164-164.txt
0521,669,20220609,053137,189-0,083026,187-187,0521_669-20220609/0521_669-20220609-053137-189-0.json,0521_669-20220609/0521_669-20220609-083026-187-187.json,0521_669-20220609/0521_669-20220609-053137-189-0.txt,0521_669-20220609/0521_669-20220609-083026-187-187.txt
0521,669,20220610,054533,184-0,065901,176-176,0521_669-20220610/0521_669-20220610-054533-184-0.json,0521_669-20220610/0521_669-20220610-065901-176-176.json,0521_669-20220610/0521_669-20220610-054533-184-0.txt,0521_669-20220610/0521_669-20220610-065901-176-176.txt
0521,669,20220611,071107,28-0,072256,28-28,0521_669-20220611/0521_669-20220611-071107-28-0.json,0521_669-20220611/0521_669-20220611-072256-28-28.json,0521_669-20220611/0521_669-20220611-071107-28-0.txt,0521_669-20220611/0521_669-20220611-072256-28-28.txt
0521,669,20220613,052148,142-0,072232,124-124,0521_669-20220613/0521_669-20220613-052148-142-0.json,0521_669-20220613/0521_669-20220613-072232-124-124.json,0521_669-20220613/0521_669-20220613-052148-142-0.txt,0521_669-20220613/0521_669-20220613-072232-124-124.txt
0521,669,20220614,053523,183-0,081535,175-175,0521_669-20220614/0521_669-20220614-053523-183-0.json,0521_669-20220614/0521_669-20220614-081535-175-175.json,0521_669-20220614/0521_669-20220614-053523-183-0.txt,0521_669-20220614/0521_669-20220614-081535-175-175.txt
0521,669,20220615,053113,167-0,075355,152-152,0521_669-20220615/0521_669-20220615-053113-167-0.json,0521_669-20220615/0521_669-20220615-075355-152-152.json,0521_669-20220615/0521_669-20220615-053113-167-0.txt,0521_669-20220615/0521_669-20220615-075355-152-152.txt
0521,669,20220616,052417,144-0,074541,137-137,0521_669-20220616/0521_669-20220616-052417-144-0.json,0521_669-20220616/0521_669-20220616-074541-137-137.json,0521_669-20220616/0521_669-20220616-052417-144-0.txt,0521_669-20220616/0521_669-20220616-074541-137-137.txt
0521,669,20220617,052514,127-0,070435,120-120,0521_669-20220617/0521_669-20220617-052514-127-0.json,0521_669-20220617/0521_669-20220617-070435-120-120.json,0521_669-20220617/0521_669-20220617-052514-127-0.txt,0521_669-20220617/0521_669-20220617-070435-120-120.txt
0521,669,20220618,072119,15-0,072119,15-0,0521_669-20220618/0521_669-20220618-072119-15-0.json,0521_669-20220618/0521_669-20220618-072119-15-0.json,0521_669-20220618/0521_669-20220618-072119-15-0.txt,0521_669-20220618/0521_669-20220618-072119-15-0.txt
0521,669,20220620,052828,126-0,071252,118-118,0521_669-20220620/0521_669-20220620-052828-126-0.json,0521_669-20220620/0521_669-20220620-071252-118-118.json,0521_669-20220620/0521_669-20220620-052828-126-0.txt,0521_669-20220620/0521_669-20220620-071252-118-118.txt
0521,669,20220621,055907,206-0,091948,203-203,0521_669-20220621/0521_669-20220621-055907-206-0.json,0521_669-20220621/0521_669-20220621-091948-203-203.json,0521_669-20220621/0521_669-20220621-055907-206-0.txt,0521_669-20220621/0521_669-20220621-091948-203-203.txt
0521,669,20220622,052601,170-0,074930,156-156,0521_669-20220622/0521_669-20220622-052601-170-0.json,0521_669-20220622/0521_669-20220622-074930-156-156.json,0521_669-20220622/0521_669-20220622-052601-170-0.txt,0521_669-20220622/0521_669-20220622-074930-156-156.txt
0521,670,20220531,093056,120-0,111106,114-114,0521_670-20220531/0521_670-20220531-093056-120-0.json,0521_670-20220531/0521_670-20220531-111106-114-114.json,0521_670-20220531/0521_670-20220531-093056-120-0.txt,0521_670-20220531/0521_670-20220531-111106-114-114.txt
0521,670,20220601,093804,116-0,104632,113-113,0521_670-20220601/0521_670-20220601-093804-116-0.json,0521_670-20220601/0521_670-20220601-104632-113-113.json,0521_670-20220601/0521_670-20220601-093804-116-0.txt,0521_670-20220601/0521_670-20220601-104632-113-113.txt
0521,670,20220602,090007,105-0,101415,99-99,0521_670-20220602/0521_670-20220602-090007-105-0.json,0521_670-20220602/0521_670-20220602-101415-99-99.json,0521_670-20220602/0521_670-20220602-090007-105-0.txt,0521_670-20220602/0521_670-20220602-101415-99-99.txt
0521,670,20220603,092108,96-0,104110,93-93,0521_670-20220603/0521_670-20220603-092108-96-0.json,0521_670-20220603/0521_670-20220603-104110-93-93.json,0521_670-20220603/0521_670-20220603-092108-96-0.txt,0521_670-20220603/0521_670-20220603-104110-93-93.txt
0521,670,20220607,085615,112-0,101750,107-107,0521_670-20220607/0521_670-20220607-085615-112-0.json,0521_670-20220607/0521_670-20220607-101750-107-107.json,0521_670-20220607/0521_670-20220607-085615-112-0.txt,0521_670-20220607/0521_670-20220607-101750-107-107.txt
0521,670,20220608,085153,109-0,100839,103-103,0521_670-20220608/0521_670-20220608-085153-109-0.json,0521_670-20220608/0521_670-20220608-100839-103-103.json,0521_670-20220608/0521_670-20220608-085153-109-0.txt,0521_670-20220608/0521_670-20220608-100839-103-103.txt
0521,670,20220609,093116,111-0,104538,110-110,0521_670-20220609/0521_670-20220609-093116-111-0.json,0521_670-20220609/0521_670-20220609-104538-110-110.json,0521_670-20220609/0521_670-20220609-093116-111-0.txt,0521_670-20220609/0521_670-20220609-104538-110-110.txt
0521,670,20220610,094927,105-105,110542,103-103,0521_670-20220610/0521_670-20220610-094927-105-105.json,0521_670-20220610/0521_670-20220610-110542-103-103.json,0521_670-20220610/0521_670-20220610-094927-105-105.txt,0521_670-20220610/0521_670-20220610-110542-103-103.txt
0521,670,20220611,064730,26-0,071150,26-26,0521_670-20220611/0521_670-20220611-064730-26-0.json,0521_670-20220611/0521_670-20220611-071150-26-26.json,0521_670-20220611/0521_670-20220611-064730-26-0.txt,0521_670-20220611/0521_670-20220611-071150-26-26.txt
0521,670,20220613,092501,106-0,103909,98-98,0521_670-20220613/0521_670-20220613-092501-106-0.json,0521_670-20220613/0521_670-20220613-103909-98-98.json,0521_670-20220613/0521_670-20220613-092501-106-0.txt,0521_670-20220613/0521_670-20220613-103909-98-98.txt
0521,670,20220614,093230,120-0,110013,117-117,0521_670-20220614/0521_670-20220614-093230-120-0.json,0521_670-20220614/0521_670-20220614-110013-117-117.json,0521_670-20220614/0521_670-20220614-093230-120-0.txt,0521_670-20220614/0521_670-20220614-110013-117-117.txt
0521,670,20220615,085552,103-0,101721,100-100,0521_670-20220615/0521_670-20220615-085552-103-0.json,0521_670-20220615/0521_670-20220615-101721-100-100.json,0521_670-20220615/0521_670-20220615-085552-103-0.txt,0521_670-20220615/0521_670-20220615-101721-100-100.txt
0521,670,20220616,101414,93-93,101955,93-93,0521_670-20220616/0521_670-20220616-101414-93-93.json,0521_670-20220616/0521_670-20220616-101955-93-93.json,0521_670-20220616/0521_670-20220616-101414-93-93.txt,0521_670-20220616/0521_670-20220616-101955-93-93.txt
0521,670,20220617,091800,83-0,101916,78-78,0521_670-20220617/0521_670-20220617-091800-83-0.json,0521_670-20220617/0521_670-20220617-101916-78-78.json,0521_670-20220617/0521_670-20220617-091800-83-0.txt,0521_670-20220617/0521_670-20220617-101916-78-78.txt
0521,670,20220618,080050,26-0,082137,25-25,0521_670-20220618/0521_670-20220618-080050-26-0.json,0521_670-20220618/0521_670-20220618-082137-25-25.json,0521_670-20220618/0521_670-20220618-080050-26-0.txt,0521_670-20220618/0521_670-20220618-082137-25-25.txt
0521,670,20220620,084725,85-0,095008,72-72,0521_670-20220620/0521_670-20220620-084725-85-0.json,0521_670-20220620/0521_670-20220620-095008-72-72.json,0521_670-20220620/0521_670-20220620-084725-85-0.txt,0521_670-20220620/0521_670-20220620-095008-72-72.txt
0521,670,20220621,093436,116-0,112312,114-114,0521_670-20220621/0521_670-20220621-093436-116-0.json,0521_670-20220621/0521_670-20220621-112312-114-114.json,0521_670-20220621/0521_670-20220621-093436-116-0.txt,0521_670-20220621/0521_670-20220621-112312-114-114.txt
0521,670,20220622,093614,85-0,102635,71-71,0521_670-20220622/0521_670-20220622-093614-85-0.json,0521_670-20220622/0521_670-20220622-102635-71-71.json,0521_670-20220622/0521_670-20220622-093614-85-0.txt,0521_670-20220622/0521_670-20220622-102635-71-71.txt
0521,671,20220530,061443,151-0,073945,146-146,0521_671-20220530/0521_671-20220530-061443-151-0.json,0521_671-20220530/0521_671-20220530-073945-146-146.json,0521_671-20220530/0521_671-20220530-061443-151-0.txt,0521_671-20220530/0521_671-20220530-073945-146-146.txt
0521,671,20220531,062316,124-0,073439,111-111,0521_671-20220531/0521_671-20220531-062316-124-0.json,0521_671-20220531/0521_671-20220531-073439-111-111.json,0521_671-20220531/0521_671-20220531-062316-124-0.txt,0521_671-20220531/0521_671-20220531-073439-111-111.txt
0521,671,20220601,061457,111-0,071843,102-102,0521_671-20220601/0521_671-20220601-061457-111-0.json,0521_671-20220601/0521_671-20220601-071843-102-102.json,0521_671-20220601/0521_671-20220601-061457-111-0.txt,0521_671-20220601/0521_671-20220601-071843-102-102.txt
0521,671,20220602,060959,113-0,071419,103-103,0521_671-20220602/0521_671-20220602-060959-113-0.json,0521_671-20220602/0521_671-20220602-071419-103-103.json,0521_671-20220602/0521_671-20220602-060959-113-0.txt,0521_671-20220602/0521_671-20220602-071419-103-103.txt
0521,671,20220603,061645,91-0,071311,80-80,0521_671-20220603/0521_671-20220603-061645-91-0.json,0521_671-20220603/0521_671-20220603-071311-80-80.json,0521_671-20220603/0521_671-20220603-061645-91-0.txt,0521_671-20220603/0521_671-20220603-071311-80-80.txt
0521,671,20220607,061028,92-0,071028,87-87,0521_671-20220607/0521_671-20220607-061028-92-0.json,0521_671-20220607/0521_671-20220607-071028-87-87.json,0521_671-20220607/0521_671-20220607-061028-92-0.txt,0521_671-20220607/0521_671-20220607-071028-87-87.txt
0521,671,20220608,062738,121-0,073927,119-119,0521_671-20220608/0521_671-20220608-062738-121-0.json,0521_671-20220608/0521_671-20220608-073927-119-119.json,0521_671-20220608/0521_671-20220608-062738-121-0.txt,0521_671-20220608/0521_671-20220608-073927-119-119.txt
0521,671,20220609,064828,145-0,065644,129-129,0521_671-20220609/0521_671-20220609-064828-145-0.json,0521_671-20220609/0521_671-20220609-065644-129-129.json,0521_671-20220609/0521_671-20220609-064828-145-0.txt,0521_671-20220609/0521_671-20220609-065644-129-129.txt
0521,671,20220610,063140,128-0,064211,119-119,0521_671-20220610/0521_671-20220610-063140-128-0.json,0521_671-20220610/0521_671-20220610-064211-119-119.json,0521_671-20220610/0521_671-20220610-063140-128-0.txt,0521_671-20220610/0521_671-20220610-064211-119-119.txt
0521,671,20220611,065837,18-0,071534,18-18,0521_671-20220611/0521_671-20220611-065837-18-0.json,0521_671-20220611/0521_671-20220611-071534-18-18.json,0521_671-20220611/0521_671-20220611-065837-18-0.txt,0521_671-20220611/0521_671-20220611-071534-18-18.txt
0521,671,20220613,065120,148-0,075948,138-138,0521_671-20220613/0521_671-20220613-065120-148-0.json,0521_671-20220613/0521_671-20220613-075948-138-138.json,0521_671-20220613/0521_671-20220613-065120-148-0.txt,0521_671-20220613/0521_671-20220613-075948-138-138.txt
0521,671,20220614,062513,133-0,074145,126-126,0521_671-20220614/0521_671-20220614-062513-133-0.json,0521_671-20220614/0521_671-20220614-074145-126-126.json,0521_671-20220614/0521_671-20220614-062513-133-0.txt,0521_671-20220614/0521_671-20220614-074145-126-126.txt
0521,671,20220615,064730,111-0,074749,106-106,0521_671-20220615/0521_671-20220615-064730-111-0.json,0521_671-20220615/0521_671-20220615-074749-106-106.json,0521_671-20220615/0521_671-20220615-064730-111-0.txt,0521_671-20220615/0521_671-20220615-074749-106-106.txt
0521,671,20220616,063141,151-0,074956,114-114,0521_671-20220616/0521_671-20220616-063141-151-0.json,0521_671-20220616/0521_671-20220616-074956-114-114.json,0521_671-20220616/0521_671-20220616-063141-151-0.txt,0521_671-20220616/0521_671-20220616-074956-114-114.txt
0521,671,20220617,062139,90-0,072054,83-83,0521_671-20220617/0521_671-20220617-062139-90-0.json,0521_671-20220617/0521_671-20220617-072054-83-83.json,0521_671-20220617/0521_671-20220617-062139-90-0.txt,0521_671-20220617/0521_671-20220617-072054-83-83.txt
0521,671,20220618,104524,19-0,105316,19-19,0521_671-20220618/0521_671-20220618-104524-19-0.json,0521_671-20220618/0521_671-20220618-105316-19-19.json,0521_671-20220618/0521_671-20220618-104524-19-0.txt,0521_671-20220618/0521_671-20220618-105316-19-19.txt
0521,671,20220620,060341,101-0,061021,94-94,0521_671-20220620/0521_671-20220620-060341-101-0.json,0521_671-20220620/0521_671-20220620-061021-94-94.json,0521_671-20220620/0521_671-20220620-060341-101-0.txt,0521_671-20220620/0521_671-20220620-061021-94-94.txt
0521,671,20220621,065937,126-0,082255,120-120,0521_671-20220621/0521_671-20220621-065937-126-0.json,0521_671-20220621/0521_671-20220621-082255-120-120.json,0521_671-20220621/0521_671-20220621-065937-126-0.txt,0521_671-20220621/0521_671-20220621-082255-120-120.txt
0521,671,20220622,063153,114-0,074416,110-110,0521_671-20220622/0521_671-20220622-063153-114-0.json,0521_671-20220622/0521_671-20220622-074416-110-110.json,0521_671-20220622/0521_671-20220622-063153-114-0.txt,0521_671-20220622/0521_671-20220622-074416-110-110.txt
0521,672,20220530,084741,130-0,084741,130-0,0521_672-20220530/0521_672-20220530-084741-130-0.json,0521_672-20220530/0521_672-20220530-084741-130-0.json,0521_672-20220530/0521_672-20220530-084741-130-0.txt,0521_672-20220530/0521_672-20220530-084741-130-0.txt
0521,672,20220531,090950,159-0,105642,157-157,0521_672-20220531/0521_672-20220531-090950-159-0.json,0521_672-20220531/0521_672-20220531-105642-157-157.json,0521_672-20220531/0521_672-20220531-090950-159-0.txt,0521_672-20220531/0521_672-20220531-105642-157-157.txt
0521,672,20220601,085300,118-0,095652,115-115,0521_672-20220601/0521_672-20220601-085300-118-0.json,0521_672-20220601/0521_672-20220601-095652-115-115.json,0521_672-20220601/0521_672-20220601-085300-118-0.txt,0521_672-20220601/0521_672-20220601-095652-115-115.txt
0521,672,20220602,083714,105-0,091330,103-103,0521_672-20220602/0521_672-20220602-083714-105-0.json,0521_672-20220602/0521_672-20220602-091330-103-103.json,0521_672-20220602/0521_672-20220602-083714-105-0.txt,0521_672-20220602/0521_672-20220602-091330-103-103.txt
0521,672,20220603,083510,101-0,092010,97-97,0521_672-20220603/0521_672-20220603-083510-101-0.json,0521_672-20220603/0521_672-20220603-092010-97-97.json,0521_672-20220603/0521_672-20220603-083510-101-0.txt,0521_672-20220603/0521_672-20220603-092010-97-97.txt
0521,672,20220607,083612,82-0,091608,81-81,0521_672-20220607/0521_672-20220607-083612-82-0.json,0521_672-20220607/0521_672-20220607-091608-81-81.json,0521_672-20220607/0521_672-20220607-083612-82-0.txt,0521_672-20220607/0521_672-20220607-091608-81-81.txt
0521,672,20220608,084648,143-0,100523,145-145,0521_672-20220608/0521_672-20220608-084648-143-0.json,0521_672-20220608/0521_672-20220608-100523-145-145.json,0521_672-20220608/0521_672-20220608-084648-143-0.txt,0521_672-20220608/0521_672-20220608-100523-145-145.txt
0521,672,20220609,084256,122-0,094447,122-122,0521_672-20220609/0521_672-20220609-084256-122-0.json,0521_672-20220609/0521_672-20220609-094447-122-122.json,0521_672-20220609/0521_672-20220609-084256-122-0.txt,0521_672-20220609/0521_672-20220609-094447-122-122.txt
0521,672,20220610,084118,104-0,093934,101-101,0521_672-20220610/0521_672-20220610-084118-104-0.json,0521_672-20220610/0521_672-20220610-093934-101-101.json,0521_672-20220610/0521_672-20220610-084118-104-0.txt,0521_672-20220610/0521_672-20220610-093934-101-101.txt
0521,672,20220613,084041,108-0,093023,104-104,0521_672-20220613/0521_672-20220613-084041-108-0.json,0521_672-20220613/0521_672-20220613-093023-104-104.json,0521_672-20220613/0521_672-20220613-084041-108-0.txt,0521_672-20220613/0521_672-20220613-093023-104-104.txt
0521,672,20220614,083109,114-0,093808,110-110,0521_672-20220614/0521_672-20220614-083109-114-0.json,0521_672-20220614/0521_672-20220614-093808-110-110.json,0521_672-20220614/0521_672-20220614-083109-114-0.txt,0521_672-20220614/0521_672-20220614-093808-110-110.txt
0521,672,20220615,083227,117-0,094513,118-118,0521_672-20220615/0521_672-20220615-083227-117-0.json,0521_672-20220615/0521_672-20220615-094513-118-118.json,0521_672-20220615/0521_672-20220615-083227-117-0.txt,0521_672-20220615/0521_672-20220615-094513-118-118.txt
0521,672,20220616,085358,108-0,095237,108-108,0521_672-20220616/0521_672-20220616-085358-108-0.json,0521_672-20220616/0521_672-20220616-095237-108-108.json,0521_672-20220616/0521_672-20220616-085358-108-0.txt,0521_672-20220616/0521_672-20220616-095237-108-108.txt
0521,672,20220617,090546,90-0,095554,87-87,0521_672-20220617/0521_672-20220617-090546-90-0.json,0521_672-20220617/0521_672-20220617-095554-87-87.json,0521_672-20220617/0521_672-20220617-090546-90-0.txt,0521_672-20220617/0521_672-20220617-095554-87-87.txt
0521,672,20220620,100205,80-0,103205,77-77,0521_672-20220620/0521_672-20220620-100205-80-0.json,0521_672-20220620/0521_672-20220620-103205-77-77.json,0521_672-20220620/0521_672-20220620-100205-80-0.txt,0521_672-20220620/0521_672-20220620-103205-77-77.txt
0521,672,20220621,095052,120-0,110340,118-118,0521_672-20220621/0521_672-20220621-095052-120-0.json,0521_672-20220621/0521_672-20220621-110340-118-118.json,0521_672-20220621/0521_672-20220621-095052-120-0.txt,0521_672-20220621/0521_672-20220621-110340-118-118.txt
0521,672,20220622,083303,94-0,090623,89-89,0521_672-20220622/0521_672-20220622-083303-94-0.json,0521_672-20220622/0521_672-20220622-090623-89-89.json,0521_672-20220622/0521_672-20220622-083303-94-0.txt,0521_672-20220622/0521_672-20220622-090623-89-89.txt
0521,673,20220530,082237,81-0,082412,83-0,0521_673-20220530/0521_673-20220530-082237-81-0.json,0521_673-20220530/0521_673-20220530-082412-83-0.json,0521_673-20220530/0521_673-20220530-082237-81-0.txt,0521_673-20220530/0521_673-20220530-082412-83-0.txt
0521,673,20220531,091855,146-0,112656,130-130,0521_673-20220531/0521_673-20220531-091855-146-0.json,0521_673-20220531/0521_673-20220531-112656-130-130.json,0521_673-20220531/0521_673-20220531-091855-146-0.txt,0521_673-20220531/0521_673-20220531-112656-130-130.txt
0521,673,20220601,093154,127-0,103443,120-120,0521_673-20220601/0521_673-20220601-093154-127-0.json,0521_673-20220601/0521_673-20220601-103443-120-120.json,0521_673-20220601/0521_673-20220601-093154-127-0.txt,0521_673-20220601/0521_673-20220601-103443-120-120.txt
0521,673,20220602,081747,101-0,092108,95-95,0521_673-20220602/0521_673-20220602-081747-101-0.json,0521_673-20220602/0521_673-20220602-092108-95-95.json,0521_673-20220602/0521_673-20220602-081747-101-0.txt,0521_673-20220602/0521_673-20220602-092108-95-95.txt
0521,673,20220603,085130,87-0,100541,78-78,0521_673-20220603/0521_673-20220603-085130-87-0.json,0521_673-20220603/0521_673-20220603-100541-78-78.json,0521_673-20220603/0521_673-20220603-085130-87-0.txt,0521_673-20220603/0521_673-20220603-100541-78-78.txt
0521,673,20220604,063158,102-0,073946,101-101,0521_673-20220604/0521_673-20220604-063158-102-0.json,0521_673-20220604/0521_673-20220604-073946-101-101.json,0521_673-20220604/0521_673-20220604-063158-102-0.txt,0521_673-20220604/0521_673-20220604-073946-101-101.txt
0521,673,20220607,085119,81-0,094549,79-78,0521_673-20220607/0521_673-20220607-085119-81-0.json,0521_673-20220607/0521_673-20220607-094549-79-78.json,0521_673-20220607/0521_673-20220607-085119-81-0.txt,0521_673-20220607/0521_673-20220607-094549-79-78.txt
0521,673,20220608,083400,104-0,093233,111-111,0521_673-20220608/0521_673-20220608-083400-104-0.json,0521_673-20220608/0521_673-20220608-093233-111-111.json,0521_673-20220608/0521_673-20220608-083400-104-0.txt,0521_673-20220608/0521_673-20220608-093233-111-111.txt
0521,673,20220609,085314,119-0,094808,112-112,0521_673-20220609/0521_673-20220609-085314-119-0.json,0521_673-20220609/0521_673-20220609-094808-112-112.json,0521_673-20220609/0521_673-20220609-085314-119-0.txt,0521_673-20220609/0521_673-20220609-094808-112-112.txt
0521,673,20220610,085736,114-0,094847,108-108,0521_673-20220610/0521_673-20220610-085736-114-0.json,0521_673-20220610/0521_673-20220610-094847-108-108.json,0521_673-20220610/0521_673-20220610-085736-114-0.txt,0521_673-20220610/0521_673-20220610-094847-108-108.txt
0521,673,20220611,064453,43-0,072253,26-25,0521_673-20220611/0521_673-20220611-064453-43-0.json,0521_673-20220611/0521_673-20220611-072253-26-25.json,0521_673-20220611/0521_673-20220611-064453-43-0.txt,0521_673-20220611/0521_673-20220611-072253-26-25.txt
0521,673,20220613,082418,90-0,085813,74-74,0521_673-20220613/0521_673-20220613-082418-90-0.json,0521_673-20220613/0521_673-20220613-085813-74-74.json,0521_673-20220613/0521_673-20220613-082418-90-0.txt,0521_673-20220613/0521_673-20220613-085813-74-74.txt
0521,673,20220614,092726,116-0,100554,107-107,0521_673-20220614/0521_673-20220614-092726-116-0.json,0521_673-20220614/0521_673-20220614-100554-107-107.json,0521_673-20220614/0521_673-20220614-092726-116-0.txt,0521_673-20220614/0521_673-20220614-100554-107-107.txt
0521,673,20220615,081953,100-0,090754,103-103,0521_673-20220615/0521_673-20220615-081953-100-0.json,0521_673-20220615/0521_673-20220615-090754-103-103.json,0521_673-20220615/0521_673-20220615-081953-100-0.txt,0521_673-20220615/0521_673-20220615-090754-103-103.txt
0521,673,20220616,093439,52-52,103151,49-49,0521_673-20220616/0521_673-20220616-093439-52-52.json,0521_673-20220616/0521_673-20220616-103151-49-49.json,0521_673-20220616/0521_673-20220616-093439-52-52.txt,0521_673-20220616/0521_673-20220616-103151-49-49.txt
0521,673,20220617,085034,94-0,094106,64-64,0521_673-20220617/0521_673-20220617-085034-94-0.json,0521_673-20220617/0521_673-20220617-094106-64-64.json,0521_673-20220617/0521_673-20220617-085034-94-0.txt,0521_673-20220617/0521_673-20220617-094106-64-64.txt
0521,673,20220618,080117,25-0,081731,22-22,0521_673-20220618/0521_673-20220618-080117-25-0.json,0521_673-20220618/0521_673-20220618-081731-22-22.json,0521_673-20220618/0521_673-20220618-080117-25-0.txt,0521_673-20220618/0521_673-20220618-081731-22-22.txt
0521,673,20220621,101348,118-0,111715,74-74,0521_673-20220621/0521_673-20220621-101348-118-0.json,0521_673-20220621/0521_673-20220621-111715-74-74.json,0521_673-20220621/0521_673-20220621-101348-118-0.txt,0521_673-20220621/0521_673-20220621-111715-74-74.txt
0521,673,20220622,085810,80-0,095237,70-70,0521_673-20220622/0521_673-20220622-085810-80-0.json,0521_673-20220622/0521_673-20220622-095237-70-70.json,0521_673-20220622/0521_673-20220622-085810-80-0.txt,0521_673-20220622/0521_673-20220622-095237-70-70.txt
0521,675,20220531,085224,146-0,101312,149-149,0521_675-20220531/0521_675-20220531-085224-146-0.json,0521_675-20220531/0521_675-20220531-101312-149-149.json,0521_675-20220531/0521_675-20220531-085224-146-0.txt,0521_675-20220531/0521_675-20220531-101312-149-149.txt
0521,675,20220601,083029,110-0,095610,119-119,0521_675-20220601/0521_675-20220601-083029-110-0.json,0521_675-20220601/0521_675-20220601-095610-119-119.json,0521_675-20220601/0521_675-20220601-083029-110-0.txt,0521_675-20220601/0521_675-20220601-095610-119-119.txt
0521,675,20220602,085201,26-0,090122,12-11,0521_675-20220602/0521_675-20220602-085201-26-0.json,0521_675-20220602/0521_675-20220602-090122-12-11.json,0521_675-20220602/0521_675-20220602-085201-26-0.txt,0521_675-20220602/0521_675-20220602-090122-12-11.txt
0521,675,20220603,084235,86-0,111753,84-84,0521_675-20220603/0521_675-20220603-084235-86-0.json,0521_675-20220603/0521_675-20220603-111753-84-84.json,0521_675-20220603/0521_675-20220603-084235-86-0.txt,0521_675-20220603/0521_675-20220603-111753-84-84.txt
0521,675,20220608,084756,135-0,100603,133-131,0521_675-20220608/0521_675-20220608-084756-135-0.json,0521_675-20220608/0521_675-20220608-100603-133-131.json,0521_675-20220608/0521_675-20220608-084756-135-0.txt,0521_675-20220608/0521_675-20220608-100603-133-131.txt
0521,675,20220609,082232,90-85,092329,105-105,0521_675-20220609/0521_675-20220609-082232-90-85.json,0521_675-20220609/0521_675-20220609-092329-105-105.json,0521_675-20220609/0521_675-20220609-082232-90-85.txt,0521_675-20220609/0521_675-20220609-092329-105-105.txt
0521,675,20220610,083252,98-0,083503,83-0,0521_675-20220610/0521_675-20220610-083252-98-0.json,0521_675-20220610/0521_675-20220610-083503-83-0.json,0521_675-20220610/0521_675-20220610-083252-98-0.txt,0521_675-20220610/0521_675-20220610-083503-83-0.txt
0521,675,20220613,083255,83-0,100914,82-82,0521_675-20220613/0521_675-20220613-083255-83-0.json,0521_675-20220613/0521_675-20220613-100914-82-82.json,0521_675-20220613/0521_675-20220613-083255-83-0.txt,0521_675-20220613/0521_675-20220613-100914-82-82.txt
0521,675,20220614,092359,102-0,102737,51-51,0521_675-20220614/0521_675-20220614-092359-102-0.json,0521_675-20220614/0521_675-20220614-102737-51-51.json,0521_675-20220614/0521_675-20220614-092359-102-0.txt,0521_675-20220614/0521_675-20220614-102737-51-51.txt
0521,675,20220615,083436,129-0,094648,115-115,0521_675-20220615/0521_675-20220615-083436-129-0.json,0521_675-20220615/0521_675-20220615-094648-115-115.json,0521_675-20220615/0521_675-20220615-083436-129-0.txt,0521_675-20220615/0521_675-20220615-094648-115-115.txt
0521,675,20220616,082636,95-0,095517,73-73,0521_675-20220616/0521_675-20220616-082636-95-0.json,0521_675-20220616/0521_675-20220616-095517-73-73.json,0521_675-20220616/0521_675-20220616-082636-95-0.txt,0521_675-20220616/0521_675-20220616-095517-73-73.txt
0521,675,20220620,090533,87-0,104710,86-86,0521_675-20220620/0521_675-20220620-090533-87-0.json,0521_675-20220620/0521_675-20220620-104710-86-86.json,0521_675-20220620/0521_675-20220620-090533-87-0.txt,0521_675-20220620/0521_675-20220620-104710-86-86.txt
0521,675,20220621,084335,109-0,093704,111-111,0521_675-20220621/0521_675-20220621-084335-109-0.json,0521_675-20220621/0521_675-20220621-093704-111-111.json,0521_675-20220621/0521_675-20220621-084335-109-0.txt,0521_675-20220621/0521_675-20220621-093704-111-111.txt
0521,675,20220622,091040,91-0,102635,103-103,0521_675-20220622/0521_675-20220622-091040-91-0.json,0521_675-20220622/0521_675-20220622-102635-103-103.json,0521_675-20220622/0521_675-20220622-091040-91-0.txt,0521_675-20220622/0521_675-20220622-102635-103-103.txt
0521,676,20220531,091423,188-0,105638,128-128,0521_676-20220531/0521_676-20220531-091423-188-0.json,0521_676-20220531/0521_676-20220531-105638-128-128.json,0521_676-20220531/0521_676-20220531-091423-188-0.txt,0521_676-20220531/0521_676-20220531-105638-128-128.txt
0521,676,20220601,084137,155-0,101319,113-113,0521_676-20220601/0521_676-20220601-084137-155-0.json,0521_676-20220601/0521_676-20220601-101319-113-113.json,0521_676-20220601/0521_676-20220601-084137-155-0.txt,0521_676-20220601/0521_676-20220601-101319-113-113.txt
0521,676,20220602,084343,142-0,102808,111-111,0521_676-20220602/0521_676-20220602-084343-142-0.json,0521_676-20220602/0521_676-20220602-102808-111-111.json,0521_676-20220602/0521_676-20220602-084343-142-0.txt,0521_676-20220602/0521_676-20220602-102808-111-111.txt
0521,676,20220603,084059,124-0,101722,99-99,0521_676-20220603/0521_676-20220603-084059-124-0.json,0521_676-20220603/0521_676-20220603-101722-99-99.json,0521_676-20220603/0521_676-20220603-084059-124-0.txt,0521_676-20220603/0521_676-20220603-101722-99-99.txt
0521,676,20220604,060623,40-0,063441,40-40,0521_676-20220604/0521_676-20220604-060623-40-0.json,0521_676-20220604/0521_676-20220604-063441-40-40.json,0521_676-20220604/0521_676-20220604-060623-40-0.txt,0521_676-20220604/0521_676-20220604-063441-40-40.txt
0521,676,20220610,095331,50-0,101422,50-50,0521_676-20220610/0521_676-20220610-095331-50-0.json,0521_676-20220610/0521_676-20220610-101422-50-50.json,0521_676-20220610/0521_676-20220610-095331-50-0.txt,0521_676-20220610/0521_676-20220610-101422-50-50.txt
0521,676,20220613,085902,152-0,103733,129-129,0521_676-20220613/0521_676-20220613-085902-152-0.json,0521_676-20220613/0521_676-20220613-103733-129-129.json,0521_676-20220613/0521_676-20220613-085902-152-0.txt,0521_676-20220613/0521_676-20220613-103733-129-129.txt
0521,676,20220614,090410,156-0,093633,125-125,0521_676-20220614/0521_676-20220614-090410-156-0.json,0521_676-20220614/0521_676-20220614-093633-125-125.json,0521_676-20220614/0521_676-20220614-090410-156-0.txt,0521_676-20220614/0521_676-20220614-093633-125-125.txt
0521,676,20220615,094425,151-0,110839,125-125,0521_676-20220615/0521_676-20220615-094425-151-0.json,0521_676-20220615/0521_676-20220615-110839-125-125.json,0521_676-20220615/0521_676-20220615-094425-151-0.txt,0521_676-20220615/0521_676-20220615-110839-125-125.txt
0521,676,20220616,082808,118-0,100533,120-120,0521_676-20220616/0521_676-20220616-082808-118-0.json,0521_676-20220616/0521_676-20220616-100533-120-120.json,0521_676-20220616/0521_676-20220616-082808-118-0.txt,0521_676-20220616/0521_676-20220616-100533-120-120.txt
0521,676,20220617,084258,127-0,101207,127-127,0521_676-20220617/0521_676-20220617-084258-127-0.json,0521_676-20220617/0521_676-20220617-101207-127-127.json,0521_676-20220617/0521_676-20220617-084258-127-0.txt,0521_676-20220617/0521_676-20220617-101207-127-127.txt
0521,676,20220618,063037,41-0,063740,41-41,0521_676-20220618/0521_676-20220618-063037-41-0.json,0521_676-20220618/0521_676-20220618-063740-41-41.json,0521_676-20220618/0521_676-20220618-063037-41-0.txt,0521_676-20220618/0521_676-20220618-063740-41-41.txt
0521,676,20220620,082712,111-0,094150,110-110,0521_676-20220620/0521_676-20220620-082712-111-0.json,0521_676-20220620/0521_676-20220620-094150-110-110.json,0521_676-20220620/0521_676-20220620-082712-111-0.txt,0521_676-20220620/0521_676-20220620-094150-110-110.txt
0521,676,20220621,084930,141-0,102141,139-139,0521_676-20220621/0521_676-20220621-084930-141-0.json,0521_676-20220621/0521_676-20220621-102141-139-139.json,0521_676-20220621/0521_676-20220621-084930-141-0.txt,0521_676-20220621/0521_676-20220621-102141-139-139.txt
0521,676,20220622,084827,158-0,102132,117-117,0521_676-20220622/0521_676-20220622-084827-158-0.json,0521_676-20220622/0521_676-20220622-102132-117-117.json,0521_676-20220622/0521_676-20220622-084827-158-0.txt,0521_676-20220622/0521_676-20220622-102132-117-117.txt
0521,677,20220531,053152,182-0,053152,182-0,0521_677-20220531/0521_677-20220531-053152-182-0.json,0521_677-20220531/0521_677-20220531-053152-182-0.json,0521_677-20220531/0521_677-20220531-053152-182-0.txt,0521_677-20220531/0521_677-20220531-053152-182-0.txt
0521,677,20220602,051112,157-0,051112,157-0,0521_677-20220602/0521_677-20220602-051112-157-0.json,0521_677-20220602/0521_677-20220602-051112-157-0.json,0521_677-20220602/0521_677-20220602-051112-157-0.txt,0521_677-20220602/0521_677-20220602-051112-157-0.txt
0521,677,20220603,055108,128-0,055108,128-0,0521_677-20220603/0521_677-20220603-055108-128-0.json,0521_677-20220603/0521_677-20220603-055108-128-0.json,0521_677-20220603/0521_677-20220603-055108-128-0.txt,0521_677-20220603/0521_677-20220603-055108-128-0.txt
0521,677,20220607,062227,114-0,072129,111-111,0521_677-20220607/0521_677-20220607-062227-114-0.json,0521_677-20220607/0521_677-20220607-072129-111-111.json,0521_677-20220607/0521_677-20220607-062227-114-0.txt,0521_677-20220607/0521_677-20220607-072129-111-111.txt
0521,677,20220608,055915,164-0,072557,134-134,0521_677-20220608/0521_677-20220608-055915-164-0.json,0521_677-20220608/0521_677-20220608-072557-134-134.json,0521_677-20220608/0521_677-20220608-055915-164-0.txt,0521_677-20220608/0521_677-20220608-072557-134-134.txt
0521,677,20220609,060153,168-0,071750,130-130,0521_677-20220609/0521_677-20220609-060153-168-0.json,0521_677-20220609/0521_677-20220609-071750-130-130.json,0521_677-20220609/0521_677-20220609-060153-168-0.txt,0521_677-20220609/0521_677-20220609-071750-130-130.txt
0521,677,20220610,060545,133-133,072207,133-133,0521_677-20220610/0521_677-20220610-060545-133-133.json,0521_677-20220610/0521_677-20220610-072207-133-133.json,0521_677-20220610/0521_677-20220610-060545-133-133.txt,0521_677-20220610/0521_677-20220610-072207-133-133.txt
0521,677,20220611,061502,46-0,065530,42-42,0521_677-20220611/0521_677-20220611-061502-46-0.json,0521_677-20220611/0521_677-20220611-065530-42-42.json,0521_677-20220611/0521_677-20220611-061502-46-0.txt,0521_677-20220611/0521_677-20220611-065530-42-42.txt
0521,677,20220613,060938,98-0,062633,95-95,0521_677-20220613/0521_677-20220613-060938-98-0.json,0521_677-20220613/0521_677-20220613-062633-95-95.json,0521_677-20220613/0521_677-20220613-060938-98-0.txt,0521_677-20220613/0521_677-20220613-062633-95-95.txt
0521,677,20220614,062546,154-0,111950,53-53,0521_677-20220614/0521_677-20220614-062546-154-0.json,0521_677-20220614/0521_677-20220614-111950-53-53.json,0521_677-20220614/0521_677-20220614-062546-154-0.txt,0521_677-20220614/0521_677-20220614-111950-53-53.txt
0521,677,20220615,060313,158-0,072824,126-126,0521_677-20220615/0521_677-20220615-060313-158-0.json,0521_677-20220615/0521_677-20220615-072824-126-126.json,0521_677-20220615/0521_677-20220615-060313-158-0.txt,0521_677-20220615/0521_677-20220615-072824-126-126.txt
0521,678,20220530,062253,101-101,065918,101-101,0521_678-20220530/0521_678-20220530-062253-101-101.json,0521_678-20220530/0521_678-20220530-065918-101-101.json,0521_678-20220530/0521_678-20220530-062253-101-101.txt,0521_678-20220530/0521_678-20220530-065918-101-101.txt
0521,678,20220531,061352,191-0,071644,124-124,0521_678-20220531/0521_678-20220531-061352-191-0.json,0521_678-20220531/0521_678-20220531-071644-124-124.json,0521_678-20220531/0521_678-20220531-061352-191-0.txt,0521_678-20220531/0521_678-20220531-071644-124-124.txt
0521,678,20220601,061612,202-0,070037,119-119,0521_678-20220601/0521_678-20220601-061612-202-0.json,0521_678-20220601/0521_678-20220601-070037-119-119.json,0521_678-20220601/0521_678-20220601-061612-202-0.txt,0521_678-20220601/0521_678-20220601-070037-119-119.txt
0521,678,20220602,054142,153-0,064611,120-120,0521_678-20220602/0521_678-20220602-054142-153-0.json,0521_678-20220602/0521_678-20220602-064611-120-120.json,0521_678-20220602/0521_678-20220602-054142-153-0.txt,0521_678-20220602/0521_678-20220602-064611-120-120.txt
0521,678,20220603,055849,123-0,064244,88-88,0521_678-20220603/0521_678-20220603-055849-123-0.json,0521_678-20220603/0521_678-20220603-064244-88-88.json,0521_678-20220603/0521_678-20220603-055849-123-0.txt,0521_678-20220603/0521_678-20220603-064244-88-88.txt
0521,678,20220607,061218,104-0,065609,54-54,0521_678-20220607/0521_678-20220607-061218-104-0.json,0521_678-20220607/0521_678-20220607-065609-54-54.json,0521_678-20220607/0521_678-20220607-061218-104-0.txt,0521_678-20220607/0521_678-20220607-065609-54-54.txt
0521,678,20220608,055248,134-0,070630,105-105,0521_678-20220608/0521_678-20220608-055248-134-0.json,0521_678-20220608/0521_678-20220608-070630-105-105.json,0521_678-20220608/0521_678-20220608-055248-134-0.txt,0521_678-20220608/0521_678-20220608-070630-105-105.txt
0521,678,20220609,055804,143-0,070824,106-106,0521_678-20220609/0521_678-20220609-055804-143-0.json,0521_678-20220609/0521_678-20220609-070824-106-106.json,0521_678-20220609/0521_678-20220609-055804-143-0.txt,0521_678-20220609/0521_678-20220609-070824-106-106.txt
0521,678,20220610,055808,177-0,071403,116-116,0521_678-20220610/0521_678-20220610-055808-177-0.json,0521_678-20220610/0521_678-20220610-071403-116-116.json,0521_678-20220610/0521_678-20220610-055808-177-0.txt,0521_678-20220610/0521_678-20220610-071403-116-116.txt
0521,678,20220611,060629,37-0,065148,37-37,0521_678-20220611/0521_678-20220611-060629-37-0.json,0521_678-20220611/0521_678-20220611-065148-37-37.json,0521_678-20220611/0521_678-20220611-060629-37-0.txt,0521_678-20220611/0521_678-20220611-065148-37-37.txt
0521,678,20220613,064430,124-0,064957,70-70,0521_678-20220613/0521_678-20220613-064430-124-0.json,0521_678-20220613/0521_678-20220613-064957-70-70.json,0521_678-20220613/0521_678-20220613-064430-124-0.txt,0521_678-20220613/0521_678-20220613-064957-70-70.txt
0521,678,20220614,055509,144-0,072742,108-108,0521_678-20220614/0521_678-20220614-055509-144-0.json,0521_678-20220614/0521_678-20220614-072742-108-108.json,0521_678-20220614/0521_678-20220614-055509-144-0.txt,0521_678-20220614/0521_678-20220614-072742-108-108.txt
0521,678,20220615,060058,145-0,070840,116-116,0521_678-20220615/0521_678-20220615-060058-145-0.json,0521_678-20220615/0521_678-20220615-070840-116-116.json,0521_678-20220615/0521_678-20220615-060058-145-0.txt,0521_678-20220615/0521_678-20220615-070840-116-116.txt
0521,678,20220616,060018,138-0,064901,91-91,0521_678-20220616/0521_678-20220616-060018-138-0.json,0521_678-20220616/0521_678-20220616-064901-91-91.json,0521_678-20220616/0521_678-20220616-060018-138-0.txt,0521_678-20220616/0521_678-20220616-064901-91-91.txt
0521,678,20220617,055954,120-0,065705,98-98,0521_678-20220617/0521_678-20220617-055954-120-0.json,0521_678-20220617/0521_678-20220617-065705-98-98.json,0521_678-20220617/0521_678-20220617-055954-120-0.txt,0521_678-20220617/0521_678-20220617-065705-98-98.txt
0521,678,20220620,054453,103-0,064519,69-69,0521_678-20220620/0521_678-20220620-054453-103-0.json,0521_678-20220620/0521_678-20220620-064519-69-69.json,0521_678-20220620/0521_678-20220620-054453-103-0.txt,0521_678-20220620/0521_678-20220620-064519-69-69.txt
0521,678,20220621,061225,157-0,062122,82-82,0521_678-20220621/0521_678-20220621-061225-157-0.json,0521_678-20220621/0521_678-20220621-062122-82-82.json,0521_678-20220621/0521_678-20220621-061225-157-0.txt,0521_678-20220621/0521_678-20220621-062122-82-82.txt
0521,678,20220622,061315,169-0,065239,96-96,0521_678-20220622/0521_678-20220622-061315-169-0.json,0521_678-20220622/0521_678-20220622-065239-96-96.json,0521_678-20220622/0521_678-20220622-061315-169-0.txt,0521_678-20220622/0521_678-20220622-065239-96-96.txt
0521,679,20220530,062218,128-128,062218,128-128,0521_679-20220530/0521_679-20220530-062218-128-128.json,0521_679-20220530/0521_679-20220530-062218-128-128.json,0521_679-20220530/0521_679-20220530-062218-128-128.txt,0521_679-20220530/0521_679-20220530-062218-128-128.txt
0521,679,20220531,061517,179-0,074245,134-134,0521_679-20220531/0521_679-20220531-061517-179-0.json,0521_679-20220531/0521_679-20220531-074245-134-134.json,0521_679-20220531/0521_679-20220531-061517-179-0.txt,0521_679-20220531/0521_679-20220531-074245-134-134.txt
0521,679,20220601,061812,163-0,072122,125-125,0521_679-20220601/0521_679-20220601-061812-163-0.json,0521_679-20220601/0521_679-20220601-072122-125-125.json,0521_679-20220601/0521_679-20220601-061812-163-0.txt,0521_679-20220601/0521_679-20220601-072122-125-125.txt
0521,679,20220602,055541,161-0,071720,131-131,0521_679-20220602/0521_679-20220602-055541-161-0.json,0521_679-20220602/0521_679-20220602-071720-131-131.json,0521_679-20220602/0521_679-20220602-055541-161-0.txt,0521_679-20220602/0521_679-20220602-071720-131-131.txt
0521,679,20220603,055122,116-0,065153,117-117,0521_679-20220603/0521_679-20220603-055122-116-0.json,0521_679-20220603/0521_679-20220603-065153-117-117.json,0521_679-20220603/0521_679-20220603-055122-116-0.txt,0521_679-20220603/0521_679-20220603-065153-117-117.txt
0521,679,20220604,062925,56-0,065952,56-56,0521_679-20220604/0521_679-20220604-062925-56-0.json,0521_679-20220604/0521_679-20220604-065952-56-56.json,0521_679-20220604/0521_679-20220604-062925-56-0.txt,0521_679-20220604/0521_679-20220604-065952-56-56.txt
0521,679,20220607,055624,61-0,065822,60-60,0521_679-20220607/0521_679-20220607-055624-61-0.json,0521_679-20220607/0521_679-20220607-065822-60-60.json,0521_679-20220607/0521_679-20220607-055624-61-0.txt,0521_679-20220607/0521_679-20220607-065822-60-60.txt
0521,679,20220608,060049,159-0,071107,129-129,0521_679-20220608/0521_679-20220608-060049-159-0.json,0521_679-20220608/0521_679-20220608-071107-129-129.json,0521_679-20220608/0521_679-20220608-060049-159-0.txt,0521_679-20220608/0521_679-20220608-071107-129-129.txt
0521,679,20220609,060559,140-0,071239,128-128,0521_679-20220609/0521_679-20220609-060559-140-0.json,0521_679-20220609/0521_679-20220609-071239-128-128.json,0521_679-20220609/0521_679-20220609-060559-140-0.txt,0521_679-20220609/0521_679-20220609-071239-128-128.txt
0521,679,20220610,060232,155-0,073345,131-131,0521_679-20220610/0521_679-20220610-060232-155-0.json,0521_679-20220610/0521_679-20220610-073345-131-131.json,0521_679-20220610/0521_679-20220610-060232-155-0.txt,0521_679-20220610/0521_679-20220610-073345-131-131.txt
0521,679,20220611,060926,46-0,063743,46-46,0521_679-20220611/0521_679-20220611-060926-46-0.json,0521_679-20220611/0521_679-20220611-063743-46-46.json,0521_679-20220611/0521_679-20220611-060926-46-0.txt,0521_679-20220611/0521_679-20220611-063743-46-46.txt
0521,679,20220613,060733,140-0,072506,126-126,0521_679-20220613/0521_679-20220613-060733-140-0.json,0521_679-20220613/0521_679-20220613-072506-126-126.json,0521_679-20220613/0521_679-20220613-060733-140-0.txt,0521_679-20220613/0521_679-20220613-072506-126-126.txt
0521,679,20220614,055559,158-0,075409,139-139,0521_679-20220614/0521_679-20220614-055559-158-0.json,0521_679-20220614/0521_679-20220614-075409-139-139.json,0521_679-20220614/0521_679-20220614-055559-158-0.txt,0521_679-20220614/0521_679-20220614-075409-139-139.txt
0521,679,20220615,060836,135-0,072713,135-135,0521_679-20220615/0521_679-20220615-060836-135-0.json,0521_679-20220615/0521_679-20220615-072713-135-135.json,0521_679-20220615/0521_679-20220615-060836-135-0.txt,0521_679-20220615/0521_679-20220615-072713-135-135.txt
0521,679,20220616,060644,123-0,071652,123-123,0521_679-20220616/0521_679-20220616-060644-123-0.json,0521_679-20220616/0521_679-20220616-071652-123-123.json,0521_679-20220616/0521_679-20220616-060644-123-0.txt,0521_679-20220616/0521_679-20220616-071652-123-123.txt
0521,679,20220617,060017,127-0,072827,123-123,0521_679-20220617/0521_679-20220617-060017-127-0.json,0521_679-20220617/0521_679-20220617-072827-123-123.json,0521_679-20220617/0521_679-20220617-060017-127-0.txt,0521_679-20220617/0521_679-20220617-072827-123-123.txt
0521,679,20220620,061209,112-0,071204,113-113,0521_679-20220620/0521_679-20220620-061209-112-0.json,0521_679-20220620/0521_679-20220620-071204-113-113.json,0521_679-20220620/0521_679-20220620-061209-112-0.txt,0521_679-20220620/0521_679-20220620-071204-113-113.txt
0521,679,20220621,061114,140-0,072416,140-140,0521_679-20220621/0521_679-20220621-061114-140-0.json,0521_679-20220621/0521_679-20220621-072416-140-140.json,0521_679-20220621/0521_679-20220621-061114-140-0.txt,0521_679-20220621/0521_679-20220621-072416-140-140.txt
0521,679,20220622,060445,155-0,072209,135-135,0521_679-20220622/0521_679-20220622-060445-155-0.json,0521_679-20220622/0521_679-20220622-072209-135-135.json,0521_679-20220622/0521_679-20220622-060445-155-0.txt,0521_679-20220622/0521_679-20220622-072209-135-135.txt
0521,680,20220531,093648,139-0,110657,137-137,0521_680-20220531/0521_680-20220531-093648-139-0.json,0521_680-20220531/0521_680-20220531-110657-137-137.json,0521_680-20220531/0521_680-20220531-093648-139-0.txt,0521_680-20220531/0521_680-20220531-110657-137-137.txt
0521,680,20220601,090937,117-0,101701,116-116,0521_680-20220601/0521_680-20220601-090937-117-0.json,0521_680-20220601/0521_680-20220601-101701-116-116.json,0521_680-20220601/0521_680-20220601-090937-117-0.txt,0521_680-20220601/0521_680-20220601-101701-116-116.txt
0521,680,20220602,090048,119-0,100814,120-120,0521_680-20220602/0521_680-20220602-090048-119-0.json,0521_680-20220602/0521_680-20220602-100814-120-120.json,0521_680-20220602/0521_680-20220602-090048-119-0.txt,0521_680-20220602/0521_680-20220602-100814-120-120.txt
0521,680,20220603,084646,111-0,100225,111-111,0521_680-20220603/0521_680-20220603-084646-111-0.json,0521_680-20220603/0521_680-20220603-100225-111-111.json,0521_680-20220603/0521_680-20220603-084646-111-0.txt,0521_680-20220603/0521_680-20220603-100225-111-111.txt
0521,680,20220607,105314,90-0,114519,90-90,0521_680-20220607/0521_680-20220607-105314-90-0.json,0521_680-20220607/0521_680-20220607-114519-90-90.json,0521_680-20220607/0521_680-20220607-105314-90-0.txt,0521_680-20220607/0521_680-20220607-114519-90-90.txt
0521,680,20220608,090506,115-0,103206,114-114,0521_680-20220608/0521_680-20220608-090506-115-0.json,0521_680-20220608/0521_680-20220608-103206-114-114.json,0521_680-20220608/0521_680-20220608-090506-115-0.txt,0521_680-20220608/0521_680-20220608-103206-114-114.txt
0521,680,20220609,085306,138-0,104517,140-140,0521_680-20220609/0521_680-20220609-085306-138-0.json,0521_680-20220609/0521_680-20220609-104517-140-140.json,0521_680-20220609/0521_680-20220609-085306-138-0.txt,0521_680-20220609/0521_680-20220609-104517-140-140.txt
0521,680,20220610,092419,143-0,105619,143-143,0521_680-20220610/0521_680-20220610-092419-143-0.json,0521_680-20220610/0521_680-20220610-105619-143-143.json,0521_680-20220610/0521_680-20220610-092419-143-0.txt,0521_680-20220610/0521_680-20220610-105619-143-143.txt
0521,680,20220611,071119,42-0,095034,40-40,0521_680-20220611/0521_680-20220611-071119-42-0.json,0521_680-20220611/0521_680-20220611-095034-40-40.json,0521_680-20220611/0521_680-20220611-071119-42-0.txt,0521_680-20220611/0521_680-20220611-095034-40-40.txt
0521,680,20220613,101257,102-0,111529,96-96,0521_680-20220613/0521_680-20220613-101257-102-0.json,0521_680-20220613/0521_680-20220613-111529-96-96.json,0521_680-20220613/0521_680-20220613-101257-102-0.txt,0521_680-20220613/0521_680-20220613-111529-96-96.txt
0521,680,20220614,093119,110-0,102022,105-105,0521_680-20220614/0521_680-20220614-093119-110-0.json,0521_680-20220614/0521_680-20220614-102022-105-105.json,0521_680-20220614/0521_680-20220614-093119-110-0.txt,0521_680-20220614/0521_680-20220614-102022-105-105.txt
0521,680,20220615,085949,124-0,101439,126-126,0521_680-20220615/0521_680-20220615-085949-124-0.json,0521_680-20220615/0521_680-20220615-101439-126-126.json,0521_680-20220615/0521_680-20220615-085949-124-0.txt,0521_680-20220615/0521_680-20220615-101439-126-126.txt
0521,680,20220616,091006,117-0,101728,117-117,0521_680-20220616/0521_680-20220616-091006-117-0.json,0521_680-20220616/0521_680-20220616-101728-117-117.json,0521_680-20220616/0521_680-20220616-091006-117-0.txt,0521_680-20220616/0521_680-20220616-101728-117-117.txt
0521,680,20220617,094858,95-0,103819,95-95,0521_680-20220617/0521_680-20220617-094858-95-0.json,0521_680-20220617/0521_680-20220617-103819-95-95.json,0521_680-20220617/0521_680-20220617-094858-95-0.txt,0521_680-20220617/0521_680-20220617-103819-95-95.txt
0521,680,20220620,084554,73-0,095303,72-72,0521_680-20220620/0521_680-20220620-084554-73-0.json,0521_680-20220620/0521_680-20220620-095303-72-72.json,0521_680-20220620/0521_680-20220620-084554-73-0.txt,0521_680-20220620/0521_680-20220620-095303-72-72.txt
0521,680,20220621,091647,126-0,101951,126-126,0521_680-20220621/0521_680-20220621-091647-126-0.json,0521_680-20220621/0521_680-20220621-101951-126-126.json,0521_680-20220621/0521_680-20220621-091647-126-0.txt,0521_680-20220621/0521_680-20220621-101951-126-126.txt
0521,680,20220622,090405,94-0,093833,93-93,0521_680-20220622/0521_680-20220622-090405-94-0.json,0521_680-20220622/0521_680-20220622-093833-93-93.json,0521_680-20220622/0521_680-20220622-090405-94-0.txt,0521_680-20220622/0521_680-20220622-093833-93-93.txt
0521,681,20220530,062315,127-127,064653,127-127,0521_681-20220530/0521_681-20220530-062315-127-127.json,0521_681-20220530/0521_681-20220530-064653-127-127.json,0521_681-20220530/0521_681-20220530-062315-127-127.txt,0521_681-20220530/0521_681-20220530-064653-127-127.txt
0521,681,20220531,054826,134-0,061400,133-133,0521_681-20220531/0521_681-20220531-054826-134-0.json,0521_681-20220531/0521_681-20220531-061400-133-133.json,0521_681-20220531/0521_681-20220531-054826-134-0.txt,0521_681-20220531/0521_681-20220531-061400-133-133.txt
0521,681,20220601,055152,134-0,060358,132-132,0521_681-20220601/0521_681-20220601-055152-134-0.json,0521_681-20220601/0521_681-20220601-060358-132-132.json,0521_681-20220601/0521_681-20220601-055152-134-0.txt,0521_681-20220601/0521_681-20220601-060358-132-132.txt
0521,681,20220602,053842,125-0,064648,133-133,0521_681-20220602/0521_681-20220602-053842-125-0.json,0521_681-20220602/0521_681-20220602-064648-133-133.json,0521_681-20220602/0521_681-20220602-053842-125-0.txt,0521_681-20220602/0521_681-20220602-064648-133-133.txt
0521,681,20220603,054404,108-0,064059,105-105,0521_681-20220603/0521_681-20220603-054404-108-0.json,0521_681-20220603/0521_681-20220603-064059-105-105.json,0521_681-20220603/0521_681-20220603-054404-108-0.txt,0521_681-20220603/0521_681-20220603-064059-105-105.txt
0521,681,20220604,065549,46-0,074048,46-46,0521_681-20220604/0521_681-20220604-065549-46-0.json,0521_681-20220604/0521_681-20220604-074048-46-46.json,0521_681-20220604/0521_681-20220604-065549-46-0.txt,0521_681-20220604/0521_681-20220604-074048-46-46.txt
0521,681,20220607,063816,59-0,104857,62-62,0521_681-20220607/0521_681-20220607-063816-59-0.json,0521_681-20220607/0521_681-20220607-104857-62-62.json,0521_681-20220607/0521_681-20220607-063816-59-0.txt,0521_681-20220607/0521_681-20220607-104857-62-62.txt
0521,681,20220608,064358,140-0,072612,139-139,0521_681-20220608/0521_681-20220608-064358-140-0.json,0521_681-20220608/0521_681-20220608-072612-139-139.json,0521_681-20220608/0521_681-20220608-064358-140-0.txt,0521_681-20220608/0521_681-20220608-072612-139-139.txt
0521,681,20220609,061908,134-0,071849,133-132,0521_681-20220609/0521_681-20220609-061908-134-0.json,0521_681-20220609/0521_681-20220609-071849-133-132.json,0521_681-20220609/0521_681-20220609-061908-134-0.txt,0521_681-20220609/0521_681-20220609-071849-133-132.txt
0521,681,20220610,055706,149-0,063427,143-143,0521_681-20220610/0521_681-20220610-055706-149-0.json,0521_681-20220610/0521_681-20220610-063427-143-143.json,0521_681-20220610/0521_681-20220610-055706-149-0.txt,0521_681-20220610/0521_681-20220610-063427-143-143.txt
0521,681,20220611,071138,17-0,071752,17-17,0521_681-20220611/0521_681-20220611-071138-17-0.json,0521_681-20220611/0521_681-20220611-071752-17-17.json,0521_681-20220611/0521_681-20220611-071138-17-0.txt,0521_681-20220611/0521_681-20220611-071752-17-17.txt
0521,681,20220613,065120,133-0,072715,132-132,0521_681-20220613/0521_681-20220613-065120-133-0.json,0521_681-20220613/0521_681-20220613-072715-132-132.json,0521_681-20220613/0521_681-20220613-065120-133-0.txt,0521_681-20220613/0521_681-20220613-072715-132-132.txt
0521,681,20220614,054817,109-0,073215,118-118,0521_681-20220614/0521_681-20220614-054817-109-0.json,0521_681-20220614/0521_681-20220614-073215-118-118.json,0521_681-20220614/0521_681-20220614-054817-109-0.txt,0521_681-20220614/0521_681-20220614-073215-118-118.txt
0521,681,20220615,060714,123-0,065607,120-120,0521_681-20220615/0521_681-20220615-060714-123-0.json,0521_681-20220615/0521_681-20220615-065607-120-120.json,0521_681-20220615/0521_681-20220615-060714-123-0.txt,0521_681-20220615/0521_681-20220615-065607-120-120.txt
0521,681,20220616,054630,99-0,062432,127-127,0521_681-20220616/0521_681-20220616-054630-99-0.json,0521_681-20220616/0521_681-20220616-062432-127-127.json,0521_681-20220616/0521_681-20220616-054630-99-0.txt,0521_681-20220616/0521_681-20220616-062432-127-127.txt
0521,681,20220617,054750,94-0,065344,103-103,0521_681-20220617/0521_681-20220617-054750-94-0.json,0521_681-20220617/0521_681-20220617-065344-103-103.json,0521_681-20220617/0521_681-20220617-054750-94-0.txt,0521_681-20220617/0521_681-20220617-065344-103-103.txt
0521,681,20220618,055854,15-0,060116,14-14,0521_681-20220618/0521_681-20220618-055854-15-0.json,0521_681-20220618/0521_681-20220618-060116-14-14.json,0521_681-20220618/0521_681-20220618-055854-15-0.txt,0521_681-20220618/0521_681-20220618-060116-14-14.txt
0521,681,20220620,054856,93-0,074524,91-91,0521_681-20220620/0521_681-20220620-054856-93-0.json,0521_681-20220620/0521_681-20220620-074524-91-91.json,0521_681-20220620/0521_681-20220620-054856-93-0.txt,0521_681-20220620/0521_681-20220620-074524-91-91.txt
0521,681,20220621,054003,125-0,063840,122-122,0521_681-20220621/0521_681-20220621-054003-125-0.json,0521_681-20220621/0521_681-20220621-063840-122-122.json,0521_681-20220621/0521_681-20220621-054003-125-0.txt,0521_681-20220621/0521_681-20220621-063840-122-122.txt
0521,681,20220622,054620,106-0,062858,117-117,0521_681-20220622/0521_681-20220622-054620-106-0.json,0521_681-20220622/0521_681-20220622-062858-117-117.json,0521_681-20220622/0521_681-20220622-054620-106-0.txt,0521_681-20220622/0521_681-20220622-062858-117-117.txt
0521,682,20220530,062033,143-139,080203,138-138,0521_682-20220530/0521_682-20220530-062033-143-139.json,0521_682-20220530/0521_682-20220530-080203-138-138.json,0521_682-20220530/0521_682-20220530-062033-143-139.txt,0521_682-20220530/0521_682-20220530-080203-138-138.txt
0521,682,20220531,061300,193-0,075520,133-133,0521_682-20220531/0521_682-20220531-061300-193-0.json,0521_682-20220531/0521_682-20220531-075520-133-133.json,0521_682-20220531/0521_682-20220531-061300-193-0.txt,0521_682-20220531/0521_682-20220531-075520-133-133.txt
0521,682,20220601,054741,208-0,082201,137-137,0521_682-20220601/0521_682-20220601-054741-208-0.json,0521_682-20220601/0521_682-20220601-082201-137-137.json,0521_682-20220601/0521_682-20220601-054741-208-0.txt,0521_682-20220601/0521_682-20220601-082201-137-137.txt
0521,682,20220602,051211,181-0,074900,135-135,0521_682-20220602/0521_682-20220602-051211-181-0.json,0521_682-20220602/0521_682-20220602-074900-135-135.json,0521_682-20220602/0521_682-20220602-051211-181-0.txt,0521_682-20220602/0521_682-20220602-074900-135-135.txt
0521,682,20220603,050407,162-0,073257,130-130,0521_682-20220603/0521_682-20220603-050407-162-0.json,0521_682-20220603/0521_682-20220603-073257-130-130.json,0521_682-20220603/0521_682-20220603-050407-162-0.txt,0521_682-20220603/0521_682-20220603-073257-130-130.txt
0521,682,20220607,052951,143-0,073530,139-139,0521_682-20220607/0521_682-20220607-052951-143-0.json,0521_682-20220607/0521_682-20220607-073530-139-139.json,0521_682-20220607/0521_682-20220607-052951-143-0.txt,0521_682-20220607/0521_682-20220607-073530-139-139.txt
0521,682,20220608,050531,183-0,073627,126-126,0521_682-20220608/0521_682-20220608-050531-183-0.json,0521_682-20220608/0521_682-20220608-073627-126-126.json,0521_682-20220608/0521_682-20220608-050531-183-0.txt,0521_682-20220608/0521_682-20220608-073627-126-126.txt
0521,682,20220609,050429,183-0,072119,117-117,0521_682-20220609/0521_682-20220609-050429-183-0.json,0521_682-20220609/0521_682-20220609-072119-117-117.json,0521_682-20220609/0521_682-20220609-050429-183-0.txt,0521_682-20220609/0521_682-20220609-072119-117-117.txt
0521,682,20220610,062430,178-0,082758,130-130,0521_682-20220610/0521_682-20220610-062430-178-0.json,0521_682-20220610/0521_682-20220610-082758-130-130.json,0521_682-20220610/0521_682-20220610-062430-178-0.txt,0521_682-20220610/0521_682-20220610-082758-130-130.txt
0521,682,20220613,060217,176-0,073945,115-115,0521_682-20220613/0521_682-20220613-060217-176-0.json,0521_682-20220613/0521_682-20220613-073945-115-115.json,0521_682-20220613/0521_682-20220613-060217-176-0.txt,0521_682-20220613/0521_682-20220613-073945-115-115.txt
0521,682,20220614,062909,172-0,075326,124-124,0521_682-20220614/0521_682-20220614-062909-172-0.json,0521_682-20220614/0521_682-20220614-075326-124-124.json,0521_682-20220614/0521_682-20220614-062909-172-0.txt,0521_682-20220614/0521_682-20220614-075326-124-124.txt
0521,682,20220615,050819,180-0,073547,135-135,0521_682-20220615/0521_682-20220615-050819-180-0.json,0521_682-20220615/0521_682-20220615-073547-135-135.json,0521_682-20220615/0521_682-20220615-050819-180-0.txt,0521_682-20220615/0521_682-20220615-073547-135-135.txt
0521,682,20220616,060234,158-153,073641,127-127,0521_682-20220616/0521_682-20220616-060234-158-153.json,0521_682-20220616/0521_682-20220616-073641-127-127.json,0521_682-20220616/0521_682-20220616-060234-158-153.txt,0521_682-20220616/0521_682-20220616-073641-127-127.txt
0521,682,20220617,050527,128-0,063034,127-127,0521_682-20220617/0521_682-20220617-050527-128-0.json,0521_682-20220617/0521_682-20220617-063034-127-127.json,0521_682-20220617/0521_682-20220617-050527-128-0.txt,0521_682-20220617/0521_682-20220617-063034-127-127.txt
0521,682,20220620,051422,150-0,071507,119-119,0521_682-20220620/0521_682-20220620-051422-150-0.json,0521_682-20220620/0521_682-20220620-071507-119-119.json,0521_682-20220620/0521_682-20220620-051422-150-0.txt,0521_682-20220620/0521_682-20220620-071507-119-119.txt
0521,682,20220621,060537,74-0,075854,70-70,0521_682-20220621/0521_682-20220621-060537-74-0.json,0521_682-20220621/0521_682-20220621-075854-70-70.json,0521_682-20220621/0521_682-20220621-060537-74-0.txt,0521_682-20220621/0521_682-20220621-075854-70-70.txt
0521,682,20220622,050330,199-0,074049,124-124,0521_682-20220622/0521_682-20220622-050330-199-0.json,0521_682-20220622/0521_682-20220622-074049-124-124.json,0521_682-20220622/0521_682-20220622-050330-199-0.txt,0521_682-20220622/0521_682-20220622-074049-124-124.txt
0521,683,20220531,055400,66-0,064043,54-54,0521_683-20220531/0521_683-20220531-055400-66-0.json,0521_683-20220531/0521_683-20220531-064043-54-54.json,0521_683-20220531/0521_683-20220531-055400-66-0.txt,0521_683-20220531/0521_683-20220531-064043-54-54.txt
0521,683,20220601,055959,50-0,063046,39-39,0521_683-20220601/0521_683-20220601-055959-50-0.json,0521_683-20220601/0521_683-20220601-063046-39-39.json,0521_683-20220601/0521_683-20220601-055959-50-0.txt,0521_683-20220601/0521_683-20220601-063046-39-39.txt
0521,683,20220602,061918,52-0,064853,48-48,0521_683-20220602/0521_683-20220602-061918-52-0.json,0521_683-20220602/0521_683-20220602-064853-48-48.json,0521_683-20220602/0521_683-20220602-061918-52-0.txt,0521_683-20220602/0521_683-20220602-064853-48-48.txt
0521,683,20220603,060519,50-0,064416,41-41,0521_683-20220603/0521_683-20220603-060519-50-0.json,0521_683-20220603/0521_683-20220603-064416-41-41.json,0521_683-20220603/0521_683-20220603-060519-50-0.txt,0521_683-20220603/0521_683-20220603-064416-41-41.txt
0521,683,20220604,061814,18-0,072317,15-15,0521_683-20220604/0521_683-20220604-061814-18-0.json,0521_683-20220604/0521_683-20220604-072317-15-15.json,0521_683-20220604/0521_683-20220604-061814-18-0.txt,0521_683-20220604/0521_683-20220604-072317-15-15.txt
0521,683,20220607,061647,53-0,064923,50-50,0521_683-20220607/0521_683-20220607-061647-53-0.json,0521_683-20220607/0521_683-20220607-064923-50-50.json,0521_683-20220607/0521_683-20220607-061647-53-0.txt,0521_683-20220607/0521_683-20220607-064923-50-50.txt
0521,683,20220608,065629,88-0,073922,79-79,0521_683-20220608/0521_683-20220608-065629-88-0.json,0521_683-20220608/0521_683-20220608-073922-79-79.json,0521_683-20220608/0521_683-20220608-065629-88-0.txt,0521_683-20220608/0521_683-20220608-073922-79-79.txt
0521,683,20220609,064147,102-0,074330,89-89,0521_683-20220609/0521_683-20220609-064147-102-0.json,0521_683-20220609/0521_683-20220609-074330-89-89.json,0521_683-20220609/0521_683-20220609-064147-102-0.txt,0521_683-20220609/0521_683-20220609-074330-89-89.txt
0521,683,20220610,063007,87-0,071054,83-83,0521_683-20220610/0521_683-20220610-063007-87-0.json,0521_683-20220610/0521_683-20220610-071054-83-83.json,0521_683-20220610/0521_683-20220610-063007-87-0.txt,0521_683-20220610/0521_683-20220610-071054-83-83.txt
0521,683,20220613,055542,73-0,065216,64-64,0521_683-20220613/0521_683-20220613-055542-73-0.json,0521_683-20220613/0521_683-20220613-065216-64-64.json,0521_683-20220613/0521_683-20220613-055542-73-0.txt,0521_683-20220613/0521_683-20220613-065216-64-64.txt
0521,683,20220614,061625,85-0,070240,79-79,0521_683-20220614/0521_683-20220614-061625-85-0.json,0521_683-20220614/0521_683-20220614-070240-79-79.json,0521_683-20220614/0521_683-20220614-061625-85-0.txt,0521_683-20220614/0521_683-20220614-070240-79-79.txt
0521,683,20220615,061432,95-0,071354,91-91,0521_683-20220615/0521_683-20220615-061432-95-0.json,0521_683-20220615/0521_683-20220615-071354-91-91.json,0521_683-20220615/0521_683-20220615-061432-95-0.txt,0521_683-20220615/0521_683-20220615-071354-91-91.txt
0521,683,20220616,060555,75-75,065147,74-74,0521_683-20220616/0521_683-20220616-060555-75-75.json,0521_683-20220616/0521_683-20220616-065147-74-74.json,0521_683-20220616/0521_683-20220616-060555-75-75.txt,0521_683-20220616/0521_683-20220616-065147-74-74.txt
0521,683,20220617,055838,112-0,065409,107-107,0521_683-20220617/0521_683-20220617-055838-112-0.json,0521_683-20220617/0521_683-20220617-065409-107-107.json,0521_683-20220617/0521_683-20220617-055838-112-0.txt,0521_683-20220617/0521_683-20220617-065409-107-107.txt
0521,683,20220620,060629,76-0,065307,69-69,0521_683-20220620/0521_683-20220620-060629-76-0.json,0521_683-20220620/0521_683-20220620-065307-69-69.json,0521_683-20220620/0521_683-20220620-060629-76-0.txt,0521_683-20220620/0521_683-20220620-065307-69-69.txt
0521,683,20220621,064303,116-0,074325,111-111,0521_683-20220621/0521_683-20220621-064303-116-0.json,0521_683-20220621/0521_683-20220621-074325-111-111.json,0521_683-20220621/0521_683-20220621-064303-116-0.txt,0521_683-20220621/0521_683-20220621-074325-111-111.txt
0521,683,20220622,064203,135-0,074635,121-121,0521_683-20220622/0521_683-20220622-064203-135-0.json,0521_683-20220622/0521_683-20220622-074635-121-121.json,0521_683-20220622/0521_683-20220622-064203-135-0.txt,0521_683-20220622/0521_683-20220622-074635-121-121.txt
0521,684,20220530,064855,161-0,073728,154-154,0521_684-20220530/0521_684-20220530-064855-161-0.json,0521_684-20220530/0521_684-20220530-073728-154-154.json,0521_684-20220530/0521_684-20220530-064855-161-0.txt,0521_684-20220530/0521_684-20220530-073728-154-154.txt
0521,684,20220531,054333,156-0,064330,156-156,0521_684-20220531/0521_684-20220531-054333-156-0.json,0521_684-20220531/0521_684-20220531-064330-156-156.json,0521_684-20220531/0521_684-20220531-054333-156-0.txt,0521_684-20220531/0521_684-20220531-064330-156-156.txt
0521,684,20220601,054037,133-0,062223,132-132,0521_684-20220601/0521_684-20220601-054037-133-0.json,0521_684-20220601/0521_684-20220601-062223-132-132.json,0521_684-20220601/0521_684-20220601-054037-133-0.txt,0521_684-20220601/0521_684-20220601-062223-132-132.txt
0521,684,20220602,053819,126-0,061902,125-125,0521_684-20220602/0521_684-20220602-053819-126-0.json,0521_684-20220602/0521_684-20220602-061902-125-125.json,0521_684-20220602/0521_684-20220602-053819-126-0.txt,0521_684-20220602/0521_684-20220602-061902-125-125.txt
0521,684,20220603,054454,111-0,062453,109-109,0521_684-20220603/0521_684-20220603-054454-111-0.json,0521_684-20220603/0521_684-20220603-062453-109-109.json,0521_684-20220603/0521_684-20220603-054454-111-0.txt,0521_684-20220603/0521_684-20220603-062453-109-109.txt
0521,684,20220607,055035,97-0,062020,97-97,0521_684-20220607/0521_684-20220607-055035-97-0.json,0521_684-20220607/0521_684-20220607-062020-97-97.json,0521_684-20220607/0521_684-20220607-055035-97-0.txt,0521_684-20220607/0521_684-20220607-062020-97-97.txt
0521,684,20220608,054944,123-0,063620,122-122,0521_684-20220608/0521_684-20220608-054944-123-0.json,0521_684-20220608/0521_684-20220608-063620-122-122.json,0521_684-20220608/0521_684-20220608-054944-123-0.txt,0521_684-20220608/0521_684-20220608-063620-122-122.txt
0521,684,20220609,053408,144-0,062842,143-143,0521_684-20220609/0521_684-20220609-053408-144-0.json,0521_684-20220609/0521_684-20220609-062842-143-143.json,0521_684-20220609/0521_684-20220609-053408-144-0.txt,0521_684-20220609/0521_684-20220609-062842-143-143.txt
0521,684,20220610,055758,141-0,064903,139-139,0521_684-20220610/0521_684-20220610-055758-141-0.json,0521_684-20220610/0521_684-20220610-064903-139-139.json,0521_684-20220610/0521_684-20220610-055758-141-0.txt,0521_684-20220610/0521_684-20220610-064903-139-139.txt
0521,684,20220613,055731,115-0,063701,112-112,0521_684-20220613/0521_684-20220613-055731-115-0.json,0521_684-20220613/0521_684-20220613-063701-112-112.json,0521_684-20220613/0521_684-20220613-055731-115-0.txt,0521_684-20220613/0521_684-20220613-063701-112-112.txt
0521,684,20220614,053719,144-0,062323,139-139,0521_684-20220614/0521_684-20220614-053719-144-0.json,0521_684-20220614/0521_684-20220614-062323-139-139.json,0521_684-20220614/0521_684-20220614-053719-144-0.txt,0521_684-20220614/0521_684-20220614-062323-139-139.txt
0521,684,20220615,055034,124-0,063932,124-124,0521_684-20220615/0521_684-20220615-055034-124-0.json,0521_684-20220615/0521_684-20220615-063932-124-124.json,0521_684-20220615/0521_684-20220615-055034-124-0.txt,0521_684-20220615/0521_684-20220615-063932-124-124.txt
0521,684,20220616,060838,142-0,070423,144-144,0521_684-20220616/0521_684-20220616-060838-142-0.json,0521_684-20220616/0521_684-20220616-070423-144-144.json,0521_684-20220616/0521_684-20220616-060838-142-0.txt,0521_684-20220616/0521_684-20220616-070423-144-144.txt
0521,684,20220617,055417,111-0,063029,111-111,0521_684-20220617/0521_684-20220617-055417-111-0.json,0521_684-20220617/0521_684-20220617-063029-111-111.json,0521_684-20220617/0521_684-20220617-055417-111-0.txt,0521_684-20220617/0521_684-20220617-063029-111-111.txt
0521,684,20220620,063711,90-0,070757,90-90,0521_684-20220620/0521_684-20220620-063711-90-0.json,0521_684-20220620/0521_684-20220620-070757-90-90.json,0521_684-20220620/0521_684-20220620-063711-90-0.txt,0521_684-20220620/0521_684-20220620-070757-90-90.txt
0521,684,20220621,055429,138-0,064721,136-136,0521_684-20220621/0521_684-20220621-055429-138-0.json,0521_684-20220621/0521_684-20220621-064721-136-136.json,0521_684-20220621/0521_684-20220621-055429-138-0.txt,0521_684-20220621/0521_684-20220621-064721-136-136.txt
0521,684,20220622,060306,132-0,065351,131-131,0521_684-20220622/0521_684-20220622-060306-132-0.json,0521_684-20220622/0521_684-20220622-065351-131-131.json,0521_684-20220622/0521_684-20220622-060306-132-0.txt,0521_684-20220622/0521_684-20220622-065351-131-131.txt
0521,685,20220530,064011,126-126,073006,125-125,0521_685-20220530/0521_685-20220530-064011-126-126.json,0521_685-20220530/0521_685-20220530-073006-125-125.json,0521_685-20220530/0521_685-20220530-064011-126-126.txt,0521_685-20220530/0521_685-20220530-073006-125-125.txt
0521,685,20220531,053602,170-0,073435,162-162,0521_685-20220531/0521_685-20220531-053602-170-0.json,0521_685-20220531/0521_685-20220531-073435-162-162.json,0521_685-20220531/0521_685-20220531-053602-170-0.txt,0521_685-20220531/0521_685-20220531-073435-162-162.txt
0521,685,20220601,054038,167-0,072423,161-161,0521_685-20220601/0521_685-20220601-054038-167-0.json,0521_685-20220601/0521_685-20220601-072423-161-161.json,0521_685-20220601/0521_685-20220601-054038-167-0.txt,0521_685-20220601/0521_685-20220601-072423-161-161.txt
0521,685,20220602,053328,128-0,065756,127-127,0521_685-20220602/0521_685-20220602-053328-128-0.json,0521_685-20220602/0521_685-20220602-065756-127-127.json,0521_685-20220602/0521_685-20220602-053328-128-0.txt,0521_685-20220602/0521_685-20220602-065756-127-127.txt
0521,685,20220603,055235,132-0,071508,122-122,0521_685-20220603/0521_685-20220603-055235-132-0.json,0521_685-20220603/0521_685-20220603-071508-122-122.json,0521_685-20220603/0521_685-20220603-055235-132-0.txt,0521_685-20220603/0521_685-20220603-071508-122-122.txt
0521,685,20220607,070533,66-0,073744,62-61,0521_685-20220607/0521_685-20220607-070533-66-0.json,0521_685-20220607/0521_685-20220607-073744-62-61.json,0521_685-20220607/0521_685-20220607-070533-66-0.txt,0521_685-20220607/0521_685-20220607-073744-62-61.txt
0521,685,20220608,053608,153-0,072201,144-144,0521_685-20220608/0521_685-20220608-053608-153-0.json,0521_685-20220608/0521_685-20220608-072201-144-144.json,0521_685-20220608/0521_685-20220608-053608-153-0.txt,0521_685-20220608/0521_685-20220608-072201-144-144.txt
0521,685,20220609,053329,143-0,072431,138-138,0521_685-20220609/0521_685-20220609-053329-143-0.json,0521_685-20220609/0521_685-20220609-072431-138-138.json,0521_685-20220609/0521_685-20220609-053329-143-0.txt,0521_685-20220609/0521_685-20220609-072431-138-138.txt
0521,685,20220610,062640,133-132,071041,132-132,0521_685-20220610/0521_685-20220610-062640-133-132.json,0521_685-20220610/0521_685-20220610-071041-132-132.json,0521_685-20220610/0521_685-20220610-062640-133-132.txt,0521_685-20220610/0521_685-20220610-071041-132-132.txt
0521,685,20220613,054919,133-0,071939,124-124,0521_685-20220613/0521_685-20220613-054919-133-0.json,0521_685-20220613/0521_685-20220613-071939-124-124.json,0521_685-20220613/0521_685-20220613-054919-133-0.txt,0521_685-20220613/0521_685-20220613-071939-124-124.txt
0521,685,20220614,053738,167-0,073009,162-162,0521_685-20220614/0521_685-20220614-053738-167-0.json,0521_685-20220614/0521_685-20220614-073009-162-162.json,0521_685-20220614/0521_685-20220614-053738-167-0.txt,0521_685-20220614/0521_685-20220614-073009-162-162.txt
0521,685,20220615,053402,134-0,070154,127-127,0521_685-20220615/0521_685-20220615-053402-134-0.json,0521_685-20220615/0521_685-20220615-070154-127-127.json,0521_685-20220615/0521_685-20220615-053402-134-0.txt,0521_685-20220615/0521_685-20220615-070154-127-127.txt
0521,685,20220616,070356,124-124,070356,124-124,0521_685-20220616/0521_685-20220616-070356-124-124.json,0521_685-20220616/0521_685-20220616-070356-124-124.json,0521_685-20220616/0521_685-20220616-070356-124-124.txt,0521_685-20220616/0521_685-20220616-070356-124-124.txt
0521,685,20220617,054122,118-0,065555,115-115,0521_685-20220617/0521_685-20220617-054122-118-0.json,0521_685-20220617/0521_685-20220617-065555-115-115.json,0521_685-20220617/0521_685-20220617-054122-118-0.txt,0521_685-20220617/0521_685-20220617-065555-115-115.txt
0521,685,20220620,050510,107-0,061000,56-56,0521_685-20220620/0521_685-20220620-050510-107-0.json,0521_685-20220620/0521_685-20220620-061000-56-56.json,0521_685-20220620/0521_685-20220620-050510-107-0.txt,0521_685-20220620/0521_685-20220620-061000-56-56.txt
0521,685,20220621,052023,147-0,065655,142-142,0521_685-20220621/0521_685-20220621-052023-147-0.json,0521_685-20220621/0521_685-20220621-065655-142-142.json,0521_685-20220621/0521_685-20220621-052023-147-0.txt,0521_685-20220621/0521_685-20220621-065655-142-142.txt
0521,685,20220622,060941,55-0,071643,50-50,0521_685-20220622/0521_685-20220622-060941-55-0.json,0521_685-20220622/0521_685-20220622-071643-50-50.json,0521_685-20220622/0521_685-20220622-060941-55-0.txt,0521_685-20220622/0521_685-20220622-071643-50-50.txt
0521,686,20220530,062922,153-152,063356,152-152,0521_686-20220530/0521_686-20220530-062922-153-152.json,0521_686-20220530/0521_686-20220530-063356-152-152.json,0521_686-20220530/0521_686-20220530-062922-153-152.txt,0521_686-20220530/0521_686-20220530-063356-152-152.txt
0521,686,20220531,051555,168-0,051555,168-0,0521_686-20220531/0521_686-20220531-051555-168-0.json,0521_686-20220531/0521_686-20220531-051555-168-0.json,0521_686-20220531/0521_686-20220531-051555-168-0.txt,0521_686-20220531/0521_686-20220531-051555-168-0.txt
0521,686,20220601,052339,170-0,064017,166-166,0521_686-20220601/0521_686-20220601-052339-170-0.json,0521_686-20220601/0521_686-20220601-064017-166-166.json,0521_686-20220601/0521_686-20220601-052339-170-0.txt,0521_686-20220601/0521_686-20220601-064017-166-166.txt
0521,686,20220602,051945,163-0,063322,159-159,0521_686-20220602/0521_686-20220602-051945-163-0.json,0521_686-20220602/0521_686-20220602-063322-159-159.json,0521_686-20220602/0521_686-20220602-051945-163-0.txt,0521_686-20220602/0521_686-20220602-063322-159-159.txt
0521,686,20220603,051509,74-0,061108,73-73,0521_686-20220603/0521_686-20220603-051509-74-0.json,0521_686-20220603/0521_686-20220603-061108-73-73.json,0521_686-20220603/0521_686-20220603-051509-74-0.txt,0521_686-20220603/0521_686-20220603-061108-73-73.txt
0521,686,20220607,053934,89-0,063324,87-87,0521_686-20220607/0521_686-20220607-053934-89-0.json,0521_686-20220607/0521_686-20220607-063324-87-87.json,0521_686-20220607/0521_686-20220607-053934-89-0.txt,0521_686-20220607/0521_686-20220607-063324-87-87.txt
0521,686,20220608,053350,151-0,065143,90-90,0521_686-20220608/0521_686-20220608-053350-151-0.json,0521_686-20220608/0521_686-20220608-065143-90-90.json,0521_686-20220608/0521_686-20220608-053350-151-0.txt,0521_686-20220608/0521_686-20220608-065143-90-90.txt
0521,686,20220609,062306,94-0,073126,93-93,0521_686-20220609/0521_686-20220609-062306-94-0.json,0521_686-20220609/0521_686-20220609-073126-93-93.json,0521_686-20220609/0521_686-20220609-062306-94-0.txt,0521_686-20220609/0521_686-20220609-073126-93-93.txt
0521,686,20220610,061105,117-0,073951,106-106,0521_686-20220610/0521_686-20220610-061105-117-0.json,0521_686-20220610/0521_686-20220610-073951-106-106.json,0521_686-20220610/0521_686-20220610-061105-117-0.txt,0521_686-20220610/0521_686-20220610-073951-106-106.txt
0521,686,20220613,055934,157-0,075752,128-128,0521_686-20220613/0521_686-20220613-055934-157-0.json,0521_686-20220613/0521_686-20220613-075752-128-128.json,0521_686-20220613/0521_686-20220613-055934-157-0.txt,0521_686-20220613/0521_686-20220613-075752-128-128.txt
0521,686,20220614,051248,135-0,062916,105-105,0521_686-20220614/0521_686-20220614-051248-135-0.json,0521_686-20220614/0521_686-20220614-062916-105-105.json,0521_686-20220614/0521_686-20220614-051248-135-0.txt,0521_686-20220614/0521_686-20220614-062916-105-105.txt
0521,686,20220615,062839,101-0,075341,99-99,0521_686-20220615/0521_686-20220615-062839-101-0.json,0521_686-20220615/0521_686-20220615-075341-99-99.json,0521_686-20220615/0521_686-20220615-062839-101-0.txt,0521_686-20220615/0521_686-20220615-075341-99-99.txt
0521,686,20220616,055823,88-0,065358,83-83,0521_686-20220616/0521_686-20220616-055823-88-0.json,0521_686-20220616/0521_686-20220616-065358-83-83.json,0521_686-20220616/0521_686-20220616-055823-88-0.txt,0521_686-20220616/0521_686-20220616-065358-83-83.txt
0521,686,20220617,061822,124-0,073640,120-120,0521_686-20220617/0521_686-20220617-061822-124-0.json,0521_686-20220617/0521_686-20220617-073640-120-120.json,0521_686-20220617/0521_686-20220617-061822-124-0.txt,0521_686-20220617/0521_686-20220617-073640-120-120.txt
0521,686,20220620,062540,73-0,070513,70-70,0521_686-20220620/0521_686-20220620-062540-73-0.json,0521_686-20220620/0521_686-20220620-070513-70-70.json,0521_686-20220620/0521_686-20220620-062540-73-0.txt,0521_686-20220620/0521_686-20220620-070513-70-70.txt
0521,686,20220621,082147,128-0,090151,70-70,0521_686-20220621/0521_686-20220621-082147-128-0.json,0521_686-20220621/0521_686-20220621-090151-70-70.json,0521_686-20220621/0521_686-20220621-082147-128-0.txt,0521_686-20220621/0521_686-20220621-090151-70-70.txt
0521,686,20220622,052353,106-0,083143,83-83,0521_686-20220622/0521_686-20220622-052353-106-0.json,0521_686-20220622/0521_686-20220622-083143-83-83.json,0521_686-20220622/0521_686-20220622-052353-106-0.txt,0521_686-20220622/0521_686-20220622-083143-83-83.txt
0521,687,20220530,062930,71-71,063552,71-71,0521_687-20220530/0521_687-20220530-062930-71-71.json,0521_687-20220530/0521_687-20220530-063552-71-71.json,0521_687-20220530/0521_687-20220530-062930-71-71.txt,0521_687-20220530/0521_687-20220530-063552-71-71.txt
0521,687,20220531,051845,172-0,071454,173-167,0521_687-20220531/0521_687-20220531-051845-172-0.json,0521_687-20220531/0521_687-20220531-071454-173-167.json,0521_687-20220531/0521_687-20220531-051845-172-0.txt,0521_687-20220531/0521_687-20220531-071454-173-167.txt
0521,687,20220601,050650,164-0,070114,173-173,0521_687-20220601/0521_687-20220601-050650-164-0.json,0521_687-20220601/0521_687-20220601-070114-173-173.json,0521_687-20220601/0521_687-20220601-050650-164-0.txt,0521_687-20220601/0521_687-20220601-070114-173-173.txt
0521,687,20220602,052149,134-0,070836,137-137,0521_687-20220602/0521_687-20220602-052149-134-0.json,0521_687-20220602/0521_687-20220602-070836-137-137.json,0521_687-20220602/0521_687-20220602-052149-134-0.txt,0521_687-20220602/0521_687-20220602-070836-137-137.txt
0521,687,20220603,050935,127-0,070358,128-128,0521_687-20220603/0521_687-20220603-050935-127-0.json,0521_687-20220603/0521_687-20220603-070358-128-128.json,0521_687-20220603/0521_687-20220603-050935-127-0.txt,0521_687-20220603/0521_687-20220603-070358-128-128.txt
0521,687,20220604,054505,58-0,070611,57-57,0521_687-20220604/0521_687-20220604-054505-58-0.json,0521_687-20220604/0521_687-20220604-070611-57-57.json,0521_687-20220604/0521_687-20220604-054505-58-0.txt,0521_687-20220604/0521_687-20220604-070611-57-57.txt
0521,687,20220607,052011,105-0,070025,110-110,0521_687-20220607/0521_687-20220607-052011-105-0.json,0521_687-20220607/0521_687-20220607-070025-110-110.json,0521_687-20220607/0521_687-20220607-052011-105-0.txt,0521_687-20220607/0521_687-20220607-070025-110-110.txt
0521,687,20220608,050846,153-0,070505,162-162,0521_687-20220608/0521_687-20220608-050846-153-0.json,0521_687-20220608/0521_687-20220608-070505-162-162.json,0521_687-20220608/0521_687-20220608-050846-153-0.txt,0521_687-20220608/0521_687-20220608-070505-162-162.txt
0521,687,20220609,051539,152-0,072509,157-157,0521_687-20220609/0521_687-20220609-051539-152-0.json,0521_687-20220609/0521_687-20220609-072509-157-157.json,0521_687-20220609/0521_687-20220609-051539-152-0.txt,0521_687-20220609/0521_687-20220609-072509-157-157.txt
0521,687,20220610,050853,136-0,070854,147-147,0521_687-20220610/0521_687-20220610-050853-136-0.json,0521_687-20220610/0521_687-20220610-070854-147-147.json,0521_687-20220610/0521_687-20220610-050853-136-0.txt,0521_687-20220610/0521_687-20220610-070854-147-147.txt
0521,687,20220611,060356,66-0,063326,65-65,0521_687-20220611/0521_687-20220611-060356-66-0.json,0521_687-20220611/0521_687-20220611-063326-65-65.json,0521_687-20220611/0521_687-20220611-060356-66-0.txt,0521_687-20220611/0521_687-20220611-063326-65-65.txt
0521,687,20220613,051002,141-0,071856,146-146,0521_687-20220613/0521_687-20220613-051002-141-0.json,0521_687-20220613/0521_687-20220613-071856-146-146.json,0521_687-20220613/0521_687-20220613-051002-141-0.txt,0521_687-20220613/0521_687-20220613-071856-146-146.txt
0521,687,20220614,051102,133-0,071205,140-140,0521_687-20220614/0521_687-20220614-051102-133-0.json,0521_687-20220614/0521_687-20220614-071205-140-140.json,0521_687-20220614/0521_687-20220614-051102-133-0.txt,0521_687-20220614/0521_687-20220614-071205-140-140.txt
0521,687,20220615,051201,131-0,065929,133-133,0521_687-20220615/0521_687-20220615-051201-131-0.json,0521_687-20220615/0521_687-20220615-065929-133-133.json,0521_687-20220615/0521_687-20220615-051201-131-0.txt,0521_687-20220615/0521_687-20220615-065929-133-133.txt
0521,687,20220616,051330,114-0,064012,117-117,0521_687-20220616/0521_687-20220616-051330-114-0.json,0521_687-20220616/0521_687-20220616-064012-117-117.json,0521_687-20220616/0521_687-20220616-051330-114-0.txt,0521_687-20220616/0521_687-20220616-064012-117-117.txt
0521,687,20220617,050906,106-0,063147,107-107,0521_687-20220617/0521_687-20220617-050906-106-0.json,0521_687-20220617/0521_687-20220617-063147-107-107.json,0521_687-20220617/0521_687-20220617-050906-106-0.txt,0521_687-20220617/0521_687-20220617-063147-107-107.txt
0521,687,20220620,050701,110-0,065008,107-107,0521_687-20220620/0521_687-20220620-050701-110-0.json,0521_687-20220620/0521_687-20220620-065008-107-107.json,0521_687-20220620/0521_687-20220620-050701-110-0.txt,0521_687-20220620/0521_687-20220620-065008-107-107.txt
0521,687,20220621,052223,162-0,071557,162-162,0521_687-20220621/0521_687-20220621-052223-162-0.json,0521_687-20220621/0521_687-20220621-071557-162-162.json,0521_687-20220621/0521_687-20220621-052223-162-0.txt,0521_687-20220621/0521_687-20220621-071557-162-162.txt
0521,687,20220622,050615,159-0,071824,158-158,0521_687-20220622/0521_687-20220622-050615-159-0.json,0521_687-20220622/0521_687-20220622-071824-158-158.json,0521_687-20220622/0521_687-20220622-050615-159-0.txt,0521_687-20220622/0521_687-20220622-071824-158-158.txt
0521,688,20220530,065607,90-90,065607,90-90,0521_688-20220530/0521_688-20220530-065607-90-90.json,0521_688-20220530/0521_688-20220530-065607-90-90.json,0521_688-20220530/0521_688-20220530-065607-90-90.txt,0521_688-20220530/0521_688-20220530-065607-90-90.txt
0521,688,20220531,063759,139-0,080012,139-139,0521_688-20220531/0521_688-20220531-063759-139-0.json,0521_688-20220531/0521_688-20220531-080012-139-139.json,0521_688-20220531/0521_688-20220531-063759-139-0.txt,0521_688-20220531/0521_688-20220531-080012-139-139.txt
0521,688,20220601,064556,142-0,083539,142-142,0521_688-20220601/0521_688-20220601-064556-142-0.json,0521_688-20220601/0521_688-20220601-083539-142-142.json,0521_688-20220601/0521_688-20220601-064556-142-0.txt,0521_688-20220601/0521_688-20220601-083539-142-142.txt
0521,688,20220602,063440,108-0,081752,115-115,0521_688-20220602/0521_688-20220602-063440-108-0.json,0521_688-20220602/0521_688-20220602-081752-115-115.json,0521_688-20220602/0521_688-20220602-063440-108-0.txt,0521_688-20220602/0521_688-20220602-081752-115-115.txt
0521,688,20220603,061300,74-0,072547,76-76,0521_688-20220603/0521_688-20220603-061300-74-0.json,0521_688-20220603/0521_688-20220603-072547-76-76.json,0521_688-20220603/0521_688-20220603-061300-74-0.txt,0521_688-20220603/0521_688-20220603-072547-76-76.txt
0521,688,20220604,064428,63-0,074605,68-68,0521_688-20220604/0521_688-20220604-064428-63-0.json,0521_688-20220604/0521_688-20220604-074605-68-68.json,0521_688-20220604/0521_688-20220604-064428-63-0.txt,0521_688-20220604/0521_688-20220604-074605-68-68.txt
0521,688,20220607,073703,67-0,081704,67-67,0521_688-20220607/0521_688-20220607-073703-67-0.json,0521_688-20220607/0521_688-20220607-081704-67-67.json,0521_688-20220607/0521_688-20220607-073703-67-0.txt,0521_688-20220607/0521_688-20220607-081704-67-67.txt
0521,688,20220608,062513,113-0,074442,113-113,0521_688-20220608/0521_688-20220608-062513-113-0.json,0521_688-20220608/0521_688-20220608-074442-113-113.json,0521_688-20220608/0521_688-20220608-062513-113-0.txt,0521_688-20220608/0521_688-20220608-074442-113-113.txt
0521,688,20220609,055831,58-0,055831,58-0,0521_688-20220609/0521_688-20220609-055831-58-0.json,0521_688-20220609/0521_688-20220609-055831-58-0.json,0521_688-20220609/0521_688-20220609-055831-58-0.txt,0521_688-20220609/0521_688-20220609-055831-58-0.txt
0521,688,20220610,064217,137-0,075524,137-137,0521_688-20220610/0521_688-20220610-064217-137-0.json,0521_688-20220610/0521_688-20220610-075524-137-137.json,0521_688-20220610/0521_688-20220610-064217-137-0.txt,0521_688-20220610/0521_688-20220610-075524-137-137.txt
0521,688,20220611,060756,51-0,065633,50-50,0521_688-20220611/0521_688-20220611-060756-51-0.json,0521_688-20220611/0521_688-20220611-065633-50-50.json,0521_688-20220611/0521_688-20220611-060756-51-0.txt,0521_688-20220611/0521_688-20220611-065633-50-50.txt
0521,688,20220613,062902,114-0,081109,114-114,0521_688-20220613/0521_688-20220613-062902-114-0.json,0521_688-20220613/0521_688-20220613-081109-114-114.json,0521_688-20220613/0521_688-20220613-062902-114-0.txt,0521_688-20220613/0521_688-20220613-081109-114-114.txt
0521,688,20220614,064912,112-0,080517,112-112,0521_688-20220614/0521_688-20220614-064912-112-0.json,0521_688-20220614/0521_688-20220614-080517-112-112.json,0521_688-20220614/0521_688-20220614-064912-112-0.txt,0521_688-20220614/0521_688-20220614-080517-112-112.txt
0521,688,20220615,062450,86-0,073144,85-85,0521_688-20220615/0521_688-20220615-062450-86-0.json,0521_688-20220615/0521_688-20220615-073144-85-85.json,0521_688-20220615/0521_688-20220615-062450-86-0.txt,0521_688-20220615/0521_688-20220615-073144-85-85.txt
0521,688,20220616,063937,71-0,080057,70-70,0521_688-20220616/0521_688-20220616-063937-71-0.json,0521_688-20220616/0521_688-20220616-080057-70-70.json,0521_688-20220616/0521_688-20220616-063937-71-0.txt,0521_688-20220616/0521_688-20220616-080057-70-70.txt
0521,688,20220618,052059,42-0,055633,43-43,0521_688-20220618/0521_688-20220618-052059-42-0.json,0521_688-20220618/0521_688-20220618-055633-43-43.json,0521_688-20220618/0521_688-20220618-052059-42-0.txt,0521_688-20220618/0521_688-20220618-055633-43-43.txt
0521,688,20220620,063823,91-0,074701,91-91,0521_688-20220620/0521_688-20220620-063823-91-0.json,0521_688-20220620/0521_688-20220620-074701-91-91.json,0521_688-20220620/0521_688-20220620-063823-91-0.txt,0521_688-20220620/0521_688-20220620-074701-91-91.txt
0521,688,20220621,063532,121-0,080346,121-121,0521_688-20220621/0521_688-20220621-063532-121-0.json,0521_688-20220621/0521_688-20220621-080346-121-121.json,0521_688-20220621/0521_688-20220621-063532-121-0.txt,0521_688-20220621/0521_688-20220621-080346-121-121.txt
0521,688,20220622,064022,134-0,081049,134-134,0521_688-20220622/0521_688-20220622-064022-134-0.json,0521_688-20220622/0521_688-20220622-081049-134-134.json,0521_688-20220622/0521_688-20220622-064022-134-0.txt,0521_688-20220622/0521_688-20220622-081049-134-134.txt
0521,689,20220530,061727,84-84,061753,83-83,0521_689-20220530/0521_689-20220530-061727-84-84.json,0521_689-20220530/0521_689-20220530-061753-83-83.json,0521_689-20220530/0521_689-20220530-061727-84-84.txt,0521_689-20220530/0521_689-20220530-061753-83-83.txt
0521,689,20220531,054546,136-0,065255,136-136,0521_689-20220531/0521_689-20220531-054546-136-0.json,0521_689-20220531/0521_689-20220531-065255-136-136.json,0521_689-20220531/0521_689-20220531-054546-136-0.txt,0521_689-20220531/0521_689-20220531-065255-136-136.txt
0521,689,20220601,053730,108-0,061814,107-107,0521_689-20220601/0521_689-20220601-053730-108-0.json,0521_689-20220601/0521_689-20220601-061814-107-107.json,0521_689-20220601/0521_689-20220601-053730-108-0.txt,0521_689-20220601/0521_689-20220601-061814-107-107.txt
0521,689,20220602,053737,109-0,062602,108-108,0521_689-20220602/0521_689-20220602-053737-109-0.json,0521_689-20220602/0521_689-20220602-062602-108-108.json,0521_689-20220602/0521_689-20220602-053737-109-0.txt,0521_689-20220602/0521_689-20220602-062602-108-108.txt
0521,689,20220603,053003,88-0,061154,87-87,0521_689-20220603/0521_689-20220603-053003-88-0.json,0521_689-20220603/0521_689-20220603-061154-87-87.json,0521_689-20220603/0521_689-20220603-053003-88-0.txt,0521_689-20220603/0521_689-20220603-061154-87-87.txt
0521,689,20220607,051521,92-0,061518,92-92,0521_689-20220607/0521_689-20220607-051521-92-0.json,0521_689-20220607/0521_689-20220607-061518-92-92.json,0521_689-20220607/0521_689-20220607-051521-92-0.txt,0521_689-20220607/0521_689-20220607-061518-92-92.txt
0521,689,20220608,053257,142-0,065917,144-144,0521_689-20220608/0521_689-20220608-053257-142-0.json,0521_689-20220608/0521_689-20220608-065917-144-144.json,0521_689-20220608/0521_689-20220608-053257-142-0.txt,0521_689-20220608/0521_689-20220608-065917-144-144.txt
0521,689,20220609,050922,114-0,063144,123-123,0521_689-20220609/0521_689-20220609-050922-114-0.json,0521_689-20220609/0521_689-20220609-063144-123-123.json,0521_689-20220609/0521_689-20220609-050922-114-0.txt,0521_689-20220609/0521_689-20220609-063144-123-123.txt
0521,689,20220610,054628,114-114,062046,114-114,0521_689-20220610/0521_689-20220610-054628-114-114.json,0521_689-20220610/0521_689-20220610-062046-114-114.json,0521_689-20220610/0521_689-20220610-054628-114-114.txt,0521_689-20220610/0521_689-20220610-062046-114-114.txt
0521,689,20220613,053014,77-0,061106,79-79,0521_689-20220613/0521_689-20220613-053014-77-0.json,0521_689-20220613/0521_689-20220613-061106-79-79.json,0521_689-20220613/0521_689-20220613-053014-77-0.txt,0521_689-20220613/0521_689-20220613-061106-79-79.txt
0521,689,20220614,053541,112-0,061829,112-112,0521_689-20220614/0521_689-20220614-053541-112-0.json,0521_689-20220614/0521_689-20220614-061829-112-112.json,0521_689-20220614/0521_689-20220614-053541-112-0.txt,0521_689-20220614/0521_689-20220614-061829-112-112.txt
0521,689,20220615,054318,120-0,063156,124-124,0521_689-20220615/0521_689-20220615-054318-120-0.json,0521_689-20220615/0521_689-20220615-063156-124-124.json,0521_689-20220615/0521_689-20220615-054318-120-0.txt,0521_689-20220615/0521_689-20220615-063156-124-124.txt
0521,689,20220616,054955,117-0,060151,118-118,0521_689-20220616/0521_689-20220616-054955-117-0.json,0521_689-20220616/0521_689-20220616-060151-118-118.json,0521_689-20220616/0521_689-20220616-054955-117-0.txt,0521_689-20220616/0521_689-20220616-060151-118-118.txt
0521,689,20220617,052742,71-0,110639,66-66,0521_689-20220617/0521_689-20220617-052742-71-0.json,0521_689-20220617/0521_689-20220617-110639-66-66.json,0521_689-20220617/0521_689-20220617-052742-71-0.txt,0521_689-20220617/0521_689-20220617-110639-66-66.txt
0521,689,20220620,052708,79-0,060805,77-77,0521_689-20220620/0521_689-20220620-052708-79-0.json,0521_689-20220620/0521_689-20220620-060805-77-77.json,0521_689-20220620/0521_689-20220620-052708-79-0.txt,0521_689-20220620/0521_689-20220620-060805-77-77.txt
0521,689,20220621,052320,102-0,062447,104-104,0521_689-20220621/0521_689-20220621-052320-102-0.json,0521_689-20220621/0521_689-20220621-062447-104-104.json,0521_689-20220621/0521_689-20220621-052320-102-0.txt,0521_689-20220621/0521_689-20220621-062447-104-104.txt
0521,689,20220622,052035,99-0,061520,102-102,0521_689-20220622/0521_689-20220622-052035-99-0.json,0521_689-20220622/0521_689-20220622-061520-102-102.json,0521_689-20220622/0521_689-20220622-052035-99-0.txt,0521_689-20220622/0521_689-20220622-061520-102-102.txt
0521,690,20220530,065728,179-0,084410,204-178,0521_690-20220530/0521_690-20220530-065728-179-0.json,0521_690-20220530/0521_690-20220530-084410-204-178.json,0521_690-20220530/0521_690-20220530-065728-179-0.txt,0521_690-20220530/0521_690-20220530-084410-204-178.txt
0521,690,20220531,070833,219-0,092512,222-222,0521_690-20220531/0521_690-20220531-070833-219-0.json,0521_690-20220531/0521_690-20220531-092512-222-222.json,0521_690-20220531/0521_690-20220531-070833-219-0.txt,0521_690-20220531/0521_690-20220531-092512-222-222.txt
0521,690,20220601,063005,161-0,093146,161-161,0521_690-20220601/0521_690-20220601-063005-161-0.json,0521_690-20220601/0521_690-20220601-093146-161-161.json,0521_690-20220601/0521_690-20220601-063005-161-0.txt,0521_690-20220601/0521_690-20220601-093146-161-161.txt
0521,690,20220602,062439,185-0,085716,187-187,0521_690-20220602/0521_690-20220602-062439-185-0.json,0521_690-20220602/0521_690-20220602-085716-187-187.json,0521_690-20220602/0521_690-20220602-062439-185-0.txt,0521_690-20220602/0521_690-20220602-085716-187-187.txt
0521,690,20220603,074538,146-0,095125,158-158,0521_690-20220603/0521_690-20220603-074538-146-0.json,0521_690-20220603/0521_690-20220603-095125-158-158.json,0521_690-20220603/0521_690-20220603-074538-146-0.txt,0521_690-20220603/0521_690-20220603-095125-158-158.txt
0521,690,20220604,052434,34-0,062707,54-54,0521_690-20220604/0521_690-20220604-052434-34-0.json,0521_690-20220604/0521_690-20220604-062707-54-54.json,0521_690-20220604/0521_690-20220604-052434-34-0.txt,0521_690-20220604/0521_690-20220604-062707-54-54.txt
0521,690,20220607,062817,153-0,081027,153-153,0521_690-20220607/0521_690-20220607-062817-153-0.json,0521_690-20220607/0521_690-20220607-081027-153-153.json,0521_690-20220607/0521_690-20220607-062817-153-0.txt,0521_690-20220607/0521_690-20220607-081027-153-153.txt
0521,690,20220608,064325,245-0,093440,212-212,0521_690-20220608/0521_690-20220608-064325-245-0.json,0521_690-20220608/0521_690-20220608-093440-212-212.json,0521_690-20220608/0521_690-20220608-064325-245-0.txt,0521_690-20220608/0521_690-20220608-093440-212-212.txt
0521,690,20220609,065517,177-0,092020,178-178,0521_690-20220609/0521_690-20220609-065517-177-0.json,0521_690-20220609/0521_690-20220609-092020-178-178.json,0521_690-20220609/0521_690-20220609-065517-177-0.txt,0521_690-20220609/0521_690-20220609-092020-178-178.txt
0521,690,20220610,071343,171-0,092024,171-171,0521_690-20220610/0521_690-20220610-071343-171-0.json,0521_690-20220610/0521_690-20220610-092024-171-171.json,0521_690-20220610/0521_690-20220610-071343-171-0.txt,0521_690-20220610/0521_690-20220610-092024-171-171.txt
0521,690,20220611,052527,39-0,062213,61-61,0521_690-20220611/0521_690-20220611-052527-39-0.json,0521_690-20220611/0521_690-20220611-062213-61-61.json,0521_690-20220611/0521_690-20220611-052527-39-0.txt,0521_690-20220611/0521_690-20220611-062213-61-61.txt
0521,690,20220613,065241,194-0,090306,192-192,0521_690-20220613/0521_690-20220613-065241-194-0.json,0521_690-20220613/0521_690-20220613-090306-192-192.json,0521_690-20220613/0521_690-20220613-065241-194-0.txt,0521_690-20220613/0521_690-20220613-090306-192-192.txt
0521,690,20220614,070525,187-0,093533,187-187,0521_690-20220614/0521_690-20220614-070525-187-0.json,0521_690-20220614/0521_690-20220614-093533-187-187.json,0521_690-20220614/0521_690-20220614-070525-187-0.txt,0521_690-20220614/0521_690-20220614-093533-187-187.txt
0521,690,20220615,070235,173-0,090528,173-173,0521_690-20220615/0521_690-20220615-070235-173-0.json,0521_690-20220615/0521_690-20220615-090528-173-173.json,0521_690-20220615/0521_690-20220615-070235-173-0.txt,0521_690-20220615/0521_690-20220615-090528-173-173.txt
0521,690,20220616,074841,170-0,094759,170-170,0521_690-20220616/0521_690-20220616-074841-170-0.json,0521_690-20220616/0521_690-20220616-094759-170-170.json,0521_690-20220616/0521_690-20220616-074841-170-0.txt,0521_690-20220616/0521_690-20220616-094759-170-170.txt
0521,690,20220617,071545,107-0,080629,107-107,0521_690-20220617/0521_690-20220617-071545-107-0.json,0521_690-20220617/0521_690-20220617-080629-107-107.json,0521_690-20220617/0521_690-20220617-071545-107-0.txt,0521_690-20220617/0521_690-20220617-080629-107-107.txt
0521,690,20220618,052157,35-0,064914,52-52,0521_690-20220618/0521_690-20220618-052157-35-0.json,0521_690-20220618/0521_690-20220618-064914-52-52.json,0521_690-20220618/0521_690-20220618-052157-35-0.txt,0521_690-20220618/0521_690-20220618-064914-52-52.txt
0521,690,20220620,071856,129-0,082046,130-130,0521_690-20220620/0521_690-20220620-071856-129-0.json,0521_690-20220620/0521_690-20220620-082046-130-130.json,0521_690-20220620/0521_690-20220620-071856-129-0.txt,0521_690-20220620/0521_690-20220620-082046-130-130.txt
0521,690,20220621,070616,207-0,090430,207-207,0521_690-20220621/0521_690-20220621-070616-207-0.json,0521_690-20220621/0521_690-20220621-090430-207-207.json,0521_690-20220621/0521_690-20220621-070616-207-0.txt,0521_690-20220621/0521_690-20220621-090430-207-207.txt
0521,690,20220622,071300,183-0,090309,182-182,0521_690-20220622/0521_690-20220622-071300-183-0.json,0521_690-20220622/0521_690-20220622-090309-182-182.json,0521_690-20220622/0521_690-20220622-071300-183-0.txt,0521_690-20220622/0521_690-20220622-090309-182-182.txt
0521,692,20220530,062409,139-138,062652,134-134,0521_692-20220530/0521_692-20220530-062409-139-138.json,0521_692-20220530/0521_692-20220530-062652-134-134.json,0521_692-20220530/0521_692-20220530-062409-139-138.txt,0521_692-20220530/0521_692-20220530-062652-134-134.txt
0521,692,20220531,050951,207-0,063038,171-170,0521_692-20220531/0521_692-20220531-050951-207-0.json,0521_692-20220531/0521_692-20220531-063038-171-170.json,0521_692-20220531/0521_692-20220531-050951-207-0.txt,0521_692-20220531/0521_692-20220531-063038-171-170.txt
0521,692,20220601,050611,179-0,063423,151-151,0521_692-20220601/0521_692-20220601-050611-179-0.json,0521_692-20220601/0521_692-20220601-063423-151-151.json,0521_692-20220601/0521_692-20220601-050611-179-0.txt,0521_692-20220601/0521_692-20220601-063423-151-151.txt
0521,692,20220602,050638,165-0,063427,140-140,0521_692-20220602/0521_692-20220602-050638-165-0.json,0521_692-20220602/0521_692-20220602-063427-140-140.json,0521_692-20220602/0521_692-20220602-050638-165-0.txt,0521_692-20220602/0521_692-20220602-063427-140-140.txt
0521,692,20220603,051010,163-0,062810,142-142,0521_692-20220603/0521_692-20220603-051010-163-0.json,0521_692-20220603/0521_692-20220603-062810-142-142.json,0521_692-20220603/0521_692-20220603-051010-163-0.txt,0521_692-20220603/0521_692-20220603-062810-142-142.txt
0521,692,20220607,050728,133-0,061313,111-111,0521_692-20220607/0521_692-20220607-050728-133-0.json,0521_692-20220607/0521_692-20220607-061313-111-111.json,0521_692-20220607/0521_692-20220607-050728-133-0.txt,0521_692-20220607/0521_692-20220607-061313-111-111.txt
0521,692,20220608,050456,170-0,063639,145-145,0521_692-20220608/0521_692-20220608-050456-170-0.json,0521_692-20220608/0521_692-20220608-063639-145-145.json,0521_692-20220608/0521_692-20220608-050456-170-0.txt,0521_692-20220608/0521_692-20220608-063639-145-145.txt
0521,692,20220609,050846,166-0,062915,139-139,0521_692-20220609/0521_692-20220609-050846-166-0.json,0521_692-20220609/0521_692-20220609-062915-139-139.json,0521_692-20220609/0521_692-20220609-050846-166-0.txt,0521_692-20220609/0521_692-20220609-062915-139-139.txt
0521,692,20220610,050748,177-0,064503,141-141,0521_692-20220610/0521_692-20220610-050748-177-0.json,0521_692-20220610/0521_692-20220610-064503-141-141.json,0521_692-20220610/0521_692-20220610-050748-177-0.txt,0521_692-20220610/0521_692-20220610-064503-141-141.txt
0521,692,20220611,053558,54-0,060450,54-54,0521_692-20220611/0521_692-20220611-053558-54-0.json,0521_692-20220611/0521_692-20220611-060450-54-54.json,0521_692-20220611/0521_692-20220611-053558-54-0.txt,0521_692-20220611/0521_692-20220611-060450-54-54.txt
0521,692,20220613,051248,148-0,062940,137-137,0521_692-20220613/0521_692-20220613-051248-148-0.json,0521_692-20220613/0521_692-20220613-062940-137-137.json,0521_692-20220613/0521_692-20220613-051248-148-0.txt,0521_692-20220613/0521_692-20220613-062940-137-137.txt
0521,692,20220614,051005,177-0,063201,156-156,0521_692-20220614/0521_692-20220614-051005-177-0.json,0521_692-20220614/0521_692-20220614-063201-156-156.json,0521_692-20220614/0521_692-20220614-051005-177-0.txt,0521_692-20220614/0521_692-20220614-063201-156-156.txt
0521,692,20220615,050507,164-0,061654,142-142,0521_692-20220615/0521_692-20220615-050507-164-0.json,0521_692-20220615/0521_692-20220615-061654-142-142.json,0521_692-20220615/0521_692-20220615-050507-164-0.txt,0521_692-20220615/0521_692-20220615-061654-142-142.txt
0521,692,20220616,050859,153-0,062403,129-129,0521_692-20220616/0521_692-20220616-050859-153-0.json,0521_692-20220616/0521_692-20220616-062403-129-129.json,0521_692-20220616/0521_692-20220616-050859-153-0.txt,0521_692-20220616/0521_692-20220616-062403-129-129.txt
0521,692,20220617,050730,134-0,062054,104-104,0521_692-20220617/0521_692-20220617-050730-134-0.json,0521_692-20220617/0521_692-20220617-062054-104-104.json,0521_692-20220617/0521_692-20220617-050730-134-0.txt,0521_692-20220617/0521_692-20220617-062054-104-104.txt
0521,692,20220620,050844,112-0,060120,97-97,0521_692-20220620/0521_692-20220620-050844-112-0.json,0521_692-20220620/0521_692-20220620-060120-97-97.json,0521_692-20220620/0521_692-20220620-050844-112-0.txt,0521_692-20220620/0521_692-20220620-060120-97-97.txt
0521,692,20220621,050937,167-0,063514,147-147,0521_692-20220621/0521_692-20220621-050937-167-0.json,0521_692-20220621/0521_692-20220621-063514-147-147.json,0521_692-20220621/0521_692-20220621-050937-167-0.txt,0521_692-20220621/0521_692-20220621-063514-147-147.txt
0521,692,20220622,050439,143-0,061717,121-121,0521_692-20220622/0521_692-20220622-050439-143-0.json,0521_692-20220622/0521_692-20220622-061717-121-121.json,0521_692-20220622/0521_692-20220622-050439-143-0.txt,0521_692-20220622/0521_692-20220622-061717-121-121.txt
0521,693,20220531,061234,368-0,063702,130-130,0521_693-20220531/0521_693-20220531-061234-368-0.json,0521_693-20220531/0521_693-20220531-063702-130-130.json,0521_693-20220531/0521_693-20220531-061234-368-0.txt,0521_693-20220531/0521_693-20220531-063702-130-130.txt
0521,693,20220601,061819,363-0,065216,75-75,0521_693-20220601/0521_693-20220601-061819-363-0.json,0521_693-20220601/0521_693-20220601-065216-75-75.json,0521_693-20220601/0521_693-20220601-061819-363-0.txt,0521_693-20220601/0521_693-20220601-065216-75-75.txt
0521,693,20220602,060740,321-0,070154,114-114,0521_693-20220602/0521_693-20220602-060740-321-0.json,0521_693-20220602/0521_693-20220602-070154-114-114.json,0521_693-20220602/0521_693-20220602-060740-321-0.txt,0521_693-20220602/0521_693-20220602-070154-114-114.txt
0521,693,20220603,055910,276-0,064252,103-103,0521_693-20220603/0521_693-20220603-055910-276-0.json,0521_693-20220603/0521_693-20220603-064252-103-103.json,0521_693-20220603/0521_693-20220603-055910-276-0.txt,0521_693-20220603/0521_693-20220603-064252-103-103.txt
0521,693,20220607,060211,247-0,065109,113-113,0521_693-20220607/0521_693-20220607-060211-247-0.json,0521_693-20220607/0521_693-20220607-065109-113-113.json,0521_693-20220607/0521_693-20220607-060211-247-0.txt,0521_693-20220607/0521_693-20220607-065109-113-113.txt
0521,693,20220608,070236,388-0,093017,246-246,0521_693-20220608/0521_693-20220608-070236-388-0.json,0521_693-20220608/0521_693-20220608-093017-246-246.json,0521_693-20220608/0521_693-20220608-070236-388-0.txt,0521_693-20220608/0521_693-20220608-093017-246-246.txt
0521,693,20220609,055746,301-0,064159,112-112,0521_693-20220609/0521_693-20220609-055746-301-0.json,0521_693-20220609/0521_693-20220609-064159-112-112.json,0521_693-20220609/0521_693-20220609-055746-301-0.txt,0521_693-20220609/0521_693-20220609-064159-112-112.txt
0521,693,20220610,060555,289-0,064303,118-118,0521_693-20220610/0521_693-20220610-060555-289-0.json,0521_693-20220610/0521_693-20220610-064303-118-118.json,0521_693-20220610/0521_693-20220610-060555-289-0.txt,0521_693-20220610/0521_693-20220610-064303-118-118.txt
0521,693,20220613,060248,268-0,065032,105-105,0521_693-20220613/0521_693-20220613-060248-268-0.json,0521_693-20220613/0521_693-20220613-065032-105-105.json,0521_693-20220613/0521_693-20220613-060248-268-0.txt,0521_693-20220613/0521_693-20220613-065032-105-105.txt
0521,693,20220614,055721,376-0,065309,119-119,0521_693-20220614/0521_693-20220614-055721-376-0.json,0521_693-20220614/0521_693-20220614-065309-119-119.json,0521_693-20220614/0521_693-20220614-055721-376-0.txt,0521_693-20220614/0521_693-20220614-065309-119-119.txt
0521,693,20220615,060909,325-0,064709,95-95,0521_693-20220615/0521_693-20220615-060909-325-0.json,0521_693-20220615/0521_693-20220615-064709-95-95.json,0521_693-20220615/0521_693-20220615-060909-325-0.txt,0521_693-20220615/0521_693-20220615-064709-95-95.txt
0521,693,20220616,055138,300-0,062651,92-92,0521_693-20220616/0521_693-20220616-055138-300-0.json,0521_693-20220616/0521_693-20220616-062651-92-92.json,0521_693-20220616/0521_693-20220616-055138-300-0.txt,0521_693-20220616/0521_693-20220616-062651-92-92.txt
0521,693,20220617,054205,238-0,061541,81-81,0521_693-20220617/0521_693-20220617-054205-238-0.json,0521_693-20220617/0521_693-20220617-061541-81-81.json,0521_693-20220617/0521_693-20220617-054205-238-0.txt,0521_693-20220617/0521_693-20220617-061541-81-81.txt
0521,693,20220618,070158,23-0,070241,23-23,0521_693-20220618/0521_693-20220618-070158-23-0.json,0521_693-20220618/0521_693-20220618-070241-23-23.json,0521_693-20220618/0521_693-20220618-070158-23-0.txt,0521_693-20220618/0521_693-20220618-070241-23-23.txt
0521,693,20220620,052355,169-0,055641,69-69,0521_693-20220620/0521_693-20220620-052355-169-0.json,0521_693-20220620/0521_693-20220620-055641-69-69.json,0521_693-20220620/0521_693-20220620-052355-169-0.txt,0521_693-20220620/0521_693-20220620-055641-69-69.txt
0521,693,20220621,060427,352-0,064937,118-118,0521_693-20220621/0521_693-20220621-060427-352-0.json,0521_693-20220621/0521_693-20220621-064937-118-118.json,0521_693-20220621/0521_693-20220621-060427-352-0.txt,0521_693-20220621/0521_693-20220621-064937-118-118.txt
0521,693,20220622,054125,282-0,061647,86-86,0521_693-20220622/0521_693-20220622-054125-282-0.json,0521_693-20220622/0521_693-20220622-061647-86-86.json,0521_693-20220622/0521_693-20220622-054125-282-0.txt,0521_693-20220622/0521_693-20220622-061647-86-86.txt
0521,694,20220530,060948,104-102,062216,103-103,0521_694-20220530/0521_694-20220530-060948-104-102.json,0521_694-20220530/0521_694-20220530-062216-103-103.json,0521_694-20220530/0521_694-20220530-060948-104-102.txt,0521_694-20220530/0521_694-20220530-062216-103-103.txt
0521,694,20220531,055943,167-0,070934,163-163,0521_694-20220531/0521_694-20220531-055943-167-0.json,0521_694-20220531/0521_694-20220531-070934-163-163.json,0521_694-20220531/0521_694-20220531-055943-167-0.txt,0521_694-20220531/0521_694-20220531-070934-163-163.txt
0521,694,20220601,054322,134-0,065729,131-131,0521_694-20220601/0521_694-20220601-054322-134-0.json,0521_694-20220601/0521_694-20220601-065729-131-131.json,0521_694-20220601/0521_694-20220601-054322-134-0.txt,0521_694-20220601/0521_694-20220601-065729-131-131.txt
0521,694,20220602,054726,119-0,070049,118-118,0521_694-20220602/0521_694-20220602-054726-119-0.json,0521_694-20220602/0521_694-20220602-070049-118-118.json,0521_694-20220602/0521_694-20220602-054726-119-0.txt,0521_694-20220602/0521_694-20220602-070049-118-118.txt
0521,694,20220603,055055,124-0,064318,124-124,0521_694-20220603/0521_694-20220603-055055-124-0.json,0521_694-20220603/0521_694-20220603-064318-124-124.json,0521_694-20220603/0521_694-20220603-055055-124-0.txt,0521_694-20220603/0521_694-20220603-064318-124-124.txt
0521,694,20220607,053703,85-0,062124,81-81,0521_694-20220607/0521_694-20220607-053703-85-0.json,0521_694-20220607/0521_694-20220607-062124-81-81.json,0521_694-20220607/0521_694-20220607-053703-85-0.txt,0521_694-20220607/0521_694-20220607-062124-81-81.txt
0521,694,20220608,055145,117-0,070852,117-117,0521_694-20220608/0521_694-20220608-055145-117-0.json,0521_694-20220608/0521_694-20220608-070852-117-117.json,0521_694-20220608/0521_694-20220608-055145-117-0.txt,0521_694-20220608/0521_694-20220608-070852-117-117.txt
0521,694,20220609,053929,134-0,063802,131-131,0521_694-20220609/0521_694-20220609-053929-134-0.json,0521_694-20220609/0521_694-20220609-063802-131-131.json,0521_694-20220609/0521_694-20220609-053929-134-0.txt,0521_694-20220609/0521_694-20220609-063802-131-131.txt
0521,694,20220610,063405,119-118,070746,118-118,0521_694-20220610/0521_694-20220610-063405-119-118.json,0521_694-20220610/0521_694-20220610-070746-118-118.json,0521_694-20220610/0521_694-20220610-063405-119-118.txt,0521_694-20220610/0521_694-20220610-070746-118-118.txt
0521,694,20220613,054012,101-0,070518,95-95,0521_694-20220613/0521_694-20220613-054012-101-0.json,0521_694-20220613/0521_694-20220613-070518-95-95.json,0521_694-20220613/0521_694-20220613-054012-101-0.txt,0521_694-20220613/0521_694-20220613-070518-95-95.txt
0521,694,20220614,054314,130-0,075218,126-126,0521_694-20220614/0521_694-20220614-054314-130-0.json,0521_694-20220614/0521_694-20220614-075218-126-126.json,0521_694-20220614/0521_694-20220614-054314-130-0.txt,0521_694-20220614/0521_694-20220614-075218-126-126.txt
0521,694,20220615,053733,111-0,061712,107-107,0521_694-20220615/0521_694-20220615-053733-111-0.json,0521_694-20220615/0521_694-20220615-061712-107-107.json,0521_694-20220615/0521_694-20220615-053733-111-0.txt,0521_694-20220615/0521_694-20220615-061712-107-107.txt
0521,694,20220616,053348,86-0,065322,87-87,0521_694-20220616/0521_694-20220616-053348-86-0.json,0521_694-20220616/0521_694-20220616-065322-87-87.json,0521_694-20220616/0521_694-20220616-053348-86-0.txt,0521_694-20220616/0521_694-20220616-065322-87-87.txt
0521,694,20220617,053341,90-0,073556,98-98,0521_694-20220617/0521_694-20220617-053341-90-0.json,0521_694-20220617/0521_694-20220617-073556-98-98.json,0521_694-20220617/0521_694-20220617-053341-90-0.txt,0521_694-20220617/0521_694-20220617-073556-98-98.txt
0521,694,20220620,054720,84-0,070155,79-79,0521_694-20220620/0521_694-20220620-054720-84-0.json,0521_694-20220620/0521_694-20220620-070155-79-79.json,0521_694-20220620/0521_694-20220620-054720-84-0.txt,0521_694-20220620/0521_694-20220620-070155-79-79.txt
0521,694,20220621,054032,103-0,062221,103-103,0521_694-20220621/0521_694-20220621-054032-103-0.json,0521_694-20220621/0521_694-20220621-062221-103-103.json,0521_694-20220621/0521_694-20220621-054032-103-0.txt,0521_694-20220621/0521_694-20220621-062221-103-103.txt
0521,694,20220622,055204,120-0,065255,130-130,0521_694-20220622/0521_694-20220622-055204-120-0.json,0521_694-20220622/0521_694-20220622-065255-130-130.json,0521_694-20220622/0521_694-20220622-055204-120-0.txt,0521_694-20220622/0521_694-20220622-065255-130-130.txt
0521,695,20220531,091949,202-0,110110,198-198,0521_695-20220531/0521_695-20220531-091949-202-0.json,0521_695-20220531/0521_695-20220531-110110-198-198.json,0521_695-20220531/0521_695-20220531-091949-202-0.txt,0521_695-20220531/0521_695-20220531-110110-198-198.txt
0521,695,20220601,083741,153-0,095408,149-149,0521_695-20220601/0521_695-20220601-083741-153-0.json,0521_695-20220601/0521_695-20220601-095408-149-149.json,0521_695-20220601/0521_695-20220601-083741-153-0.txt,0521_695-20220601/0521_695-20220601-095408-149-149.txt
0521,695,20220602,085226,137-0,095137,134-134,0521_695-20220602/0521_695-20220602-085226-137-0.json,0521_695-20220602/0521_695-20220602-095137-134-134.json,0521_695-20220602/0521_695-20220602-085226-137-0.txt,0521_695-20220602/0521_695-20220602-095137-134-134.txt
0521,695,20220603,083312,98-0,091546,94-94,0521_695-20220603/0521_695-20220603-083312-98-0.json,0521_695-20220603/0521_695-20220603-091546-94-94.json,0521_695-20220603/0521_695-20220603-083312-98-0.txt,0521_695-20220603/0521_695-20220603-091546-94-94.txt
0521,695,20220607,085116,129-0,100849,129-129,0521_695-20220607/0521_695-20220607-085116-129-0.json,0521_695-20220607/0521_695-20220607-100849-129-129.json,0521_695-20220607/0521_695-20220607-085116-129-0.txt,0521_695-20220607/0521_695-20220607-100849-129-129.txt
0521,695,20220608,085618,161-0,102418,163-163,0521_695-20220608/0521_695-20220608-085618-161-0.json,0521_695-20220608/0521_695-20220608-102418-163-163.json,0521_695-20220608/0521_695-20220608-085618-161-0.txt,0521_695-20220608/0521_695-20220608-102418-163-163.txt
0521,695,20220609,093917,118-118,093917,118-118,0521_695-20220609/0521_695-20220609-093917-118-118.json,0521_695-20220609/0521_695-20220609-093917-118-118.json,0521_695-20220609/0521_695-20220609-093917-118-118.txt,0521_695-20220609/0521_695-20220609-093917-118-118.txt
0521,695,20220610,083836,117-0,092616,115-115,0521_695-20220610/0521_695-20220610-083836-117-0.json,0521_695-20220610/0521_695-20220610-092616-115-115.json,0521_695-20220610/0521_695-20220610-083836-117-0.txt,0521_695-20220610/0521_695-20220610-092616-115-115.txt
0521,695,20220613,085207,103-0,094636,100-100,0521_695-20220613/0521_695-20220613-085207-103-0.json,0521_695-20220613/0521_695-20220613-094636-100-100.json,0521_695-20220613/0521_695-20220613-085207-103-0.txt,0521_695-20220613/0521_695-20220613-094636-100-100.txt
0521,695,20220614,090928,131-0,101525,131-131,0521_695-20220614/0521_695-20220614-090928-131-0.json,0521_695-20220614/0521_695-20220614-101525-131-131.json,0521_695-20220614/0521_695-20220614-090928-131-0.txt,0521_695-20220614/0521_695-20220614-101525-131-131.txt
0521,695,20220615,084921,124-0,093357,122-122,0521_695-20220615/0521_695-20220615-084921-124-0.json,0521_695-20220615/0521_695-20220615-093357-122-122.json,0521_695-20220615/0521_695-20220615-084921-124-0.txt,0521_695-20220615/0521_695-20220615-093357-122-122.txt
0521,695,20220616,084620,121-0,094759,118-118,0521_695-20220616/0521_695-20220616-084620-121-0.json,0521_695-20220616/0521_695-20220616-094759-118-118.json,0521_695-20220616/0521_695-20220616-084620-121-0.txt,0521_695-20220616/0521_695-20220616-094759-118-118.txt
0521,695,20220617,084833,87-0,093027,85-85,0521_695-20220617/0521_695-20220617-084833-87-0.json,0521_695-20220617/0521_695-20220617-093027-85-85.json,0521_695-20220617/0521_695-20220617-084833-87-0.txt,0521_695-20220617/0521_695-20220617-093027-85-85.txt
0521,695,20220620,082729,80-0,091104,80-80,0521_695-20220620/0521_695-20220620-082729-80-0.json,0521_695-20220620/0521_695-20220620-091104-80-80.json,0521_695-20220620/0521_695-20220620-082729-80-0.txt,0521_695-20220620/0521_695-20220620-091104-80-80.txt
0521,695,20220621,085924,133-0,095635,133-133,0521_695-20220621/0521_695-20220621-085924-133-0.json,0521_695-20220621/0521_695-20220621-095635-133-133.json,0521_695-20220621/0521_695-20220621-085924-133-0.txt,0521_695-20220621/0521_695-20220621-095635-133-133.txt
0521,695,20220622,084059,132-0,094835,132-132,0521_695-20220622/0521_695-20220622-084059-132-0.json,0521_695-20220622/0521_695-20220622-094835-132-132.json,0521_695-20220622/0521_695-20220622-084059-132-0.txt,0521_695-20220622/0521_695-20220622-094835-132-132.txt
0521,696,20220530,063715,93-93,063715,93-93,0521_696-20220530/0521_696-20220530-063715-93-93.json,0521_696-20220530/0521_696-20220530-063715-93-93.json,0521_696-20220530/0521_696-20220530-063715-93-93.txt,0521_696-20220530/0521_696-20220530-063715-93-93.txt
0521,696,20220601,060621,122-0,070651,119-119,0521_696-20220601/0521_696-20220601-060621-122-0.json,0521_696-20220601/0521_696-20220601-070651-119-119.json,0521_696-20220601/0521_696-20220601-060621-122-0.txt,0521_696-20220601/0521_696-20220601-070651-119-119.txt
0521,696,20220602,061142,141-0,070052,141-141,0521_696-20220602/0521_696-20220602-061142-141-0.json,0521_696-20220602/0521_696-20220602-070052-141-141.json,0521_696-20220602/0521_696-20220602-061142-141-0.txt,0521_696-20220602/0521_696-20220602-070052-141-141.txt
0521,696,20220603,055042,103-0,063230,73-73,0521_696-20220603/0521_696-20220603-055042-103-0.json,0521_696-20220603/0521_696-20220603-063230-73-73.json,0521_696-20220603/0521_696-20220603-055042-103-0.txt,0521_696-20220603/0521_696-20220603-063230-73-73.txt
0521,696,20220607,060441,87-0,063753,85-85,0521_696-20220607/0521_696-20220607-060441-87-0.json,0521_696-20220607/0521_696-20220607-063753-85-85.json,0521_696-20220607/0521_696-20220607-060441-87-0.txt,0521_696-20220607/0521_696-20220607-063753-85-85.txt
0521,696,20220608,060444,133-0,070720,132-132,0521_696-20220608/0521_696-20220608-060444-133-0.json,0521_696-20220608/0521_696-20220608-070720-132-132.json,0521_696-20220608/0521_696-20220608-060444-133-0.txt,0521_696-20220608/0521_696-20220608-070720-132-132.txt
0521,696,20220609,063737,127-0,072242,127-127,0521_696-20220609/0521_696-20220609-063737-127-0.json,0521_696-20220609/0521_696-20220609-072242-127-127.json,0521_696-20220609/0521_696-20220609-063737-127-0.txt,0521_696-20220609/0521_696-20220609-072242-127-127.txt
0521,696,20220610,062031,120-0,070525,118-118,0521_696-20220610/0521_696-20220610-062031-120-0.json,0521_696-20220610/0521_696-20220610-070525-118-118.json,0521_696-20220610/0521_696-20220610-062031-120-0.txt,0521_696-20220610/0521_696-20220610-070525-118-118.txt
0521,696,20220613,061502,98-0,070153,91-91,0521_696-20220613/0521_696-20220613-061502-98-0.json,0521_696-20220613/0521_696-20220613-070153-91-91.json,0521_696-20220613/0521_696-20220613-061502-98-0.txt,0521_696-20220613/0521_696-20220613-070153-91-91.txt
0521,696,20220614,061944,146-0,075124,129-129,0521_696-20220614/0521_696-20220614-061944-146-0.json,0521_696-20220614/0521_696-20220614-075124-129-129.json,0521_696-20220614/0521_696-20220614-061944-146-0.txt,0521_696-20220614/0521_696-20220614-075124-129-129.txt
0521,696,20220615,062412,118-0,071829,119-118,0521_696-20220615/0521_696-20220615-062412-118-0.json,0521_696-20220615/0521_696-20220615-071829-119-118.json,0521_696-20220615/0521_696-20220615-062412-118-0.txt,0521_696-20220615/0521_696-20220615-071829-119-118.txt
0521,696,20220616,054702,94-0,064527,97-97,0521_696-20220616/0521_696-20220616-054702-94-0.json,0521_696-20220616/0521_696-20220616-064527-97-97.json,0521_696-20220616/0521_696-20220616-054702-94-0.txt,0521_696-20220616/0521_696-20220616-064527-97-97.txt
0521,696,20220617,062553,112-0,071046,101-101,0521_696-20220617/0521_696-20220617-062553-112-0.json,0521_696-20220617/0521_696-20220617-071046-101-101.json,0521_696-20220617/0521_696-20220617-062553-112-0.txt,0521_696-20220617/0521_696-20220617-071046-101-101.txt
0521,696,20220620,063839,82-0,070148,78-78,0521_696-20220620/0521_696-20220620-063839-82-0.json,0521_696-20220620/0521_696-20220620-070148-78-78.json,0521_696-20220620/0521_696-20220620-063839-82-0.txt,0521_696-20220620/0521_696-20220620-070148-78-78.txt
0521,696,20220621,055410,123-0,064433,123-123,0521_696-20220621/0521_696-20220621-055410-123-0.json,0521_696-20220621/0521_696-20220621-064433-123-123.json,0521_696-20220621/0521_696-20220621-055410-123-0.txt,0521_696-20220621/0521_696-20220621-064433-123-123.txt
0521,696,20220622,060418,112-0,064559,88-88,0521_696-20220622/0521_696-20220622-060418-112-0.json,0521_696-20220622/0521_696-20220622-064559-88-88.json,0521_696-20220622/0521_696-20220622-060418-112-0.txt,0521_696-20220622/0521_696-20220622-064559-88-88.txt
0521,697,20220530,083515,305-0,113106,194-194,0521_697-20220530/0521_697-20220530-083515-305-0.json,0521_697-20220530/0521_697-20220530-113106-194-194.json,0521_697-20220530/0521_697-20220530-083515-305-0.txt,0521_697-20220530/0521_697-20220530-113106-194-194.txt
0521,697,20220531,075244,245-0,093754,245-245,0521_697-20220531/0521_697-20220531-075244-245-0.json,0521_697-20220531/0521_697-20220531-093754-245-245.json,0521_697-20220531/0521_697-20220531-075244-245-0.txt,0521_697-20220531/0521_697-20220531-093754-245-245.txt
0521,697,20220601,083339,272-0,103746,214-214,0521_697-20220601/0521_697-20220601-083339-272-0.json,0521_697-20220601/0521_697-20220601-103746-214-214.json,0521_697-20220601/0521_697-20220601-083339-272-0.txt,0521_697-20220601/0521_697-20220601-103746-214-214.txt
0521,697,20220602,075349,179-0,111018,171-171,0521_697-20220602/0521_697-20220602-075349-179-0.json,0521_697-20220602/0521_697-20220602-111018-171-171.json,0521_697-20220602/0521_697-20220602-075349-179-0.txt,0521_697-20220602/0521_697-20220602-111018-171-171.txt
0521,697,20220603,081415,172-0,095351,164-164,0521_697-20220603/0521_697-20220603-081415-172-0.json,0521_697-20220603/0521_697-20220603-095351-164-164.json,0521_697-20220603/0521_697-20220603-081415-172-0.txt,0521_697-20220603/0521_697-20220603-095351-164-164.txt
0521,697,20220604,063011,111-0,071250,61-61,0521_697-20220604/0521_697-20220604-063011-111-0.json,0521_697-20220604/0521_697-20220604-071250-61-61.json,0521_697-20220604/0521_697-20220604-063011-111-0.txt,0521_697-20220604/0521_697-20220604-071250-61-61.txt
0521,697,20220607,072354,136-0,081536,119-119,0521_697-20220607/0521_697-20220607-072354-136-0.json,0521_697-20220607/0521_697-20220607-081536-119-119.json,0521_697-20220607/0521_697-20220607-072354-136-0.txt,0521_697-20220607/0521_697-20220607-081536-119-119.txt
0521,697,20220608,064004,57-0,071556,62-62,0521_697-20220608/0521_697-20220608-064004-57-0.json,0521_697-20220608/0521_697-20220608-071556-62-62.json,0521_697-20220608/0521_697-20220608-064004-57-0.txt,0521_697-20220608/0521_697-20220608-071556-62-62.txt
0521,697,20220609,083706,145-0,100229,187-187,0521_697-20220609/0521_697-20220609-083706-145-0.json,0521_697-20220609/0521_697-20220609-100229-187-187.json,0521_697-20220609/0521_697-20220609-083706-145-0.txt,0521_697-20220609/0521_697-20220609-100229-187-187.txt
0521,697,20220610,083633,156-0,083633,156-0,0521_697-20220610/0521_697-20220610-083633-156-0.json,0521_697-20220610/0521_697-20220610-083633-156-0.json,0521_697-20220610/0521_697-20220610-083633-156-0.txt,0521_697-20220610/0521_697-20220610-083633-156-0.txt
0521,697,20220613,080345,159-0,094124,161-161,0521_697-20220613/0521_697-20220613-080345-159-0.json,0521_697-20220613/0521_697-20220613-094124-161-161.json,0521_697-20220613/0521_697-20220613-080345-159-0.txt,0521_697-20220613/0521_697-20220613-094124-161-161.txt
0521,697,20220614,074752,163-0,102853,202-202,0521_697-20220614/0521_697-20220614-074752-163-0.json,0521_697-20220614/0521_697-20220614-102853-202-202.json,0521_697-20220614/0521_697-20220614-074752-163-0.txt,0521_697-20220614/0521_697-20220614-102853-202-202.txt
0521,697,20220615,090649,197-0,092934,197-197,0521_697-20220615/0521_697-20220615-090649-197-0.json,0521_697-20220615/0521_697-20220615-092934-197-197.json,0521_697-20220615/0521_697-20220615-090649-197-0.txt,0521_697-20220615/0521_697-20220615-092934-197-197.txt
0521,697,20220616,080626,196-0,094016,181-181,0521_697-20220616/0521_697-20220616-080626-196-0.json,0521_697-20220616/0521_697-20220616-094016-181-181.json,0521_697-20220616/0521_697-20220616-080626-196-0.txt,0521_697-20220616/0521_697-20220616-094016-181-181.txt
0521,697,20220617,070133,110-0,082137,75-75,0521_697-20220617/0521_697-20220617-070133-110-0.json,0521_697-20220617/0521_697-20220617-082137-75-75.json,0521_697-20220617/0521_697-20220617-070133-110-0.txt,0521_697-20220617/0521_697-20220617-082137-75-75.txt
0521,697,20220618,063012,53-0,065101,57-57,0521_697-20220618/0521_697-20220618-063012-53-0.json,0521_697-20220618/0521_697-20220618-065101-57-57.json,0521_697-20220618/0521_697-20220618-063012-53-0.txt,0521_697-20220618/0521_697-20220618-065101-57-57.txt
0521,697,20220620,073354,44-0,075729,44-44,0521_697-20220620/0521_697-20220620-073354-44-0.json,0521_697-20220620/0521_697-20220620-075729-44-44.json,0521_697-20220620/0521_697-20220620-073354-44-0.txt,0521_697-20220620/0521_697-20220620-075729-44-44.txt
0521,697,20220621,084936,204-0,094736,203-203,0521_697-20220621/0521_697-20220621-084936-204-0.json,0521_697-20220621/0521_697-20220621-094736-203-203.json,0521_697-20220621/0521_697-20220621-084936-204-0.txt,0521_697-20220621/0521_697-20220621-094736-203-203.txt
0521,697,20220622,080411,85-0,090156,109-109,0521_697-20220622/0521_697-20220622-080411-85-0.json,0521_697-20220622/0521_697-20220622-090156-109-109.json,0521_697-20220622/0521_697-20220622-080411-85-0.txt,0521_697-20220622/0521_697-20220622-090156-109-109.txt
0521,698,20220530,104020,154-154,114309,155-155,0521_698-20220530/0521_698-20220530-104020-154-154.json,0521_698-20220530/0521_698-20220530-114309-155-155.json,0521_698-20220530/0521_698-20220530-104020-154-154.txt,0521_698-20220530/0521_698-20220530-114309-155-155.txt
0521,698,20220531,085508,148-0,095648,105-105,0521_698-20220531/0521_698-20220531-085508-148-0.json,0521_698-20220531/0521_698-20220531-095648-105-105.json,0521_698-20220531/0521_698-20220531-085508-148-0.txt,0521_698-20220531/0521_698-20220531-095648-105-105.txt
0521,698,20220601,083254,139-0,093009,100-100,0521_698-20220601/0521_698-20220601-083254-139-0.json,0521_698-20220601/0521_698-20220601-093009-100-100.json,0521_698-20220601/0521_698-20220601-083254-139-0.txt,0521_698-20220601/0521_698-20220601-093009-100-100.txt
0521,698,20220602,082708,106-0,092905,105-105,0521_698-20220602/0521_698-20220602-082708-106-0.json,0521_698-20220602/0521_698-20220602-092905-105-105.json,0521_698-20220602/0521_698-20220602-082708-106-0.txt,0521_698-20220602/0521_698-20220602-092905-105-105.txt
0521,698,20220603,083430,117-0,092617,118-117,0521_698-20220603/0521_698-20220603-083430-117-0.json,0521_698-20220603/0521_698-20220603-092617-118-117.json,0521_698-20220603/0521_698-20220603-083430-117-0.txt,0521_698-20220603/0521_698-20220603-092617-118-117.txt
0521,698,20220604,054111,69-0,062822,67-67,0521_698-20220604/0521_698-20220604-054111-69-0.json,0521_698-20220604/0521_698-20220604-062822-67-67.json,0521_698-20220604/0521_698-20220604-054111-69-0.txt,0521_698-20220604/0521_698-20220604-062822-67-67.txt
0521,698,20220607,084927,93-0,092826,94-94,0521_698-20220607/0521_698-20220607-084927-93-0.json,0521_698-20220607/0521_698-20220607-092826-94-94.json,0521_698-20220607/0521_698-20220607-084927-93-0.txt,0521_698-20220607/0521_698-20220607-092826-94-94.txt
0521,698,20220608,084832,145-0,093949,147-147,0521_698-20220608/0521_698-20220608-084832-145-0.json,0521_698-20220608/0521_698-20220608-093949-147-147.json,0521_698-20220608/0521_698-20220608-084832-145-0.txt,0521_698-20220608/0521_698-20220608-093949-147-147.txt
0521,698,20220609,083348,115-0,092309,123-123,0521_698-20220609/0521_698-20220609-083348-115-0.json,0521_698-20220609/0521_698-20220609-092309-123-123.json,0521_698-20220609/0521_698-20220609-083348-115-0.txt,0521_698-20220609/0521_698-20220609-092309-123-123.txt
0521,698,20220610,083956,120-0,101832,121-121,0521_698-20220610/0521_698-20220610-083956-120-0.json,0521_698-20220610/0521_698-20220610-101832-121-121.json,0521_698-20220610/0521_698-20220610-083956-120-0.txt,0521_698-20220610/0521_698-20220610-101832-121-121.txt
0521,698,20220611,052802,42-0,060258,57-57,0521_698-20220611/0521_698-20220611-052802-42-0.json,0521_698-20220611/0521_698-20220611-060258-57-57.json,0521_698-20220611/0521_698-20220611-052802-42-0.txt,0521_698-20220611/0521_698-20220611-060258-57-57.txt
0521,698,20220613,085730,101-0,100541,100-100,0521_698-20220613/0521_698-20220613-085730-101-0.json,0521_698-20220613/0521_698-20220613-100541-100-100.json,0521_698-20220613/0521_698-20220613-085730-101-0.txt,0521_698-20220613/0521_698-20220613-100541-100-100.txt
0521,698,20220614,090639,91-0,101612,74-74,0521_698-20220614/0521_698-20220614-090639-91-0.json,0521_698-20220614/0521_698-20220614-101612-74-74.json,0521_698-20220614/0521_698-20220614-090639-91-0.txt,0521_698-20220614/0521_698-20220614-101612-74-74.txt
0521,698,20220615,084634,128-0,094610,131-131,0521_698-20220615/0521_698-20220615-084634-128-0.json,0521_698-20220615/0521_698-20220615-094610-131-131.json,0521_698-20220615/0521_698-20220615-084634-128-0.txt,0521_698-20220615/0521_698-20220615-094610-131-131.txt
0521,698,20220616,082545,104-0,090606,103-103,0521_698-20220616/0521_698-20220616-082545-104-0.json,0521_698-20220616/0521_698-20220616-090606-103-103.json,0521_698-20220616/0521_698-20220616-082545-104-0.txt,0521_698-20220616/0521_698-20220616-090606-103-103.txt
0521,698,20220617,083113,122-0,094659,121-121,0521_698-20220617/0521_698-20220617-083113-122-0.json,0521_698-20220617/0521_698-20220617-094659-121-121.json,0521_698-20220617/0521_698-20220617-083113-122-0.txt,0521_698-20220617/0521_698-20220617-094659-121-121.txt
0521,698,20220618,055500,103-0,065008,102-102,0521_698-20220618/0521_698-20220618-055500-103-0.json,0521_698-20220618/0521_698-20220618-065008-102-102.json,0521_698-20220618/0521_698-20220618-055500-103-0.txt,0521_698-20220618/0521_698-20220618-065008-102-102.txt
0521,698,20220620,081715,59-0,084921,59-59,0521_698-20220620/0521_698-20220620-081715-59-0.json,0521_698-20220620/0521_698-20220620-084921-59-59.json,0521_698-20220620/0521_698-20220620-081715-59-0.txt,0521_698-20220620/0521_698-20220620-084921-59-59.txt
0521,698,20220621,084540,153-0,100503,155-155,0521_698-20220621/0521_698-20220621-084540-153-0.json,0521_698-20220621/0521_698-20220621-100503-155-155.json,0521_698-20220621/0521_698-20220621-084540-153-0.txt,0521_698-20220621/0521_698-20220621-100503-155-155.txt
0521,698,20220622,082343,104-0,091537,104-104,0521_698-20220622/0521_698-20220622-082343-104-0.json,0521_698-20220622/0521_698-20220622-091537-104-104.json,0521_698-20220622/0521_698-20220622-082343-104-0.txt,0521_698-20220622/0521_698-20220622-091537-104-104.txt
0521,860,20220530,104029,135-135,104029,135-135,0521_860-20220530/0521_860-20220530-104029-135-135.json,0521_860-20220530/0521_860-20220530-104029-135-135.json,0521_860-20220530/0521_860-20220530-104029-135-135.txt,0521_860-20220530/0521_860-20220530-104029-135-135.txt
0521,860,20220531,093020,182-0,110318,133-133,0521_860-20220531/0521_860-20220531-093020-182-0.json,0521_860-20220531/0521_860-20220531-110318-133-133.json,0521_860-20220531/0521_860-20220531-093020-182-0.txt,0521_860-20220531/0521_860-20220531-110318-133-133.txt
0521,860,20220601,093040,151-0,110500,144-144,0521_860-20220601/0521_860-20220601-093040-151-0.json,0521_860-20220601/0521_860-20220601-110500-144-144.json,0521_860-20220601/0521_860-20220601-093040-151-0.txt,0521_860-20220601/0521_860-20220601-110500-144-144.txt
0521,860,20220602,085347,129-0,094542,49-49,0521_860-20220602/0521_860-20220602-085347-129-0.json,0521_860-20220602/0521_860-20220602-094542-49-49.json,0521_860-20220602/0521_860-20220602-085347-129-0.txt,0521_860-20220602/0521_860-20220602-094542-49-49.txt
0521,860,20220603,085235,133-0,100702,125-125,0521_860-20220603/0521_860-20220603-085235-133-0.json,0521_860-20220603/0521_860-20220603-100702-125-125.json,0521_860-20220603/0521_860-20220603-085235-133-0.txt,0521_860-20220603/0521_860-20220603-100702-125-125.txt
0521,860,20220607,090542,107-0,095829,107-107,0521_860-20220607/0521_860-20220607-090542-107-0.json,0521_860-20220607/0521_860-20220607-095829-107-107.json,0521_860-20220607/0521_860-20220607-090542-107-0.txt,0521_860-20220607/0521_860-20220607-095829-107-107.txt
0521,860,20220608,090559,138-0,100937,135-135,0521_860-20220608/0521_860-20220608-090559-138-0.json,0521_860-20220608/0521_860-20220608-100937-135-135.json,0521_860-20220608/0521_860-20220608-090559-138-0.txt,0521_860-20220608/0521_860-20220608-100937-135-135.txt
0521,860,20220609,085810,115-0,101050,111-111,0521_860-20220609/0521_860-20220609-085810-115-0.json,0521_860-20220609/0521_860-20220609-101050-111-111.json,0521_860-20220609/0521_860-20220609-085810-115-0.txt,0521_860-20220609/0521_860-20220609-101050-111-111.txt
0521,860,20220610,085455,134-134,095658,134-134,0521_860-20220610/0521_860-20220610-085455-134-134.json,0521_860-20220610/0521_860-20220610-095658-134-134.json,0521_860-20220610/0521_860-20220610-085455-134-134.txt,0521_860-20220610/0521_860-20220610-095658-134-134.txt
0521,860,20220613,090915,126-0,102708,120-120,0521_860-20220613/0521_860-20220613-090915-126-0.json,0521_860-20220613/0521_860-20220613-102708-120-120.json,0521_860-20220613/0521_860-20220613-090915-126-0.txt,0521_860-20220613/0521_860-20220613-102708-120-120.txt
0521,860,20220614,085420,135-0,095207,126-126,0521_860-20220614/0521_860-20220614-085420-135-0.json,0521_860-20220614/0521_860-20220614-095207-126-126.json,0521_860-20220614/0521_860-20220614-085420-135-0.txt,0521_860-20220614/0521_860-20220614-095207-126-126.txt
0521,860,20220615,090737,108-0,100709,102-102,0521_860-20220615/0521_860-20220615-090737-108-0.json,0521_860-20220615/0521_860-20220615-100709-102-102.json,0521_860-20220615/0521_860-20220615-090737-108-0.txt,0521_860-20220615/0521_860-20220615-100709-102-102.txt
0521,860,20220616,082103,113-0,090232,111-111,0521_860-20220616/0521_860-20220616-082103-113-0.json,0521_860-20220616/0521_860-20220616-090232-111-111.json,0521_860-20220616/0521_860-20220616-082103-113-0.txt,0521_860-20220616/0521_860-20220616-090232-111-111.txt
0521,860,20220617,084438,117-0,092949,117-117,0521_860-20220617/0521_860-20220617-084438-117-0.json,0521_860-20220617/0521_860-20220617-092949-117-117.json,0521_860-20220617/0521_860-20220617-084438-117-0.txt,0521_860-20220617/0521_860-20220617-092949-117-117.txt
0521,860,20220620,083117,90-0,090233,90-90,0521_860-20220620/0521_860-20220620-083117-90-0.json,0521_860-20220620/0521_860-20220620-090233-90-90.json,0521_860-20220620/0521_860-20220620-083117-90-0.txt,0521_860-20220620/0521_860-20220620-090233-90-90.txt
0521,860,20220621,084631,129-0,094452,129-129,0521_860-20220621/0521_860-20220621-084631-129-0.json,0521_860-20220621/0521_860-20220621-094452-129-129.json,0521_860-20220621/0521_860-20220621-084631-129-0.txt,0521_860-20220621/0521_860-20220621-094452-129-129.txt
0521,860,20220622,083837,138-0,084343,136-136,0521_860-20220622/0521_860-20220622-083837-138-0.json,0521_860-20220622/0521_860-20220622-084343-136-136.json,0521_860-20220622/0521_860-20220622-083837-138-0.txt,0521_860-20220622/0521_860-20220622-084343-136-136.txt
0521,861,20220530,062105,106-106,062105,106-106,0521_861-20220530/0521_861-20220530-062105-106-106.json,0521_861-20220530/0521_861-20220530-062105-106-106.json,0521_861-20220530/0521_861-20220530-062105-106-106.txt,0521_861-20220530/0521_861-20220530-062105-106-106.txt
0521,861,20220531,055139,156-0,055851,132-0,0521_861-20220531/0521_861-20220531-055139-156-0.json,0521_861-20220531/0521_861-20220531-055851-132-0.json,0521_861-20220531/0521_861-20220531-055139-156-0.txt,0521_861-20220531/0521_861-20220531-055851-132-0.txt
0521,861,20220601,053528,143-0,053748,139-0,0521_861-20220601/0521_861-20220601-053528-143-0.json,0521_861-20220601/0521_861-20220601-053748-139-0.json,0521_861-20220601/0521_861-20220601-053528-143-0.txt,0521_861-20220601/0521_861-20220601-053748-139-0.txt
0521,861,20220602,060326,140-0,061901,18-0,0521_861-20220602/0521_861-20220602-060326-140-0.json,0521_861-20220602/0521_861-20220602-061901-18-0.json,0521_861-20220602/0521_861-20220602-060326-140-0.txt,0521_861-20220602/0521_861-20220602-061901-18-0.txt
0521,861,20220604,063429,26-0,073326,26-26,0521_861-20220604/0521_861-20220604-063429-26-0.json,0521_861-20220604/0521_861-20220604-073326-26-26.json,0521_861-20220604/0521_861-20220604-063429-26-0.txt,0521_861-20220604/0521_861-20220604-073326-26-26.txt
0521,861,20220608,105127,56-0,105127,56-0,0521_861-20220608/0521_861-20220608-105127-56-0.json,0521_861-20220608/0521_861-20220608-105127-56-0.json,0521_861-20220608/0521_861-20220608-105127-56-0.txt,0521_861-20220608/0521_861-20220608-105127-56-0.txt
0521,861,20220609,073751,154-0,082400,75-75,0521_861-20220609/0521_861-20220609-073751-154-0.json,0521_861-20220609/0521_861-20220609-082400-75-75.json,0521_861-20220609/0521_861-20220609-073751-154-0.txt,0521_861-20220609/0521_861-20220609-082400-75-75.txt
0521,861,20220610,095158,97-0,111222,80-80,0521_861-20220610/0521_861-20220610-095158-97-0.json,0521_861-20220610/0521_861-20220610-111222-80-80.json,0521_861-20220610/0521_861-20220610-095158-97-0.txt,0521_861-20220610/0521_861-20220610-111222-80-80.txt
0521,861,20220613,074303,122-0,090843,59-59,0521_861-20220613/0521_861-20220613-074303-122-0.json,0521_861-20220613/0521_861-20220613-090843-59-59.json,0521_861-20220613/0521_861-20220613-074303-122-0.txt,0521_861-20220613/0521_861-20220613-090843-59-59.txt
0521,861,20220614,061247,130-0,092045,58-57,0521_861-20220614/0521_861-20220614-061247-130-0.json,0521_861-20220614/0521_861-20220614-092045-58-57.json,0521_861-20220614/0521_861-20220614-061247-130-0.txt,0521_861-20220614/0521_861-20220614-092045-58-57.txt
0521,861,20220615,071055,136-0,092648,112-112,0521_861-20220615/0521_861-20220615-071055-136-0.json,0521_861-20220615/0521_861-20220615-092648-112-112.json,0521_861-20220615/0521_861-20220615-071055-136-0.txt,0521_861-20220615/0521_861-20220615-092648-112-112.txt
0521,861,20220616,073616,121-0,084547,48-48,0521_861-20220616/0521_861-20220616-073616-121-0.json,0521_861-20220616/0521_861-20220616-084547-48-48.json,0521_861-20220616/0521_861-20220616-073616-121-0.txt,0521_861-20220616/0521_861-20220616-084547-48-48.txt
0521,861,20220617,073431,56-0,084744,60-60,0521_861-20220617/0521_861-20220617-073431-56-0.json,0521_861-20220617/0521_861-20220617-084744-60-60.json,0521_861-20220617/0521_861-20220617-073431-56-0.txt,0521_861-20220617/0521_861-20220617-084744-60-60.txt
0521,861,20220620,063757,112-0,073331,83-83,0521_861-20220620/0521_861-20220620-063757-112-0.json,0521_861-20220620/0521_861-20220620-073331-83-83.json,0521_861-20220620/0521_861-20220620-063757-112-0.txt,0521_861-20220620/0521_861-20220620-073331-83-83.txt
0521,861,20220621,065744,73-0,081833,71-71,0521_861-20220621/0521_861-20220621-065744-73-0.json,0521_861-20220621/0521_861-20220621-081833-71-71.json,0521_861-20220621/0521_861-20220621-065744-73-0.txt,0521_861-20220621/0521_861-20220621-081833-71-71.txt
0521,861,20220622,064340,114-0,081253,72-72,0521_861-20220622/0521_861-20220622-064340-114-0.json,0521_861-20220622/0521_861-20220622-081253-72-72.json,0521_861-20220622/0521_861-20220622-064340-114-0.txt,0521_861-20220622/0521_861-20220622-081253-72-72.txt
0521,862,20220530,061125,166-166,070541,166-166,0521_862-20220530/0521_862-20220530-061125-166-166.json,0521_862-20220530/0521_862-20220530-070541-166-166.json,0521_862-20220530/0521_862-20220530-061125-166-166.txt,0521_862-20220530/0521_862-20220530-070541-166-166.txt
0521,862,20220601,055133,190-0,071439,157-157,0521_862-20220601/0521_862-20220601-055133-190-0.json,0521_862-20220601/0521_862-20220601-071439-157-157.json,0521_862-20220601/0521_862-20220601-055133-190-0.txt,0521_862-20220601/0521_862-20220601-071439-157-157.txt
0521,862,20220602,055711,147-0,070353,146-146,0521_862-20220602/0521_862-20220602-055711-147-0.json,0521_862-20220602/0521_862-20220602-070353-146-146.json,0521_862-20220602/0521_862-20220602-055711-147-0.txt,0521_862-20220602/0521_862-20220602-070353-146-146.txt
0521,862,20220603,054911,138-0,064952,138-138,0521_862-20220603/0521_862-20220603-054911-138-0.json,0521_862-20220603/0521_862-20220603-064952-138-138.json,0521_862-20220603/0521_862-20220603-054911-138-0.txt,0521_862-20220603/0521_862-20220603-064952-138-138.txt
0521,862,20220607,053915,105-0,062948,102-102,0521_862-20220607/0521_862-20220607-053915-105-0.json,0521_862-20220607/0521_862-20220607-062948-102-102.json,0521_862-20220607/0521_862-20220607-053915-105-0.txt,0521_862-20220607/0521_862-20220607-062948-102-102.txt
0521,862,20220608,055830,178-0,071813,178-178,0521_862-20220608/0521_862-20220608-055830-178-0.json,0521_862-20220608/0521_862-20220608-071813-178-178.json,0521_862-20220608/0521_862-20220608-055830-178-0.txt,0521_862-20220608/0521_862-20220608-071813-178-178.txt
0521,862,20220609,055821,166-0,071538,164-164,0521_862-20220609/0521_862-20220609-055821-166-0.json,0521_862-20220609/0521_862-20220609-071538-164-164.json,0521_862-20220609/0521_862-20220609-055821-166-0.txt,0521_862-20220609/0521_862-20220609-071538-164-164.txt
0521,862,20220610,060111,151-0,065134,149-149,0521_862-20220610/0521_862-20220610-060111-151-0.json,0521_862-20220610/0521_862-20220610-065134-149-149.json,0521_862-20220610/0521_862-20220610-060111-151-0.txt,0521_862-20220610/0521_862-20220610-065134-149-149.txt
0521,862,20220613,060142,153-0,070358,125-125,0521_862-20220613/0521_862-20220613-060142-153-0.json,0521_862-20220613/0521_862-20220613-070358-125-125.json,0521_862-20220613/0521_862-20220613-060142-153-0.txt,0521_862-20220613/0521_862-20220613-070358-125-125.txt
0521,862,20220614,060637,138-0,070353,135-135,0521_862-20220614/0521_862-20220614-060637-138-0.json,0521_862-20220614/0521_862-20220614-070353-135-135.json,0521_862-20220614/0521_862-20220614-060637-138-0.txt,0521_862-20220614/0521_862-20220614-070353-135-135.txt
0521,862,20220615,055827,130-0,063900,127-127,0521_862-20220615/0521_862-20220615-055827-130-0.json,0521_862-20220615/0521_862-20220615-063900-127-127.json,0521_862-20220615/0521_862-20220615-055827-130-0.txt,0521_862-20220615/0521_862-20220615-063900-127-127.txt
0521,862,20220616,054524,136-0,062833,129-129,0521_862-20220616/0521_862-20220616-054524-136-0.json,0521_862-20220616/0521_862-20220616-062833-129-129.json,0521_862-20220616/0521_862-20220616-054524-136-0.txt,0521_862-20220616/0521_862-20220616-062833-129-129.txt
0521,862,20220617,053729,114-0,062223,113-113,0521_862-20220617/0521_862-20220617-053729-114-0.json,0521_862-20220617/0521_862-20220617-062223-113-113.json,0521_862-20220617/0521_862-20220617-053729-114-0.txt,0521_862-20220617/0521_862-20220617-062223-113-113.txt
0521,862,20220620,054117,122-0,063241,122-122,0521_862-20220620/0521_862-20220620-054117-122-0.json,0521_862-20220620/0521_862-20220620-063241-122-122.json,0521_862-20220620/0521_862-20220620-054117-122-0.txt,0521_862-20220620/0521_862-20220620-063241-122-122.txt
0521,862,20220621,055412,141-0,064820,138-138,0521_862-20220621/0521_862-20220621-055412-141-0.json,0521_862-20220621/0521_862-20220621-064820-138-138.json,0521_862-20220621/0521_862-20220621-055412-141-0.txt,0521_862-20220621/0521_862-20220621-064820-138-138.txt
0521,862,20220622,054924,124-0,063214,122-122,0521_862-20220622/0521_862-20220622-054924-124-0.json,0521_862-20220622/0521_862-20220622-063214-122-122.json,0521_862-20220622/0521_862-20220622-054924-124-0.txt,0521_862-20220622/0521_862-20220622-063214-122-122.txt
0521,863,20220530,061011,144-0,061107,144-0,0521_863-20220530/0521_863-20220530-061011-144-0.json,0521_863-20220530/0521_863-20220530-061107-144-0.json,0521_863-20220530/0521_863-20220530-061011-144-0.txt,0521_863-20220530/0521_863-20220530-061107-144-0.txt
0521,863,20220531,062030,161-0,090333,161-161,0521_863-20220531/0521_863-20220531-062030-161-0.json,0521_863-20220531/0521_863-20220531-090333-161-161.json,0521_863-20220531/0521_863-20220531-062030-161-0.txt,0521_863-20220531/0521_863-20220531-090333-161-161.txt
0521,863,20220601,055458,153-0,074634,150-150,0521_863-20220601/0521_863-20220601-055458-153-0.json,0521_863-20220601/0521_863-20220601-074634-150-150.json,0521_863-20220601/0521_863-20220601-055458-153-0.txt,0521_863-20220601/0521_863-20220601-074634-150-150.txt
0521,863,20220602,061938,121-0,073358,121-121,0521_863-20220602/0521_863-20220602-061938-121-0.json,0521_863-20220602/0521_863-20220602-073358-121-121.json,0521_863-20220602/0521_863-20220602-061938-121-0.txt,0521_863-20220602/0521_863-20220602-073358-121-121.txt
0521,863,20220607,054210,72-0,101817,42-42,0521_863-20220607/0521_863-20220607-054210-72-0.json,0521_863-20220607/0521_863-20220607-101817-42-42.json,0521_863-20220607/0521_863-20220607-054210-72-0.txt,0521_863-20220607/0521_863-20220607-101817-42-42.txt
0521,863,20220608,054718,147-0,065124,146-146,0521_863-20220608/0521_863-20220608-054718-147-0.json,0521_863-20220608/0521_863-20220608-065124-146-146.json,0521_863-20220608/0521_863-20220608-054718-147-0.txt,0521_863-20220608/0521_863-20220608-065124-146-146.txt
0521,863,20220609,053533,121-0,063305,121-121,0521_863-20220609/0521_863-20220609-053533-121-0.json,0521_863-20220609/0521_863-20220609-063305-121-121.json,0521_863-20220609/0521_863-20220609-053533-121-0.txt,0521_863-20220609/0521_863-20220609-063305-121-121.txt
0521,863,20220610,054507,111-0,063139,110-110,0521_863-20220610/0521_863-20220610-054507-111-0.json,0521_863-20220610/0521_863-20220610-063139-110-110.json,0521_863-20220610/0521_863-20220610-054507-111-0.txt,0521_863-20220610/0521_863-20220610-063139-110-110.txt
0521,863,20220613,052949,102-0,062003,107-107,0521_863-20220613/0521_863-20220613-052949-102-0.json,0521_863-20220613/0521_863-20220613-062003-107-107.json,0521_863-20220613/0521_863-20220613-052949-102-0.txt,0521_863-20220613/0521_863-20220613-062003-107-107.txt
0521,863,20220614,053443,137-0,063345,137-137,0521_863-20220614/0521_863-20220614-053443-137-0.json,0521_863-20220614/0521_863-20220614-063345-137-137.json,0521_863-20220614/0521_863-20220614-053443-137-0.txt,0521_863-20220614/0521_863-20220614-063345-137-137.txt
0521,863,20220615,055401,108-0,071400,106-106,0521_863-20220615/0521_863-20220615-055401-108-0.json,0521_863-20220615/0521_863-20220615-071400-106-106.json,0521_863-20220615/0521_863-20220615-055401-108-0.txt,0521_863-20220615/0521_863-20220615-071400-106-106.txt
0521,863,20220616,062837,108-108,064246,107-107,0521_863-20220616/0521_863-20220616-062837-108-108.json,0521_863-20220616/0521_863-20220616-064246-107-107.json,0521_863-20220616/0521_863-20220616-062837-108-108.txt,0521_863-20220616/0521_863-20220616-064246-107-107.txt
0521,863,20220617,061120,104-0,070241,101-101,0521_863-20220617/0521_863-20220617-061120-104-0.json,0521_863-20220617/0521_863-20220617-070241-101-101.json,0521_863-20220617/0521_863-20220617-061120-104-0.txt,0521_863-20220617/0521_863-20220617-070241-101-101.txt
0521,863,20220620,070450,106-0,075031,102-102,0521_863-20220620/0521_863-20220620-070450-106-0.json,0521_863-20220620/0521_863-20220620-075031-102-102.json,0521_863-20220620/0521_863-20220620-070450-106-0.txt,0521_863-20220620/0521_863-20220620-075031-102-102.txt
0521,863,20220621,112511,111-0,114547,108-0,0521_863-20220621/0521_863-20220621-112511-111-0.json,0521_863-20220621/0521_863-20220621-114547-108-0.json,0521_863-20220621/0521_863-20220621-112511-111-0.txt,0521_863-20220621/0521_863-20220621-114547-108-0.txt
0521,863,20220622,052810,89-0,102238,45-45,0521_863-20220622/0521_863-20220622-052810-89-0.json,0521_863-20220622/0521_863-20220622-102238-45-45.json,0521_863-20220622/0521_863-20220622-052810-89-0.txt,0521_863-20220622/0521_863-20220622-102238-45-45.txt
0521,864,20220530,083425,142-0,105540,169-169,0521_864-20220530/0521_864-20220530-083425-142-0.json,0521_864-20220530/0521_864-20220530-105540-169-169.json,0521_864-20220530/0521_864-20220530-083425-142-0.txt,0521_864-20220530/0521_864-20220530-105540-169-169.txt
0521,864,20220531,095045,184-0,113118,110-110,0521_864-20220531/0521_864-20220531-095045-184-0.json,0521_864-20220531/0521_864-20220531-113118-110-110.json,0521_864-20220531/0521_864-20220531-095045-184-0.txt,0521_864-20220531/0521_864-20220531-113118-110-110.txt
0521,864,20220603,111401,137-0,111401,137-0,0521_864-20220603/0521_864-20220603-111401-137-0.json,0521_864-20220603/0521_864-20220603-111401-137-0.json,0521_864-20220603/0521_864-20220603-111401-137-0.txt,0521_864-20220603/0521_864-20220603-111401-137-0.txt
0521,864,20220607,081648,143-0,095056,136-136,0521_864-20220607/0521_864-20220607-081648-143-0.json,0521_864-20220607/0521_864-20220607-095056-136-136.json,0521_864-20220607/0521_864-20220607-081648-143-0.txt,0521_864-20220607/0521_864-20220607-095056-136-136.txt
0521,864,20220608,083023,170-0,102200,189-189,0521_864-20220608/0521_864-20220608-083023-170-0.json,0521_864-20220608/0521_864-20220608-102200-189-189.json,0521_864-20220608/0521_864-20220608-083023-170-0.txt,0521_864-20220608/0521_864-20220608-102200-189-189.txt
0521,864,20220609,085046,154-0,101604,130-130,0521_864-20220609/0521_864-20220609-085046-154-0.json,0521_864-20220609/0521_864-20220609-101604-130-130.json,0521_864-20220609/0521_864-20220609-085046-154-0.txt,0521_864-20220609/0521_864-20220609-101604-130-130.txt
0521,864,20220610,084037,192-0,084740,192-192,0521_864-20220610/0521_864-20220610-084037-192-0.json,0521_864-20220610/0521_864-20220610-084740-192-192.json,0521_864-20220610/0521_864-20220610-084037-192-0.txt,0521_864-20220610/0521_864-20220610-084740-192-192.txt
0521,864,20220613,083902,156-0,095339,130-130,0521_864-20220613/0521_864-20220613-083902-156-0.json,0521_864-20220613/0521_864-20220613-095339-130-130.json,0521_864-20220613/0521_864-20220613-083902-156-0.txt,0521_864-20220613/0521_864-20220613-095339-130-130.txt
0521,864,20220614,084839,149-0,095126,146-146,0521_864-20220614/0521_864-20220614-084839-149-0.json,0521_864-20220614/0521_864-20220614-095126-146-146.json,0521_864-20220614/0521_864-20220614-084839-149-0.txt,0521_864-20220614/0521_864-20220614-095126-146-146.txt
0521,864,20220615,084726,175-0,100607,134-134,0521_864-20220615/0521_864-20220615-084726-175-0.json,0521_864-20220615/0521_864-20220615-100607-134-134.json,0521_864-20220615/0521_864-20220615-084726-175-0.txt,0521_864-20220615/0521_864-20220615-100607-134-134.txt
0521,864,20220616,095509,140-140,095509,140-140,0521_864-20220616/0521_864-20220616-095509-140-140.json,0521_864-20220616/0521_864-20220616-095509-140-140.json,0521_864-20220616/0521_864-20220616-095509-140-140.txt,0521_864-20220616/0521_864-20220616-095509-140-140.txt
0521,864,20220617,082206,125-0,091822,122-122,0521_864-20220617/0521_864-20220617-082206-125-0.json,0521_864-20220617/0521_864-20220617-091822-122-122.json,0521_864-20220617/0521_864-20220617-082206-125-0.txt,0521_864-20220617/0521_864-20220617-091822-122-122.txt
0521,864,20220618,060842,16-0,062030,16-16,0521_864-20220618/0521_864-20220618-060842-16-0.json,0521_864-20220618/0521_864-20220618-062030-16-16.json,0521_864-20220618/0521_864-20220618-060842-16-0.txt,0521_864-20220618/0521_864-20220618-062030-16-16.txt
0521,864,20220620,082844,119-0,090622,119-119,0521_864-20220620/0521_864-20220620-082844-119-0.json,0521_864-20220620/0521_864-20220620-090622-119-119.json,0521_864-20220620/0521_864-20220620-082844-119-0.txt,0521_864-20220620/0521_864-20220620-090622-119-119.txt
0521,864,20220621,085140,166-0,100215,164-164,0521_864-20220621/0521_864-20220621-085140-166-0.json,0521_864-20220621/0521_864-20220621-100215-164-164.json,0521_864-20220621/0521_864-20220621-085140-166-0.txt,0521_864-20220621/0521_864-20220621-100215-164-164.txt
0521,864,20220622,082104,156-0,091314,151-151,0521_864-20220622/0521_864-20220622-082104-156-0.json,0521_864-20220622/0521_864-20220622-091314-151-151.json,0521_864-20220622/0521_864-20220622-082104-156-0.txt,0521_864-20220622/0521_864-20220622-091314-151-151.txt
0521,865,20220530,115918,157-157,115918,157-157,0521_865-20220530/0521_865-20220530-115918-157-157.json,0521_865-20220530/0521_865-20220530-115918-157-157.json,0521_865-20220530/0521_865-20220530-115918-157-157.txt,0521_865-20220530/0521_865-20220530-115918-157-157.txt
0521,865,20220531,095606,171-0,095606,171-0,0521_865-20220531/0521_865-20220531-095606-171-0.json,0521_865-20220531/0521_865-20220531-095606-171-0.json,0521_865-20220531/0521_865-20220531-095606-171-0.txt,0521_865-20220531/0521_865-20220531-095606-171-0.txt
0521,865,20220601,092308,168-0,103831,125-125,0521_865-20220601/0521_865-20220601-092308-168-0.json,0521_865-20220601/0521_865-20220601-103831-125-125.json,0521_865-20220601/0521_865-20220601-092308-168-0.txt,0521_865-20220601/0521_865-20220601-103831-125-125.txt
0521,865,20220602,084729,74-0,093233,74-74,0521_865-20220602/0521_865-20220602-084729-74-0.json,0521_865-20220602/0521_865-20220602-093233-74-74.json,0521_865-20220602/0521_865-20220602-084729-74-0.txt,0521_865-20220602/0521_865-20220602-093233-74-74.txt
0521,865,20220603,081336,111-0,090543,62-62,0521_865-20220603/0521_865-20220603-081336-111-0.json,0521_865-20220603/0521_865-20220603-090543-62-62.json,0521_865-20220603/0521_865-20220603-081336-111-0.txt,0521_865-20220603/0521_865-20220603-090543-62-62.txt
0521,865,20220607,081819,97-0,091232,94-94,0521_865-20220607/0521_865-20220607-081819-97-0.json,0521_865-20220607/0521_865-20220607-091232-94-94.json,0521_865-20220607/0521_865-20220607-081819-97-0.txt,0521_865-20220607/0521_865-20220607-091232-94-94.txt
0521,865,20220608,081738,133-0,095325,127-127,0521_865-20220608/0521_865-20220608-081738-133-0.json,0521_865-20220608/0521_865-20220608-095325-127-127.json,0521_865-20220608/0521_865-20220608-081738-133-0.txt,0521_865-20220608/0521_865-20220608-095325-127-127.txt
0521,865,20220609,083314,127-0,092618,127-127,0521_865-20220609/0521_865-20220609-083314-127-0.json,0521_865-20220609/0521_865-20220609-092618-127-127.json,0521_865-20220609/0521_865-20220609-083314-127-0.txt,0521_865-20220609/0521_865-20220609-092618-127-127.txt
0521,865,20220610,083136,145-0,092752,144-144,0521_865-20220610/0521_865-20220610-083136-145-0.json,0521_865-20220610/0521_865-20220610-092752-144-144.json,0521_865-20220610/0521_865-20220610-083136-145-0.txt,0521_865-20220610/0521_865-20220610-092752-144-144.txt
0521,865,20220613,083749,124-0,092800,122-122,0521_865-20220613/0521_865-20220613-083749-124-0.json,0521_865-20220613/0521_865-20220613-092800-122-122.json,0521_865-20220613/0521_865-20220613-083749-124-0.txt,0521_865-20220613/0521_865-20220613-092800-122-122.txt
0521,865,20220614,082707,148-0,092357,144-144,0521_865-20220614/0521_865-20220614-082707-148-0.json,0521_865-20220614/0521_865-20220614-092357-144-144.json,0521_865-20220614/0521_865-20220614-082707-148-0.txt,0521_865-20220614/0521_865-20220614-092357-144-144.txt
0521,865,20220615,081317,108-0,084618,135-135,0521_865-20220615/0521_865-20220615-081317-108-0.json,0521_865-20220615/0521_865-20220615-084618-135-135.json,0521_865-20220615/0521_865-20220615-081317-108-0.txt,0521_865-20220615/0521_865-20220615-084618-135-135.txt
0521,865,20220616,081157,112-0,081730,113-113,0521_865-20220616/0521_865-20220616-081157-112-0.json,0521_865-20220616/0521_865-20220616-081730-113-113.json,0521_865-20220616/0521_865-20220616-081157-112-0.txt,0521_865-20220616/0521_865-20220616-081730-113-113.txt
0521,865,20220617,084845,111-0,091218,109-109,0521_865-20220617/0521_865-20220617-084845-111-0.json,0521_865-20220617/0521_865-20220617-091218-109-109.json,0521_865-20220617/0521_865-20220617-084845-111-0.txt,0521_865-20220617/0521_865-20220617-091218-109-109.txt
0521,865,20220620,082147,93-0,084927,91-91,0521_865-20220620/0521_865-20220620-082147-93-0.json,0521_865-20220620/0521_865-20220620-084927-91-91.json,0521_865-20220620/0521_865-20220620-082147-93-0.txt,0521_865-20220620/0521_865-20220620-084927-91-91.txt
0521,865,20220621,081835,128-0,092756,138-138,0521_865-20220621/0521_865-20220621-081835-128-0.json,0521_865-20220621/0521_865-20220621-092756-138-138.json,0521_865-20220621/0521_865-20220621-081835-128-0.txt,0521_865-20220621/0521_865-20220621-092756-138-138.txt
0521,865,20220622,084731,156-0,110335,36-0,0521_865-20220622/0521_865-20220622-084731-156-0.json,0521_865-20220622/0521_865-20220622-110335-36-0.json,0521_865-20220622/0521_865-20220622-084731-156-0.txt,0521_865-20220622/0521_865-20220622-110335-36-0.txt
0521,866,20220531,091436,175-0,105505,138-138,0521_866-20220531/0521_866-20220531-091436-175-0.json,0521_866-20220531/0521_866-20220531-105505-138-138.json,0521_866-20220531/0521_866-20220531-091436-175-0.txt,0521_866-20220531/0521_866-20220531-105505-138-138.txt
0521,866,20220601,090221,161-0,103626,159-159,0521_866-20220601/0521_866-20220601-090221-161-0.json,0521_866-20220601/0521_866-20220601-103626-159-159.json,0521_866-20220601/0521_866-20220601-090221-161-0.txt,0521_866-20220601/0521_866-20220601-103626-159-159.txt
0521,866,20220602,090213,142-0,113852,136-136,0521_866-20220602/0521_866-20220602-090213-142-0.json,0521_866-20220602/0521_866-20220602-113852-136-136.json,0521_866-20220602/0521_866-20220602-090213-142-0.txt,0521_866-20220602/0521_866-20220602-113852-136-136.txt
0521,866,20220603,085438,123-0,100448,123-123,0521_866-20220603/0521_866-20220603-085438-123-0.json,0521_866-20220603/0521_866-20220603-100448-123-123.json,0521_866-20220603/0521_866-20220603-085438-123-0.txt,0521_866-20220603/0521_866-20220603-100448-123-123.txt
0521,866,20220607,084516,131-0,092308,50-50,0521_866-20220607/0521_866-20220607-084516-131-0.json,0521_866-20220607/0521_866-20220607-092308-50-50.json,0521_866-20220607/0521_866-20220607-084516-131-0.txt,0521_866-20220607/0521_866-20220607-092308-50-50.txt
0521,866,20220609,090736,163-0,095151,55-55,0521_866-20220609/0521_866-20220609-090736-163-0.json,0521_866-20220609/0521_866-20220609-095151-55-55.json,0521_866-20220609/0521_866-20220609-090736-163-0.txt,0521_866-20220609/0521_866-20220609-095151-55-55.txt
0521,866,20220610,091709,146-0,095537,55-55,0521_866-20220610/0521_866-20220610-091709-146-0.json,0521_866-20220610/0521_866-20220610-095537-55-55.json,0521_866-20220610/0521_866-20220610-091709-146-0.txt,0521_866-20220610/0521_866-20220610-095537-55-55.txt
0521,866,20220613,085954,113-0,095431,62-62,0521_866-20220613/0521_866-20220613-085954-113-0.json,0521_866-20220613/0521_866-20220613-095431-62-62.json,0521_866-20220613/0521_866-20220613-085954-113-0.txt,0521_866-20220613/0521_866-20220613-095431-62-62.txt
0521,866,20220614,095034,108-0,103920,105-105,0521_866-20220614/0521_866-20220614-095034-108-0.json,0521_866-20220614/0521_866-20220614-103920-105-105.json,0521_866-20220614/0521_866-20220614-095034-108-0.txt,0521_866-20220614/0521_866-20220614-103920-105-105.txt
0521,866,20220615,084223,79-0,095357,79-79,0521_866-20220615/0521_866-20220615-084223-79-0.json,0521_866-20220615/0521_866-20220615-095357-79-79.json,0521_866-20220615/0521_866-20220615-084223-79-0.txt,0521_866-20220615/0521_866-20220615-095357-79-79.txt
0521,866,20220616,090956,111-0,090956,111-0,0521_866-20220616/0521_866-20220616-090956-111-0.json,0521_866-20220616/0521_866-20220616-090956-111-0.json,0521_866-20220616/0521_866-20220616-090956-111-0.txt,0521_866-20220616/0521_866-20220616-090956-111-0.txt
0521,866,20220617,083736,80-0,100118,77-77,0521_866-20220617/0521_866-20220617-083736-80-0.json,0521_866-20220617/0521_866-20220617-100118-77-77.json,0521_866-20220617/0521_866-20220617-083736-80-0.txt,0521_866-20220617/0521_866-20220617-100118-77-77.txt
0521,866,20220620,081718,98-0,082137,70-0,0521_866-20220620/0521_866-20220620-081718-98-0.json,0521_866-20220620/0521_866-20220620-082137-70-0.json,0521_866-20220620/0521_866-20220620-081718-98-0.txt,0521_866-20220620/0521_866-20220620-082137-70-0.txt
0521,866,20220621,085141,138-0,093611,71-71,0521_866-20220621/0521_866-20220621-085141-138-0.json,0521_866-20220621/0521_866-20220621-093611-71-71.json,0521_866-20220621/0521_866-20220621-085141-138-0.txt,0521_866-20220621/0521_866-20220621-093611-71-71.txt
0521,866,20220622,082753,118-0,091121,68-68,0521_866-20220622/0521_866-20220622-082753-118-0.json,0521_866-20220622/0521_866-20220622-091121-68-68.json,0521_866-20220622/0521_866-20220622-082753-118-0.txt,0521_866-20220622/0521_866-20220622-091121-68-68.txt
0521,867,20220531,060515,129-0,070833,127-127,0521_867-20220531/0521_867-20220531-060515-129-0.json,0521_867-20220531/0521_867-20220531-070833-127-127.json,0521_867-20220531/0521_867-20220531-060515-129-0.txt,0521_867-20220531/0521_867-20220531-070833-127-127.txt
0521,867,20220601,055301,106-0,064100,106-106,0521_867-20220601/0521_867-20220601-055301-106-0.json,0521_867-20220601/0521_867-20220601-064100-106-106.json,0521_867-20220601/0521_867-20220601-055301-106-0.txt,0521_867-20220601/0521_867-20220601-064100-106-106.txt
0521,867,20220602,061942,101-0,072147,99-99,0521_867-20220602/0521_867-20220602-061942-101-0.json,0521_867-20220602/0521_867-20220602-072147-99-99.json,0521_867-20220602/0521_867-20220602-061942-101-0.txt,0521_867-20220602/0521_867-20220602-072147-99-99.txt
0521,867,20220603,061943,94-0,071145,92-92,0521_867-20220603/0521_867-20220603-061943-94-0.json,0521_867-20220603/0521_867-20220603-071145-92-92.json,0521_867-20220603/0521_867-20220603-061943-94-0.txt,0521_867-20220603/0521_867-20220603-071145-92-92.txt
0521,867,20220607,055507,91-0,070014,81-81,0521_867-20220607/0521_867-20220607-055507-91-0.json,0521_867-20220607/0521_867-20220607-070014-81-81.json,0521_867-20220607/0521_867-20220607-055507-91-0.txt,0521_867-20220607/0521_867-20220607-070014-81-81.txt
0521,867,20220608,061209,117-0,070640,116-116,0521_867-20220608/0521_867-20220608-061209-117-0.json,0521_867-20220608/0521_867-20220608-070640-116-116.json,0521_867-20220608/0521_867-20220608-061209-117-0.txt,0521_867-20220608/0521_867-20220608-070640-116-116.txt
0521,867,20220609,062116,119-0,074844,116-116,0521_867-20220609/0521_867-20220609-062116-119-0.json,0521_867-20220609/0521_867-20220609-074844-116-116.json,0521_867-20220609/0521_867-20220609-062116-119-0.txt,0521_867-20220609/0521_867-20220609-074844-116-116.txt
0521,867,20220610,063320,101-0,072301,101-101,0521_867-20220610/0521_867-20220610-063320-101-0.json,0521_867-20220610/0521_867-20220610-072301-101-101.json,0521_867-20220610/0521_867-20220610-063320-101-0.txt,0521_867-20220610/0521_867-20220610-072301-101-101.txt
0521,867,20220613,063456,96-0,073352,95-95,0521_867-20220613/0521_867-20220613-063456-96-0.json,0521_867-20220613/0521_867-20220613-073352-95-95.json,0521_867-20220613/0521_867-20220613-063456-96-0.txt,0521_867-20220613/0521_867-20220613-073352-95-95.txt
0521,867,20220614,062132,104-0,071216,102-102,0521_867-20220614/0521_867-20220614-062132-104-0.json,0521_867-20220614/0521_867-20220614-071216-102-102.json,0521_867-20220614/0521_867-20220614-062132-104-0.txt,0521_867-20220614/0521_867-20220614-071216-102-102.txt
0521,867,20220615,063742,109-0,073331,108-108,0521_867-20220615/0521_867-20220615-063742-109-0.json,0521_867-20220615/0521_867-20220615-073331-108-108.json,0521_867-20220615/0521_867-20220615-063742-109-0.txt,0521_867-20220615/0521_867-20220615-073331-108-108.txt
0521,867,20220616,062147,93-0,071539,93-93,0521_867-20220616/0521_867-20220616-062147-93-0.json,0521_867-20220616/0521_867-20220616-071539-93-93.json,0521_867-20220616/0521_867-20220616-062147-93-0.txt,0521_867-20220616/0521_867-20220616-071539-93-93.txt
0521,867,20220617,064444,97-0,071449,63-63,0521_867-20220617/0521_867-20220617-064444-97-0.json,0521_867-20220617/0521_867-20220617-071449-63-63.json,0521_867-20220617/0521_867-20220617-064444-97-0.txt,0521_867-20220617/0521_867-20220617-071449-63-63.txt
0521,867,20220620,055826,60-0,062238,57-57,0521_867-20220620/0521_867-20220620-055826-60-0.json,0521_867-20220620/0521_867-20220620-062238-57-57.json,0521_867-20220620/0521_867-20220620-055826-60-0.txt,0521_867-20220620/0521_867-20220620-062238-57-57.txt
0521,867,20220621,061922,111-0,070742,111-111,0521_867-20220621/0521_867-20220621-061922-111-0.json,0521_867-20220621/0521_867-20220621-070742-111-111.json,0521_867-20220621/0521_867-20220621-061922-111-0.txt,0521_867-20220621/0521_867-20220621-070742-111-111.txt
0521,867,20220622,061434,102-0,065533,99-99,0521_867-20220622/0521_867-20220622-061434-102-0.json,0521_867-20220622/0521_867-20220622-065533-99-99.json,0521_867-20220622/0521_867-20220622-061434-102-0.txt,0521_867-20220622/0521_867-20220622-065533-99-99.txt
0521,868,20220530,064538,143-143,064538,143-143,0521_868-20220530/0521_868-20220530-064538-143-143.json,0521_868-20220530/0521_868-20220530-064538-143-143.json,0521_868-20220530/0521_868-20220530-064538-143-143.txt,0521_868-20220530/0521_868-20220530-064538-143-143.txt
0521,868,20220531,060318,244-0,080943,193-193,0521_868-20220531/0521_868-20220531-060318-244-0.json,0521_868-20220531/0521_868-20220531-080943-193-193.json,0521_868-20220531/0521_868-20220531-060318-244-0.txt,0521_868-20220531/0521_868-20220531-080943-193-193.txt
0521,868,20220601,060933,195-0,075104,191-191,0521_868-20220601/0521_868-20220601-060933-195-0.json,0521_868-20220601/0521_868-20220601-075104-191-191.json,0521_868-20220601/0521_868-20220601-060933-195-0.txt,0521_868-20220601/0521_868-20220601-075104-191-191.txt
0521,868,20220602,055858,177-0,071012,172-172,0521_868-20220602/0521_868-20220602-055858-177-0.json,0521_868-20220602/0521_868-20220602-071012-172-172.json,0521_868-20220602/0521_868-20220602-055858-177-0.txt,0521_868-20220602/0521_868-20220602-071012-172-172.txt
0521,868,20220603,065706,165-0,075426,163-163,0521_868-20220603/0521_868-20220603-065706-165-0.json,0521_868-20220603/0521_868-20220603-075426-163-163.json,0521_868-20220603/0521_868-20220603-065706-165-0.txt,0521_868-20220603/0521_868-20220603-075426-163-163.txt
0521,868,20220607,063437,168-0,072857,167-167,0521_868-20220607/0521_868-20220607-063437-168-0.json,0521_868-20220607/0521_868-20220607-072857-167-167.json,0521_868-20220607/0521_868-20220607-063437-168-0.txt,0521_868-20220607/0521_868-20220607-072857-167-167.txt
0521,868,20220608,061923,208-0,073005,177-177,0521_868-20220608/0521_868-20220608-061923-208-0.json,0521_868-20220608/0521_868-20220608-073005-177-177.json,0521_868-20220608/0521_868-20220608-061923-208-0.txt,0521_868-20220608/0521_868-20220608-073005-177-177.txt
0521,868,20220609,061401,210-0,063838,164-0,0521_868-20220609/0521_868-20220609-061401-210-0.json,0521_868-20220609/0521_868-20220609-063838-164-0.json,0521_868-20220609/0521_868-20220609-061401-210-0.txt,0521_868-20220609/0521_868-20220609-063838-164-0.txt
0521,868,20220610,060845,202-0,074955,142-142,0521_868-20220610/0521_868-20220610-060845-202-0.json,0521_868-20220610/0521_868-20220610-074955-142-142.json,0521_868-20220610/0521_868-20220610-060845-202-0.txt,0521_868-20220610/0521_868-20220610-074955-142-142.txt
0521,868,20220611,053845,98-0,062437,98-98,0521_868-20220611/0521_868-20220611-053845-98-0.json,0521_868-20220611/0521_868-20220611-062437-98-98.json,0521_868-20220611/0521_868-20220611-053845-98-0.txt,0521_868-20220611/0521_868-20220611-062437-98-98.txt
0521,868,20220613,062206,188-0,094142,138-138,0521_868-20220613/0521_868-20220613-062206-188-0.json,0521_868-20220613/0521_868-20220613-094142-138-138.json,0521_868-20220613/0521_868-20220613-062206-188-0.txt,0521_868-20220613/0521_868-20220613-094142-138-138.txt
0521,868,20220614,062111,212-0,074107,170-170,0521_868-20220614/0521_868-20220614-062111-212-0.json,0521_868-20220614/0521_868-20220614-074107-170-170.json,0521_868-20220614/0521_868-20220614-062111-212-0.txt,0521_868-20220614/0521_868-20220614-074107-170-170.txt
0521,868,20220615,062807,186-0,074646,183-183,0521_868-20220615/0521_868-20220615-062807-186-0.json,0521_868-20220615/0521_868-20220615-074646-183-183.json,0521_868-20220615/0521_868-20220615-062807-186-0.txt,0521_868-20220615/0521_868-20220615-074646-183-183.txt
0521,868,20220616,062114,160-0,074413,138-138,0521_868-20220616/0521_868-20220616-062114-160-0.json,0521_868-20220616/0521_868-20220616-074413-138-138.json,0521_868-20220616/0521_868-20220616-062114-160-0.txt,0521_868-20220616/0521_868-20220616-074413-138-138.txt
0521,868,20220617,060107,165-0,063317,132-0,0521_868-20220617/0521_868-20220617-060107-165-0.json,0521_868-20220617/0521_868-20220617-063317-132-0.json,0521_868-20220617/0521_868-20220617-060107-165-0.txt,0521_868-20220617/0521_868-20220617-063317-132-0.txt
0521,868,20220620,060638,152-0,073416,142-142,0521_868-20220620/0521_868-20220620-060638-152-0.json,0521_868-20220620/0521_868-20220620-073416-142-142.json,0521_868-20220620/0521_868-20220620-060638-152-0.txt,0521_868-20220620/0521_868-20220620-073416-142-142.txt
0521,868,20220621,061834,202-0,072947,153-153,0521_868-20220621/0521_868-20220621-061834-202-0.json,0521_868-20220621/0521_868-20220621-072947-153-153.json,0521_868-20220621/0521_868-20220621-061834-202-0.txt,0521_868-20220621/0521_868-20220621-072947-153-153.txt
0521,868,20220622,060625,197-0,072219,141-141,0521_868-20220622/0521_868-20220622-060625-197-0.json,0521_868-20220622/0521_868-20220622-072219-141-141.json,0521_868-20220622/0521_868-20220622-060625-197-0.txt,0521_868-20220622/0521_868-20220622-072219-141-141.txt
0521,869,20220531,092355,128-0,105429,127-127,0521_869-20220531/0521_869-20220531-092355-128-0.json,0521_869-20220531/0521_869-20220531-105429-127-127.json,0521_869-20220531/0521_869-20220531-092355-128-0.txt,0521_869-20220531/0521_869-20220531-105429-127-127.txt
0521,869,20220601,083825,129-0,094151,130-130,0521_869-20220601/0521_869-20220601-083825-129-0.json,0521_869-20220601/0521_869-20220601-094151-130-130.json,0521_869-20220601/0521_869-20220601-083825-129-0.txt,0521_869-20220601/0521_869-20220601-094151-130-130.txt
0521,869,20220602,083238,107-0,092527,106-106,0521_869-20220602/0521_869-20220602-083238-107-0.json,0521_869-20220602/0521_869-20220602-092527-106-106.json,0521_869-20220602/0521_869-20220602-083238-107-0.txt,0521_869-20220602/0521_869-20220602-092527-106-106.txt
0521,869,20220603,084625,111-0,094320,109-109,0521_869-20220603/0521_869-20220603-084625-111-0.json,0521_869-20220603/0521_869-20220603-094320-109-109.json,0521_869-20220603/0521_869-20220603-084625-111-0.txt,0521_869-20220603/0521_869-20220603-094320-109-109.txt
0521,869,20220607,083056,105-0,092149,103-103,0521_869-20220607/0521_869-20220607-083056-105-0.json,0521_869-20220607/0521_869-20220607-092149-103-103.json,0521_869-20220607/0521_869-20220607-083056-105-0.txt,0521_869-20220607/0521_869-20220607-092149-103-103.txt
0521,869,20220608,085441,119-0,094527,118-118,0521_869-20220608/0521_869-20220608-085441-119-0.json,0521_869-20220608/0521_869-20220608-094527-118-118.json,0521_869-20220608/0521_869-20220608-085441-119-0.txt,0521_869-20220608/0521_869-20220608-094527-118-118.txt
0521,869,20220609,085904,117-0,101041,115-115,0521_869-20220609/0521_869-20220609-085904-117-0.json,0521_869-20220609/0521_869-20220609-101041-115-115.json,0521_869-20220609/0521_869-20220609-085904-117-0.txt,0521_869-20220609/0521_869-20220609-101041-115-115.txt
0521,869,20220610,083114,111-0,093830,110-110,0521_869-20220610/0521_869-20220610-083114-111-0.json,0521_869-20220610/0521_869-20220610-093830-110-110.json,0521_869-20220610/0521_869-20220610-083114-111-0.txt,0521_869-20220610/0521_869-20220610-093830-110-110.txt
0521,869,20220613,083811,99-0,093528,101-101,0521_869-20220613/0521_869-20220613-083811-99-0.json,0521_869-20220613/0521_869-20220613-093528-101-101.json,0521_869-20220613/0521_869-20220613-083811-99-0.txt,0521_869-20220613/0521_869-20220613-093528-101-101.txt
0521,869,20220614,082406,100-0,091214,98-98,0521_869-20220614/0521_869-20220614-082406-100-0.json,0521_869-20220614/0521_869-20220614-091214-98-98.json,0521_869-20220614/0521_869-20220614-082406-100-0.txt,0521_869-20220614/0521_869-20220614-091214-98-98.txt
0521,869,20220615,085222,125-0,094848,123-123,0521_869-20220615/0521_869-20220615-085222-125-0.json,0521_869-20220615/0521_869-20220615-094848-123-123.json,0521_869-20220615/0521_869-20220615-085222-125-0.txt,0521_869-20220615/0521_869-20220615-094848-123-123.txt
0521,869,20220616,084451,101-0,095221,101-101,0521_869-20220616/0521_869-20220616-084451-101-0.json,0521_869-20220616/0521_869-20220616-095221-101-101.json,0521_869-20220616/0521_869-20220616-084451-101-0.txt,0521_869-20220616/0521_869-20220616-095221-101-101.txt
0521,869,20220617,081256,90-0,084848,87-87,0521_869-20220617/0521_869-20220617-081256-90-0.json,0521_869-20220617/0521_869-20220617-084848-87-87.json,0521_869-20220617/0521_869-20220617-081256-90-0.txt,0521_869-20220617/0521_869-20220617-084848-87-87.txt
0521,869,20220620,081843,97-0,090941,92-92,0521_869-20220620/0521_869-20220620-081843-97-0.json,0521_869-20220620/0521_869-20220620-090941-92-92.json,0521_869-20220620/0521_869-20220620-081843-97-0.txt,0521_869-20220620/0521_869-20220620-090941-92-92.txt
0521,869,20220621,084923,134-0,085835,132-132,0521_869-20220621/0521_869-20220621-084923-134-0.json,0521_869-20220621/0521_869-20220621-085835-132-132.json,0521_869-20220621/0521_869-20220621-084923-134-0.txt,0521_869-20220621/0521_869-20220621-085835-132-132.txt
0521,869,20220622,083358,101-0,091748,72-72,0521_869-20220622/0521_869-20220622-083358-101-0.json,0521_869-20220622/0521_869-20220622-091748-72-72.json,0521_869-20220622/0521_869-20220622-083358-101-0.txt,0521_869-20220622/0521_869-20220622-091748-72-72.txt
0521,870,20220530,065537,160-160,065537,160-160,0521_870-20220530/0521_870-20220530-065537-160-160.json,0521_870-20220530/0521_870-20220530-065537-160-160.json,0521_870-20220530/0521_870-20220530-065537-160-160.txt,0521_870-20220530/0521_870-20220530-065537-160-160.txt
0521,870,20220531,062245,222-0,075105,193-193,0521_870-20220531/0521_870-20220531-062245-222-0.json,0521_870-20220531/0521_870-20220531-075105-193-193.json,0521_870-20220531/0521_870-20220531-062245-222-0.txt,0521_870-20220531/0521_870-20220531-075105-193-193.txt
0521,870,20220601,061001,200-0,072749,187-187,0521_870-20220601/0521_870-20220601-061001-200-0.json,0521_870-20220601/0521_870-20220601-072749-187-187.json,0521_870-20220601/0521_870-20220601-061001-200-0.txt,0521_870-20220601/0521_870-20220601-072749-187-187.txt
0521,870,20220602,060949,205-0,072621,203-203,0521_870-20220602/0521_870-20220602-060949-205-0.json,0521_870-20220602/0521_870-20220602-072621-203-203.json,0521_870-20220602/0521_870-20220602-060949-205-0.txt,0521_870-20220602/0521_870-20220602-072621-203-203.txt
0521,870,20220603,055119,143-0,064426,138-138,0521_870-20220603/0521_870-20220603-055119-143-0.json,0521_870-20220603/0521_870-20220603-064426-138-138.json,0521_870-20220603/0521_870-20220603-055119-143-0.txt,0521_870-20220603/0521_870-20220603-064426-138-138.txt
0521,870,20220607,054058,102-0,061920,104-104,0521_870-20220607/0521_870-20220607-054058-102-0.json,0521_870-20220607/0521_870-20220607-061920-104-104.json,0521_870-20220607/0521_870-20220607-054058-102-0.txt,0521_870-20220607/0521_870-20220607-061920-104-104.txt
0521,870,20220608,060812,198-0,071235,196-196,0521_870-20220608/0521_870-20220608-060812-198-0.json,0521_870-20220608/0521_870-20220608-071235-196-196.json,0521_870-20220608/0521_870-20220608-060812-198-0.txt,0521_870-20220608/0521_870-20220608-071235-196-196.txt
0521,870,20220609,055527,193-0,070248,192-192,0521_870-20220609/0521_870-20220609-055527-193-0.json,0521_870-20220609/0521_870-20220609-070248-192-192.json,0521_870-20220609/0521_870-20220609-055527-193-0.txt,0521_870-20220609/0521_870-20220609-070248-192-192.txt
0521,870,20220610,060158,198-0,065926,192-192,0521_870-20220610/0521_870-20220610-060158-198-0.json,0521_870-20220610/0521_870-20220610-065926-192-192.json,0521_870-20220610/0521_870-20220610-060158-198-0.txt,0521_870-20220610/0521_870-20220610-065926-192-192.txt
0521,870,20220613,055933,166-0,065248,164-164,0521_870-20220613/0521_870-20220613-055933-166-0.json,0521_870-20220613/0521_870-20220613-065248-164-164.json,0521_870-20220613/0521_870-20220613-055933-166-0.txt,0521_870-20220613/0521_870-20220613-065248-164-164.txt
0521,870,20220614,061211,194-0,071906,190-190,0521_870-20220614/0521_870-20220614-061211-194-0.json,0521_870-20220614/0521_870-20220614-071906-190-190.json,0521_870-20220614/0521_870-20220614-061211-194-0.txt,0521_870-20220614/0521_870-20220614-071906-190-190.txt
0521,870,20220615,055551,159-0,065022,156-156,0521_870-20220615/0521_870-20220615-055551-159-0.json,0521_870-20220615/0521_870-20220615-065022-156-156.json,0521_870-20220615/0521_870-20220615-055551-159-0.txt,0521_870-20220615/0521_870-20220615-065022-156-156.txt
0521,870,20220616,053327,165-0,064321,139-139,0521_870-20220616/0521_870-20220616-053327-165-0.json,0521_870-20220616/0521_870-20220616-064321-139-139.json,0521_870-20220616/0521_870-20220616-053327-165-0.txt,0521_870-20220616/0521_870-20220616-064321-139-139.txt
0521,870,20220617,055141,161-0,064724,159-159,0521_870-20220617/0521_870-20220617-055141-161-0.json,0521_870-20220617/0521_870-20220617-064724-159-159.json,0521_870-20220617/0521_870-20220617-055141-161-0.txt,0521_870-20220617/0521_870-20220617-064724-159-159.txt
0521,870,20220620,055421,139-0,064251,140-140,0521_870-20220620/0521_870-20220620-055421-139-0.json,0521_870-20220620/0521_870-20220620-064251-140-140.json,0521_870-20220620/0521_870-20220620-055421-139-0.txt,0521_870-20220620/0521_870-20220620-064251-140-140.txt
0521,870,20220621,055453,179-0,064409,176-176,0521_870-20220621/0521_870-20220621-055453-179-0.json,0521_870-20220621/0521_870-20220621-064409-176-176.json,0521_870-20220621/0521_870-20220621-055453-179-0.txt,0521_870-20220621/0521_870-20220621-064409-176-176.txt
0521,870,20220622,061614,201-0,072432,199-199,0521_870-20220622/0521_870-20220622-061614-201-0.json,0521_870-20220622/0521_870-20220622-072432-199-199.json,0521_870-20220622/0521_870-20220622-061614-201-0.txt,0521_870-20220622/0521_870-20220622-072432-199-199.txt
0521,871,20220530,061112,110-110,063353,110-110,0521_871-20220530/0521_871-20220530-061112-110-110.json,0521_871-20220530/0521_871-20220530-063353-110-110.json,0521_871-20220530/0521_871-20220530-061112-110-110.txt,0521_871-20220530/0521_871-20220530-063353-110-110.txt
0521,871,20220531,063540,135-135,071102,135-135,0521_871-20220531/0521_871-20220531-063540-135-135.json,0521_871-20220531/0521_871-20220531-071102-135-135.json,0521_871-20220531/0521_871-20220531-063540-135-135.txt,0521_871-20220531/0521_871-20220531-071102-135-135.txt
0521,871,20220601,062053,116-0,065535,114-114,0521_871-20220601/0521_871-20220601-062053-116-0.json,0521_871-20220601/0521_871-20220601-065535-114-114.json,0521_871-20220601/0521_871-20220601-062053-116-0.txt,0521_871-20220601/0521_871-20220601-065535-114-114.txt
0521,871,20220602,055635,110-0,062704,110-110,0521_871-20220602/0521_871-20220602-055635-110-0.json,0521_871-20220602/0521_871-20220602-062704-110-110.json,0521_871-20220602/0521_871-20220602-055635-110-0.txt,0521_871-20220602/0521_871-20220602-062704-110-110.txt
0521,871,20220603,052644,96-0,061401,96-96,0521_871-20220603/0521_871-20220603-052644-96-0.json,0521_871-20220603/0521_871-20220603-061401-96-96.json,0521_871-20220603/0521_871-20220603-052644-96-0.txt,0521_871-20220603/0521_871-20220603-061401-96-96.txt
0521,871,20220607,061137,82-0,064052,80-80,0521_871-20220607/0521_871-20220607-061137-82-0.json,0521_871-20220607/0521_871-20220607-064052-80-80.json,0521_871-20220607/0521_871-20220607-061137-82-0.txt,0521_871-20220607/0521_871-20220607-064052-80-80.txt
0521,871,20220608,063055,136-0,070528,136-136,0521_871-20220608/0521_871-20220608-063055-136-0.json,0521_871-20220608/0521_871-20220608-070528-136-136.json,0521_871-20220608/0521_871-20220608-063055-136-0.txt,0521_871-20220608/0521_871-20220608-070528-136-136.txt
0521,871,20220609,061007,111-0,064541,107-107,0521_871-20220609/0521_871-20220609-061007-111-0.json,0521_871-20220609/0521_871-20220609-064541-107-107.json,0521_871-20220609/0521_871-20220609-061007-111-0.txt,0521_871-20220609/0521_871-20220609-064541-107-107.txt
0521,871,20220610,062415,114-0,070656,114-114,0521_871-20220610/0521_871-20220610-062415-114-0.json,0521_871-20220610/0521_871-20220610-070656-114-114.json,0521_871-20220610/0521_871-20220610-062415-114-0.txt,0521_871-20220610/0521_871-20220610-070656-114-114.txt
0521,871,20220613,060847,131-0,065400,112-112,0521_871-20220613/0521_871-20220613-060847-131-0.json,0521_871-20220613/0521_871-20220613-065400-112-112.json,0521_871-20220613/0521_871-20220613-060847-131-0.txt,0521_871-20220613/0521_871-20220613-065400-112-112.txt
0521,871,20220614,063023,129-0,070932,128-128,0521_871-20220614/0521_871-20220614-063023-129-0.json,0521_871-20220614/0521_871-20220614-070932-128-128.json,0521_871-20220614/0521_871-20220614-063023-129-0.txt,0521_871-20220614/0521_871-20220614-070932-128-128.txt
0521,871,20220615,060206,109-0,063211,108-108,0521_871-20220615/0521_871-20220615-060206-109-0.json,0521_871-20220615/0521_871-20220615-063211-108-108.json,0521_871-20220615/0521_871-20220615-060206-109-0.txt,0521_871-20220615/0521_871-20220615-063211-108-108.txt
0521,871,20220616,054910,95-0,054910,95-0,0521_871-20220616/0521_871-20220616-054910-95-0.json,0521_871-20220616/0521_871-20220616-054910-95-0.json,0521_871-20220616/0521_871-20220616-054910-95-0.txt,0521_871-20220616/0521_871-20220616-054910-95-0.txt
0521,871,20220617,061932,99-0,064753,96-96,0521_871-20220617/0521_871-20220617-061932-99-0.json,0521_871-20220617/0521_871-20220617-064753-96-96.json,0521_871-20220617/0521_871-20220617-061932-99-0.txt,0521_871-20220617/0521_871-20220617-064753-96-96.txt
0521,871,20220620,053538,79-0,060508,77-77,0521_871-20220620/0521_871-20220620-053538-79-0.json,0521_871-20220620/0521_871-20220620-060508-77-77.json,0521_871-20220620/0521_871-20220620-053538-79-0.txt,0521_871-20220620/0521_871-20220620-060508-77-77.txt
0521,871,20220621,062249,129-0,063109,129-129,0521_871-20220621/0521_871-20220621-062249-129-0.json,0521_871-20220621/0521_871-20220621-063109-129-129.json,0521_871-20220621/0521_871-20220621-062249-129-0.txt,0521_871-20220621/0521_871-20220621-063109-129-129.txt
0521,871,20220622,061105,97-0,061804,95-95,0521_871-20220622/0521_871-20220622-061105-97-0.json,0521_871-20220622/0521_871-20220622-061804-95-95.json,0521_871-20220622/0521_871-20220622-061105-97-0.txt,0521_871-20220622/0521_871-20220622-061804-95-95.txt
0521,872,20220530,062406,152-152,063940,152-152,0521_872-20220530/0521_872-20220530-062406-152-152.json,0521_872-20220530/0521_872-20220530-063940-152-152.json,0521_872-20220530/0521_872-20220530-062406-152-152.txt,0521_872-20220530/0521_872-20220530-063940-152-152.txt
0521,872,20220531,053031,184-0,063549,178-178,0521_872-20220531/0521_872-20220531-053031-184-0.json,0521_872-20220531/0521_872-20220531-063549-178-178.json,0521_872-20220531/0521_872-20220531-053031-184-0.txt,0521_872-20220531/0521_872-20220531-063549-178-178.txt
0521,872,20220601,052854,151-0,063633,150-150,0521_872-20220601/0521_872-20220601-052854-151-0.json,0521_872-20220601/0521_872-20220601-063633-150-150.json,0521_872-20220601/0521_872-20220601-052854-151-0.txt,0521_872-20220601/0521_872-20220601-063633-150-150.txt
0521,872,20220602,052744,152-0,062633,151-151,0521_872-20220602/0521_872-20220602-052744-152-0.json,0521_872-20220602/0521_872-20220602-062633-151-151.json,0521_872-20220602/0521_872-20220602-052744-152-0.txt,0521_872-20220602/0521_872-20220602-062633-151-151.txt
0521,872,20220603,051946,125-0,060314,126-126,0521_872-20220603/0521_872-20220603-051946-125-0.json,0521_872-20220603/0521_872-20220603-060314-126-126.json,0521_872-20220603/0521_872-20220603-051946-125-0.txt,0521_872-20220603/0521_872-20220603-060314-126-126.txt
0521,872,20220607,052216,115-0,060322,112-112,0521_872-20220607/0521_872-20220607-052216-115-0.json,0521_872-20220607/0521_872-20220607-060322-112-112.json,0521_872-20220607/0521_872-20220607-052216-115-0.txt,0521_872-20220607/0521_872-20220607-060322-112-112.txt
0521,872,20220608,055641,191-0,065709,190-190,0521_872-20220608/0521_872-20220608-055641-191-0.json,0521_872-20220608/0521_872-20220608-065709-190-190.json,0521_872-20220608/0521_872-20220608-055641-191-0.txt,0521_872-20220608/0521_872-20220608-065709-190-190.txt
0521,872,20220609,052835,182-0,062549,184-184,0521_872-20220609/0521_872-20220609-052835-182-0.json,0521_872-20220609/0521_872-20220609-062549-184-184.json,0521_872-20220609/0521_872-20220609-052835-182-0.txt,0521_872-20220609/0521_872-20220609-062549-184-184.txt
0521,872,20220610,054040,160-0,064058,160-160,0521_872-20220610/0521_872-20220610-054040-160-0.json,0521_872-20220610/0521_872-20220610-064058-160-160.json,0521_872-20220610/0521_872-20220610-054040-160-0.txt,0521_872-20220610/0521_872-20220610-064058-160-160.txt
0521,872,20220613,052937,158-0,063858,156-156,0521_872-20220613/0521_872-20220613-052937-158-0.json,0521_872-20220613/0521_872-20220613-063858-156-156.json,0521_872-20220613/0521_872-20220613-052937-158-0.txt,0521_872-20220613/0521_872-20220613-063858-156-156.txt
0521,872,20220614,053105,209-0,063206,209-209,0521_872-20220614/0521_872-20220614-053105-209-0.json,0521_872-20220614/0521_872-20220614-063206-209-209.json,0521_872-20220614/0521_872-20220614-053105-209-0.txt,0521_872-20220614/0521_872-20220614-063206-209-209.txt
0521,872,20220615,052550,158-0,061501,155-155,0521_872-20220615/0521_872-20220615-052550-158-0.json,0521_872-20220615/0521_872-20220615-061501-155-155.json,0521_872-20220615/0521_872-20220615-052550-158-0.txt,0521_872-20220615/0521_872-20220615-061501-155-155.txt
0521,872,20220616,053053,192-0,063359,189-189,0521_872-20220616/0521_872-20220616-053053-192-0.json,0521_872-20220616/0521_872-20220616-063359-189-189.json,0521_872-20220616/0521_872-20220616-053053-192-0.txt,0521_872-20220616/0521_872-20220616-063359-189-189.txt
0521,872,20220617,052717,138-0,061858,129-129,0521_872-20220617/0521_872-20220617-052717-138-0.json,0521_872-20220617/0521_872-20220617-061858-129-129.json,0521_872-20220617/0521_872-20220617-052717-138-0.txt,0521_872-20220617/0521_872-20220617-061858-129-129.txt
0521,872,20220618,052532,39-0,054412,39-39,0521_872-20220618/0521_872-20220618-052532-39-0.json,0521_872-20220618/0521_872-20220618-054412-39-39.json,0521_872-20220618/0521_872-20220618-052532-39-0.txt,0521_872-20220618/0521_872-20220618-054412-39-39.txt
0521,872,20220620,052239,115-0,061226,110-110,0521_872-20220620/0521_872-20220620-052239-115-0.json,0521_872-20220620/0521_872-20220620-061226-110-110.json,0521_872-20220620/0521_872-20220620-052239-115-0.txt,0521_872-20220620/0521_872-20220620-061226-110-110.txt
0521,872,20220621,052621,175-0,062542,171-171,0521_872-20220621/0521_872-20220621-052621-175-0.json,0521_872-20220621/0521_872-20220621-062542-171-171.json,0521_872-20220621/0521_872-20220621-052621-175-0.txt,0521_872-20220621/0521_872-20220621-062542-171-171.txt
0521,872,20220622,054336,150-0,063021,145-145,0521_872-20220622/0521_872-20220622-054336-150-0.json,0521_872-20220622/0521_872-20220622-063021-145-145.json,0521_872-20220622/0521_872-20220622-054336-150-0.txt,0521_872-20220622/0521_872-20220622-063021-145-145.txt
0521,874,20220530,061720,237-0,065000,126-126,0521_874-20220530/0521_874-20220530-061720-237-0.json,0521_874-20220530/0521_874-20220530-065000-126-126.json,0521_874-20220530/0521_874-20220530-061720-237-0.txt,0521_874-20220530/0521_874-20220530-065000-126-126.txt
0521,874,20220531,051934,306-0,065815,129-129,0521_874-20220531/0521_874-20220531-051934-306-0.json,0521_874-20220531/0521_874-20220531-065815-129-129.json,0521_874-20220531/0521_874-20220531-051934-306-0.txt,0521_874-20220531/0521_874-20220531-065815-129-129.txt
0521,874,20220601,064153,262-0,072642,112-112,0521_874-20220601/0521_874-20220601-064153-262-0.json,0521_874-20220601/0521_874-20220601-072642-112-112.json,0521_874-20220601/0521_874-20220601-064153-262-0.txt,0521_874-20220601/0521_874-20220601-072642-112-112.txt
0521,874,20220602,064126,239-0,073259,107-107,0521_874-20220602/0521_874-20220602-064126-239-0.json,0521_874-20220602/0521_874-20220602-073259-107-107.json,0521_874-20220602/0521_874-20220602-064126-239-0.txt,0521_874-20220602/0521_874-20220602-073259-107-107.txt
0521,874,20220603,082412,249-0,104536,103-103,0521_874-20220603/0521_874-20220603-082412-249-0.json,0521_874-20220603/0521_874-20220603-104536-103-103.json,0521_874-20220603/0521_874-20220603-082412-249-0.txt,0521_874-20220603/0521_874-20220603-104536-103-103.txt
0521,874,20220607,060206,185-0,082435,124-124,0521_874-20220607/0521_874-20220607-060206-185-0.json,0521_874-20220607/0521_874-20220607-082435-124-124.json,0521_874-20220607/0521_874-20220607-060206-185-0.txt,0521_874-20220607/0521_874-20220607-082435-124-124.txt
0521,874,20220608,051713,309-0,063152,194-0,0521_874-20220608/0521_874-20220608-051713-309-0.json,0521_874-20220608/0521_874-20220608-063152-194-0.json,0521_874-20220608/0521_874-20220608-051713-309-0.txt,0521_874-20220608/0521_874-20220608-063152-194-0.txt
0521,874,20220609,065613,275-0,091632,127-127,0521_874-20220609/0521_874-20220609-065613-275-0.json,0521_874-20220609/0521_874-20220609-091632-127-127.json,0521_874-20220609/0521_874-20220609-065613-275-0.txt,0521_874-20220609/0521_874-20220609-091632-127-127.txt
0521,874,20220610,075342,240-0,091640,123-123,0521_874-20220610/0521_874-20220610-075342-240-0.json,0521_874-20220610/0521_874-20220610-091640-123-123.json,0521_874-20220610/0521_874-20220610-075342-240-0.txt,0521_874-20220610/0521_874-20220610-091640-123-123.txt
0521,874,20220613,070229,193-0,080030,134-0,0521_874-20220613/0521_874-20220613-070229-193-0.json,0521_874-20220613/0521_874-20220613-080030-134-0.json,0521_874-20220613/0521_874-20220613-070229-193-0.txt,0521_874-20220613/0521_874-20220613-080030-134-0.txt
0521,874,20220614,062333,257-0,092350,64-0,0521_874-20220614/0521_874-20220614-062333-257-0.json,0521_874-20220614/0521_874-20220614-092350-64-0.json,0521_874-20220614/0521_874-20220614-062333-257-0.txt,0521_874-20220614/0521_874-20220614-092350-64-0.txt
0521,874,20220616,064257,245-0,092525,78-78,0521_874-20220616/0521_874-20220616-064257-245-0.json,0521_874-20220616/0521_874-20220616-092525-78-78.json,0521_874-20220616/0521_874-20220616-064257-245-0.txt,0521_874-20220616/0521_874-20220616-092525-78-78.txt
0521,874,20220617,061442,202-0,080232,60-60,0521_874-20220617/0521_874-20220617-061442-202-0.json,0521_874-20220617/0521_874-20220617-080232-60-60.json,0521_874-20220617/0521_874-20220617-061442-202-0.txt,0521_874-20220617/0521_874-20220617-080232-60-60.txt
0521,874,20220620,051614,174-0,062415,175-0,0521_874-20220620/0521_874-20220620-051614-174-0.json,0521_874-20220620/0521_874-20220620-062415-175-0.json,0521_874-20220620/0521_874-20220620-051614-174-0.txt,0521_874-20220620/0521_874-20220620-062415-175-0.txt
0521,874,20220621,064210,260-0,093916,91-91,0521_874-20220621/0521_874-20220621-064210-260-0.json,0521_874-20220621/0521_874-20220621-093916-91-91.json,0521_874-20220621/0521_874-20220621-064210-260-0.txt,0521_874-20220621/0521_874-20220621-093916-91-91.txt
0521,874,20220622,070433,253-0,073721,3-0,0521_874-20220622/0521_874-20220622-070433-253-0.json,0521_874-20220622/0521_874-20220622-073721-3-0.json,0521_874-20220622/0521_874-20220622-070433-253-0.txt,0521_874-20220622/0521_874-20220622-073721-3-0.txt
0521,875,20220530,061357,115-0,065011,115-115,0521_875-20220530/0521_875-20220530-061357-115-0.json,0521_875-20220530/0521_875-20220530-065011-115-115.json,0521_875-20220530/0521_875-20220530-061357-115-0.txt,0521_875-20220530/0521_875-20220530-065011-115-115.txt
0521,875,20220531,055545,350-0,071129,129-129,0521_875-20220531/0521_875-20220531-055545-350-0.json,0521_875-20220531/0521_875-20220531-071129-129-129.json,0521_875-20220531/0521_875-20220531-055545-350-0.txt,0521_875-20220531/0521_875-20220531-071129-129-129.txt
0521,875,20220601,050325,267-0,064627,128-128,0521_875-20220601/0521_875-20220601-050325-267-0.json,0521_875-20220601/0521_875-20220601-064627-128-128.json,0521_875-20220601/0521_875-20220601-050325-267-0.txt,0521_875-20220601/0521_875-20220601-064627-128-128.txt
0521,875,20220602,054614,263-0,063626,114-114,0521_875-20220602/0521_875-20220602-054614-263-0.json,0521_875-20220602/0521_875-20220602-063626-114-114.json,0521_875-20220602/0521_875-20220602-054614-263-0.txt,0521_875-20220602/0521_875-20220602-063626-114-114.txt
0521,875,20220603,050426,241-0,062411,129-129,0521_875-20220603/0521_875-20220603-050426-241-0.json,0521_875-20220603/0521_875-20220603-062411-129-129.json,0521_875-20220603/0521_875-20220603-050426-241-0.txt,0521_875-20220603/0521_875-20220603-062411-129-129.txt
0521,875,20220607,050202,190-0,062915,111-111,0521_875-20220607/0521_875-20220607-050202-190-0.json,0521_875-20220607/0521_875-20220607-062915-111-111.json,0521_875-20220607/0521_875-20220607-050202-190-0.txt,0521_875-20220607/0521_875-20220607-062915-111-111.txt
0521,875,20220608,050649,318-0,071344,134-134,0521_875-20220608/0521_875-20220608-050649-318-0.json,0521_875-20220608/0521_875-20220608-071344-134-134.json,0521_875-20220608/0521_875-20220608-050649-318-0.txt,0521_875-20220608/0521_875-20220608-071344-134-134.txt
0521,875,20220609,060231,279-0,070101,131-131,0521_875-20220609/0521_875-20220609-060231-279-0.json,0521_875-20220609/0521_875-20220609-070101-131-131.json,0521_875-20220609/0521_875-20220609-060231-279-0.txt,0521_875-20220609/0521_875-20220609-070101-131-131.txt
0521,875,20220610,054415,271-0,063400,127-127,0521_875-20220610/0521_875-20220610-054415-271-0.json,0521_875-20220610/0521_875-20220610-063400-127-127.json,0521_875-20220610/0521_875-20220610-054415-271-0.txt,0521_875-20220610/0521_875-20220610-063400-127-127.txt
0521,875,20220613,050343,236-0,064000,128-128,0521_875-20220613/0521_875-20220613-050343-236-0.json,0521_875-20220613/0521_875-20220613-064000-128-128.json,0521_875-20220613/0521_875-20220613-050343-236-0.txt,0521_875-20220613/0521_875-20220613-064000-128-128.txt
0521,875,20220614,055041,271-0,062547,130-130,0521_875-20220614/0521_875-20220614-055041-271-0.json,0521_875-20220614/0521_875-20220614-062547-130-130.json,0521_875-20220614/0521_875-20220614-055041-271-0.txt,0521_875-20220614/0521_875-20220614-062547-130-130.txt
0521,875,20220615,050746,223-0,062051,128-128,0521_875-20220615/0521_875-20220615-050746-223-0.json,0521_875-20220615/0521_875-20220615-062051-128-128.json,0521_875-20220615/0521_875-20220615-050746-223-0.txt,0521_875-20220615/0521_875-20220615-062051-128-128.txt
0521,875,20220616,054537,256-0,062653,128-128,0521_875-20220616/0521_875-20220616-054537-256-0.json,0521_875-20220616/0521_875-20220616-062653-128-128.json,0521_875-20220616/0521_875-20220616-054537-256-0.txt,0521_875-20220616/0521_875-20220616-062653-128-128.txt
0521,875,20220617,050620,195-0,062405,127-127,0521_875-20220617/0521_875-20220617-050620-195-0.json,0521_875-20220617/0521_875-20220617-062405-127-127.json,0521_875-20220617/0521_875-20220617-050620-195-0.txt,0521_875-20220617/0521_875-20220617-062405-127-127.txt
0521,875,20220620,053825,216-0,061242,113-113,0521_875-20220620/0521_875-20220620-053825-216-0.json,0521_875-20220620/0521_875-20220620-061242-113-113.json,0521_875-20220620/0521_875-20220620-053825-216-0.txt,0521_875-20220620/0521_875-20220620-061242-113-113.txt
0521,875,20220621,050657,274-0,055011,56-56,0521_875-20220621/0521_875-20220621-050657-274-0.json,0521_875-20220621/0521_875-20220621-055011-56-56.json,0521_875-20220621/0521_875-20220621-050657-274-0.txt,0521_875-20220621/0521_875-20220621-055011-56-56.txt
0521,875,20220622,050346,286-0,065231,115-115,0521_875-20220622/0521_875-20220622-050346-286-0.json,0521_875-20220622/0521_875-20220622-065231-115-115.json,0521_875-20220622/0521_875-20220622-050346-286-0.txt,0521_875-20220622/0521_875-20220622-065231-115-115.txt
0521,876,20220530,061633,169-0,073411,166-166,0521_876-20220530/0521_876-20220530-061633-169-0.json,0521_876-20220530/0521_876-20220530-073411-166-166.json,0521_876-20220530/0521_876-20220530-061633-169-0.txt,0521_876-20220530/0521_876-20220530-073411-166-166.txt
0521,876,20220531,051244,242-0,074337,179-179,0521_876-20220531/0521_876-20220531-051244-242-0.json,0521_876-20220531/0521_876-20220531-074337-179-179.json,0521_876-20220531/0521_876-20220531-051244-242-0.txt,0521_876-20220531/0521_876-20220531-074337-179-179.txt
0521,876,20220601,051303,212-0,074819,186-186,0521_876-20220601/0521_876-20220601-051303-212-0.json,0521_876-20220601/0521_876-20220601-074819-186-186.json,0521_876-20220601/0521_876-20220601-051303-212-0.txt,0521_876-20220601/0521_876-20220601-074819-186-186.txt
0521,876,20220602,051740,187-0,073557,156-156,0521_876-20220602/0521_876-20220602-051740-187-0.json,0521_876-20220602/0521_876-20220602-073557-156-156.json,0521_876-20220602/0521_876-20220602-051740-187-0.txt,0521_876-20220602/0521_876-20220602-073557-156-156.txt
0521,876,20220603,051727,211-0,082659,178-178,0521_876-20220603/0521_876-20220603-051727-211-0.json,0521_876-20220603/0521_876-20220603-082659-178-178.json,0521_876-20220603/0521_876-20220603-051727-211-0.txt,0521_876-20220603/0521_876-20220603-082659-178-178.txt
0521,876,20220604,054723,29-0,061951,29-29,0521_876-20220604/0521_876-20220604-054723-29-0.json,0521_876-20220604/0521_876-20220604-061951-29-29.json,0521_876-20220604/0521_876-20220604-054723-29-0.txt,0521_876-20220604/0521_876-20220604-061951-29-29.txt
0521,876,20220607,052452,157-0,072858,135-135,0521_876-20220607/0521_876-20220607-052452-157-0.json,0521_876-20220607/0521_876-20220607-072858-135-135.json,0521_876-20220607/0521_876-20220607-052452-157-0.txt,0521_876-20220607/0521_876-20220607-072858-135-135.txt
0521,876,20220608,050817,231-0,081430,191-191,0521_876-20220608/0521_876-20220608-050817-231-0.json,0521_876-20220608/0521_876-20220608-081430-191-191.json,0521_876-20220608/0521_876-20220608-050817-231-0.txt,0521_876-20220608/0521_876-20220608-081430-191-191.txt
0521,876,20220609,051256,193-0,070929,179-179,0521_876-20220609/0521_876-20220609-051256-193-0.json,0521_876-20220609/0521_876-20220609-070929-179-179.json,0521_876-20220609/0521_876-20220609-051256-193-0.txt,0521_876-20220609/0521_876-20220609-070929-179-179.txt
0521,876,20220610,063353,173-0,072906,188-188,0521_876-20220610/0521_876-20220610-063353-173-0.json,0521_876-20220610/0521_876-20220610-072906-188-188.json,0521_876-20220610/0521_876-20220610-063353-173-0.txt,0521_876-20220610/0521_876-20220610-072906-188-188.txt
0521,876,20220611,061335,25-0,062511,27-27,0521_876-20220611/0521_876-20220611-061335-25-0.json,0521_876-20220611/0521_876-20220611-062511-27-27.json,0521_876-20220611/0521_876-20220611-061335-25-0.txt,0521_876-20220611/0521_876-20220611-062511-27-27.txt
0521,876,20220613,051538,197-0,080011,166-166,0521_876-20220613/0521_876-20220613-051538-197-0.json,0521_876-20220613/0521_876-20220613-080011-166-166.json,0521_876-20220613/0521_876-20220613-051538-197-0.txt,0521_876-20220613/0521_876-20220613-080011-166-166.txt
0521,876,20220614,051218,209-0,075819,185-185,0521_876-20220614/0521_876-20220614-051218-209-0.json,0521_876-20220614/0521_876-20220614-075819-185-185.json,0521_876-20220614/0521_876-20220614-051218-209-0.txt,0521_876-20220614/0521_876-20220614-075819-185-185.txt
0521,876,20220615,051346,200-0,075519,164-164,0521_876-20220615/0521_876-20220615-051346-200-0.json,0521_876-20220615/0521_876-20220615-075519-164-164.json,0521_876-20220615/0521_876-20220615-051346-200-0.txt,0521_876-20220615/0521_876-20220615-075519-164-164.txt
0521,876,20220616,051511,198-0,075116,165-165,0521_876-20220616/0521_876-20220616-051511-198-0.json,0521_876-20220616/0521_876-20220616-075116-165-165.json,0521_876-20220616/0521_876-20220616-051511-198-0.txt,0521_876-20220616/0521_876-20220616-075116-165-165.txt
0521,876,20220617,051828,167-0,074030,143-143,0521_876-20220617/0521_876-20220617-051828-167-0.json,0521_876-20220617/0521_876-20220617-074030-143-143.json,0521_876-20220617/0521_876-20220617-051828-167-0.txt,0521_876-20220617/0521_876-20220617-074030-143-143.txt
0521,876,20220618,062649,38-0,064013,38-38,0521_876-20220618/0521_876-20220618-062649-38-0.json,0521_876-20220618/0521_876-20220618-064013-38-38.json,0521_876-20220618/0521_876-20220618-062649-38-0.txt,0521_876-20220618/0521_876-20220618-064013-38-38.txt
0521,876,20220620,055240,172-0,075451,147-147,0521_876-20220620/0521_876-20220620-055240-172-0.json,0521_876-20220620/0521_876-20220620-075451-147-147.json,0521_876-20220620/0521_876-20220620-055240-172-0.txt,0521_876-20220620/0521_876-20220620-075451-147-147.txt
0521,876,20220621,051949,199-0,074330,171-171,0521_876-20220621/0521_876-20220621-051949-199-0.json,0521_876-20220621/0521_876-20220621-074330-171-171.json,0521_876-20220621/0521_876-20220621-051949-199-0.txt,0521_876-20220621/0521_876-20220621-074330-171-171.txt
0521,876,20220622,053619,195-0,075025,167-167,0521_876-20220622/0521_876-20220622-053619-195-0.json,0521_876-20220622/0521_876-20220622-075025-167-167.json,0521_876-20220622/0521_876-20220622-053619-195-0.txt,0521_876-20220622/0521_876-20220622-075025-167-167.txt
0521,879,20220530,071807,4-0,071807,4-0,0521_879-20220530/0521_879-20220530-071807-4-0.json,0521_879-20220530/0521_879-20220530-071807-4-0.json,0521_879-20220530/0521_879-20220530-071807-4-0.txt,0521_879-20220530/0521_879-20220530-071807-4-0.txt
0521,879,20220531,062918,4-0,062918,4-0,0521_879-20220531/0521_879-20220531-062918-4-0.json,0521_879-20220531/0521_879-20220531-062918-4-0.json,0521_879-20220531/0521_879-20220531-062918-4-0.txt,0521_879-20220531/0521_879-20220531-062918-4-0.txt
0521,879,20220602,055024,5-0,055024,5-0,0521_879-20220602/0521_879-20220602-055024-5-0.json,0521_879-20220602/0521_879-20220602-055024-5-0.json,0521_879-20220602/0521_879-20220602-055024-5-0.txt,0521_879-20220602/0521_879-20220602-055024-5-0.txt
0521,879,20220603,050440,127-0,061133,116-0,0521_879-20220603/0521_879-20220603-050440-127-0.json,0521_879-20220603/0521_879-20220603-061133-116-0.json,0521_879-20220603/0521_879-20220603-050440-127-0.txt,0521_879-20220603/0521_879-20220603-061133-116-0.txt
0521,879,20220607,060141,2-0,060141,2-0,0521_879-20220607/0521_879-20220607-060141-2-0.json,0521_879-20220607/0521_879-20220607-060141-2-0.json,0521_879-20220607/0521_879-20220607-060141-2-0.txt,0521_879-20220607/0521_879-20220607-060141-2-0.txt
0521,879,20220608,060020,5-0,060020,5-0,0521_879-20220608/0521_879-20220608-060020-5-0.json,0521_879-20220608/0521_879-20220608-060020-5-0.json,0521_879-20220608/0521_879-20220608-060020-5-0.txt,0521_879-20220608/0521_879-20220608-060020-5-0.txt
0521,879,20220609,061023,5-0,061023,5-0,0521_879-20220609/0521_879-20220609-061023-5-0.json,0521_879-20220609/0521_879-20220609-061023-5-0.json,0521_879-20220609/0521_879-20220609-061023-5-0.txt,0521_879-20220609/0521_879-20220609-061023-5-0.txt
0521,879,20220610,060116,4-0,060116,4-0,0521_879-20220610/0521_879-20220610-060116-4-0.json,0521_879-20220610/0521_879-20220610-060116-4-0.json,0521_879-20220610/0521_879-20220610-060116-4-0.txt,0521_879-20220610/0521_879-20220610-060116-4-0.txt
0521,879,20220613,062506,4-0,062506,4-0,0521_879-20220613/0521_879-20220613-062506-4-0.json,0521_879-20220613/0521_879-20220613-062506-4-0.json,0521_879-20220613/0521_879-20220613-062506-4-0.txt,0521_879-20220613/0521_879-20220613-062506-4-0.txt
0521,879,20220614,055010,4-0,055010,4-0,0521_879-20220614/0521_879-20220614-055010-4-0.json,0521_879-20220614/0521_879-20220614-055010-4-0.json,0521_879-20220614/0521_879-20220614-055010-4-0.txt,0521_879-20220614/0521_879-20220614-055010-4-0.txt
0521,879,20220615,054416,4-0,054416,4-0,0521_879-20220615/0521_879-20220615-054416-4-0.json,0521_879-20220615/0521_879-20220615-054416-4-0.json,0521_879-20220615/0521_879-20220615-054416-4-0.txt,0521_879-20220615/0521_879-20220615-054416-4-0.txt
0521,879,20220616,065211,4-0,065211,4-0,0521_879-20220616/0521_879-20220616-065211-4-0.json,0521_879-20220616/0521_879-20220616-065211-4-0.json,0521_879-20220616/0521_879-20220616-065211-4-0.txt,0521_879-20220616/0521_879-20220616-065211-4-0.txt
0521,879,20220617,062019,110-0,062019,110-0,0521_879-20220617/0521_879-20220617-062019-110-0.json,0521_879-20220617/0521_879-20220617-062019-110-0.json,0521_879-20220617/0521_879-20220617-062019-110-0.txt,0521_879-20220617/0521_879-20220617-062019-110-0.txt
0521,879,20220620,051925,97-0,063045,119-119,0521_879-20220620/0521_879-20220620-051925-97-0.json,0521_879-20220620/0521_879-20220620-063045-119-119.json,0521_879-20220620/0521_879-20220620-051925-97-0.txt,0521_879-20220620/0521_879-20220620-063045-119-119.txt
0521,879,20220621,051600,151-0,070500,162-162,0521_879-20220621/0521_879-20220621-051600-151-0.json,0521_879-20220621/0521_879-20220621-070500-162-162.json,0521_879-20220621/0521_879-20220621-051600-151-0.txt,0521_879-20220621/0521_879-20220621-070500-162-162.txt
0521,879,20220622,051913,142-0,070022,172-172,0521_879-20220622/0521_879-20220622-051913-142-0.json,0521_879-20220622/0521_879-20220622-070022-172-172.json,0521_879-20220622/0521_879-20220622-051913-142-0.txt,0521_879-20220622/0521_879-20220622-070022-172-172.txt
0521,880,20220530,063454,293-0,075709,108-108,0521_880-20220530/0521_880-20220530-063454-293-0.json,0521_880-20220530/0521_880-20220530-075709-108-108.json,0521_880-20220530/0521_880-20220530-063454-293-0.txt,0521_880-20220530/0521_880-20220530-075709-108-108.txt
0521,880,20220531,065527,309-0,081459,115-115,0521_880-20220531/0521_880-20220531-065527-309-0.json,0521_880-20220531/0521_880-20220531-081459-115-115.json,0521_880-20220531/0521_880-20220531-065527-309-0.txt,0521_880-20220531/0521_880-20220531-081459-115-115.txt
0521,880,20220601,053020,324-0,084623,142-142,0521_880-20220601/0521_880-20220601-053020-324-0.json,0521_880-20220601/0521_880-20220601-084623-142-142.json,0521_880-20220601/0521_880-20220601-053020-324-0.txt,0521_880-20220601/0521_880-20220601-084623-142-142.txt
0521,880,20220602,061519,286-0,083600,133-133,0521_880-20220602/0521_880-20220602-061519-286-0.json,0521_880-20220602/0521_880-20220602-083600-133-133.json,0521_880-20220602/0521_880-20220602-061519-286-0.txt,0521_880-20220602/0521_880-20220602-083600-133-133.txt
0521,880,20220603,073452,233-0,083118,94-94,0521_880-20220603/0521_880-20220603-073452-233-0.json,0521_880-20220603/0521_880-20220603-083118-94-94.json,0521_880-20220603/0521_880-20220603-073452-233-0.txt,0521_880-20220603/0521_880-20220603-083118-94-94.txt
0521,880,20220607,055453,177-0,064319,83-83,0521_880-20220607/0521_880-20220607-055453-177-0.json,0521_880-20220607/0521_880-20220607-064319-83-83.json,0521_880-20220607/0521_880-20220607-055453-177-0.txt,0521_880-20220607/0521_880-20220607-064319-83-83.txt
0521,880,20220608,052014,288-0,072256,125-125,0521_880-20220608/0521_880-20220608-052014-288-0.json,0521_880-20220608/0521_880-20220608-072256-125-125.json,0521_880-20220608/0521_880-20220608-052014-288-0.txt,0521_880-20220608/0521_880-20220608-072256-125-125.txt
0521,880,20220609,060459,220-0,065156,118-118,0521_880-20220609/0521_880-20220609-060459-220-0.json,0521_880-20220609/0521_880-20220609-065156-118-118.json,0521_880-20220609/0521_880-20220609-060459-220-0.txt,0521_880-20220609/0521_880-20220609-065156-118-118.txt
0521,880,20220610,064423,227-0,073430,102-102,0521_880-20220610/0521_880-20220610-064423-227-0.json,0521_880-20220610/0521_880-20220610-073430-102-102.json,0521_880-20220610/0521_880-20220610-064423-227-0.txt,0521_880-20220610/0521_880-20220610-073430-102-102.txt
0521,880,20220611,063920,87-0,071356,57-57,0521_880-20220611/0521_880-20220611-063920-87-0.json,0521_880-20220611/0521_880-20220611-071356-57-57.json,0521_880-20220611/0521_880-20220611-063920-87-0.txt,0521_880-20220611/0521_880-20220611-071356-57-57.txt
0521,880,20220613,061157,246-0,065713,99-99,0521_880-20220613/0521_880-20220613-061157-246-0.json,0521_880-20220613/0521_880-20220613-065713-99-99.json,0521_880-20220613/0521_880-20220613-061157-246-0.txt,0521_880-20220613/0521_880-20220613-065713-99-99.txt
0521,880,20220614,061843,317-0,072633,127-127,0521_880-20220614/0521_880-20220614-061843-317-0.json,0521_880-20220614/0521_880-20220614-072633-127-127.json,0521_880-20220614/0521_880-20220614-061843-317-0.txt,0521_880-20220614/0521_880-20220614-072633-127-127.txt
0521,880,20220615,052124,263-0,070152,119-119,0521_880-20220615/0521_880-20220615-052124-263-0.json,0521_880-20220615/0521_880-20220615-070152-119-119.json,0521_880-20220615/0521_880-20220615-052124-263-0.txt,0521_880-20220615/0521_880-20220615-070152-119-119.txt
0521,880,20220616,060056,111-0,063902,110-110,0521_880-20220616/0521_880-20220616-060056-111-0.json,0521_880-20220616/0521_880-20220616-063902-110-110.json,0521_880-20220616/0521_880-20220616-060056-111-0.txt,0521_880-20220616/0521_880-20220616-063902-110-110.txt
0521,880,20220617,055826,216-0,064031,114-114,0521_880-20220617/0521_880-20220617-055826-216-0.json,0521_880-20220617/0521_880-20220617-064031-114-114.json,0521_880-20220617/0521_880-20220617-055826-216-0.txt,0521_880-20220617/0521_880-20220617-064031-114-114.txt
0521,880,20220618,061218,46-0,063832,46-46,0521_880-20220618/0521_880-20220618-061218-46-0.json,0521_880-20220618/0521_880-20220618-063832-46-46.json,0521_880-20220618/0521_880-20220618-061218-46-0.txt,0521_880-20220618/0521_880-20220618-063832-46-46.txt
0521,880,20220620,051107,208-0,063839,99-99,0521_880-20220620/0521_880-20220620-051107-208-0.json,0521_880-20220620/0521_880-20220620-063839-99-99.json,0521_880-20220620/0521_880-20220620-051107-208-0.txt,0521_880-20220620/0521_880-20220620-063839-99-99.txt
0521,880,20220621,061317,282-0,065454,114-114,0521_880-20220621/0521_880-20220621-061317-282-0.json,0521_880-20220621/0521_880-20220621-065454-114-114.json,0521_880-20220621/0521_880-20220621-061317-282-0.txt,0521_880-20220621/0521_880-20220621-065454-114-114.txt
0521,880,20220622,060024,254-0,064619,116-116,0521_880-20220622/0521_880-20220622-060024-254-0.json,0521_880-20220622/0521_880-20220622-064619-116-116.json,0521_880-20220622/0521_880-20220622-060024-254-0.txt,0521_880-20220622/0521_880-20220622-064619-116-116.txt
0521,881,20220531,090154,134-0,092121,134-134,0521_881-20220531/0521_881-20220531-090154-134-0.json,0521_881-20220531/0521_881-20220531-092121-134-134.json,0521_881-20220531/0521_881-20220531-090154-134-0.txt,0521_881-20220531/0521_881-20220531-092121-134-134.txt
0521,881,20220601,095533,118-0,103423,118-118,0521_881-20220601/0521_881-20220601-095533-118-0.json,0521_881-20220601/0521_881-20220601-103423-118-118.json,0521_881-20220601/0521_881-20220601-095533-118-0.txt,0521_881-20220601/0521_881-20220601-103423-118-118.txt
0521,881,20220602,095337,65-0,111635,100-100,0521_881-20220602/0521_881-20220602-095337-65-0.json,0521_881-20220602/0521_881-20220602-111635-100-100.json,0521_881-20220602/0521_881-20220602-095337-65-0.txt,0521_881-20220602/0521_881-20220602-111635-100-100.txt
0521,881,20220603,094501,109-0,095255,109-109,0521_881-20220603/0521_881-20220603-094501-109-0.json,0521_881-20220603/0521_881-20220603-095255-109-109.json,0521_881-20220603/0521_881-20220603-094501-109-0.txt,0521_881-20220603/0521_881-20220603-095255-109-109.txt
0521,881,20220607,083352,84-0,085728,84-84,0521_881-20220607/0521_881-20220607-083352-84-0.json,0521_881-20220607/0521_881-20220607-085728-84-84.json,0521_881-20220607/0521_881-20220607-083352-84-0.txt,0521_881-20220607/0521_881-20220607-085728-84-84.txt
0521,881,20220610,081412,56-0,104739,58-58,0521_881-20220610/0521_881-20220610-081412-56-0.json,0521_881-20220610/0521_881-20220610-104739-58-58.json,0521_881-20220610/0521_881-20220610-081412-56-0.txt,0521_881-20220610/0521_881-20220610-104739-58-58.txt
0521,881,20220615,070733,201-0,085622,90-90,0521_881-20220615/0521_881-20220615-070733-201-0.json,0521_881-20220615/0521_881-20220615-085622-90-90.json,0521_881-20220615/0521_881-20220615-070733-201-0.txt,0521_881-20220615/0521_881-20220615-085622-90-90.txt
0521,881,20220616,073303,47-0,092529,58-58,0521_881-20220616/0521_881-20220616-073303-47-0.json,0521_881-20220616/0521_881-20220616-092529-58-58.json,0521_881-20220616/0521_881-20220616-073303-47-0.txt,0521_881-20220616/0521_881-20220616-092529-58-58.txt
0521,881,20220617,062318,110-0,080158,76-76,0521_881-20220617/0521_881-20220617-062318-110-0.json,0521_881-20220617/0521_881-20220617-080158-76-76.json,0521_881-20220617/0521_881-20220617-062318-110-0.txt,0521_881-20220617/0521_881-20220617-080158-76-76.txt
0521,881,20220620,063122,54-0,072302,53-53,0521_881-20220620/0521_881-20220620-063122-54-0.json,0521_881-20220620/0521_881-20220620-072302-53-53.json,0521_881-20220620/0521_881-20220620-063122-54-0.txt,0521_881-20220620/0521_881-20220620-072302-53-53.txt
0521,881,20220621,065106,78-0,083807,80-80,0521_881-20220621/0521_881-20220621-065106-78-0.json,0521_881-20220621/0521_881-20220621-083807-80-80.json,0521_881-20220621/0521_881-20220621-065106-78-0.txt,0521_881-20220621/0521_881-20220621-083807-80-80.txt
0521,881,20220622,073321,81-0,090419,81-81,0521_881-20220622/0521_881-20220622-073321-81-0.json,0521_881-20220622/0521_881-20220622-090419-81-81.json,0521_881-20220622/0521_881-20220622-073321-81-0.txt,0521_881-20220622/0521_881-20220622-090419-81-81.txt
0521,882,20220531,085423,177-0,101845,135-135,0521_882-20220531/0521_882-20220531-085423-177-0.json,0521_882-20220531/0521_882-20220531-101845-135-135.json,0521_882-20220531/0521_882-20220531-085423-177-0.txt,0521_882-20220531/0521_882-20220531-101845-135-135.txt
0521,882,20220601,083726,112-0,092831,108-108,0521_882-20220601/0521_882-20220601-083726-112-0.json,0521_882-20220601/0521_882-20220601-092831-108-108.json,0521_882-20220601/0521_882-20220601-083726-112-0.txt,0521_882-20220601/0521_882-20220601-092831-108-108.txt
0521,882,20220602,082323,127-0,092106,129-129,0521_882-20220602/0521_882-20220602-082323-127-0.json,0521_882-20220602/0521_882-20220602-092106-129-129.json,0521_882-20220602/0521_882-20220602-082323-127-0.txt,0521_882-20220602/0521_882-20220602-092106-129-129.txt
0521,882,20220603,082507,119-0,093007,116-116,0521_882-20220603/0521_882-20220603-082507-119-0.json,0521_882-20220603/0521_882-20220603-093007-116-116.json,0521_882-20220603/0521_882-20220603-082507-119-0.txt,0521_882-20220603/0521_882-20220603-093007-116-116.txt
0521,882,20220607,081819,119-0,090829,116-116,0521_882-20220607/0521_882-20220607-081819-119-0.json,0521_882-20220607/0521_882-20220607-090829-116-116.json,0521_882-20220607/0521_882-20220607-081819-119-0.txt,0521_882-20220607/0521_882-20220607-090829-116-116.txt
0521,882,20220608,085236,144-0,100053,124-124,0521_882-20220608/0521_882-20220608-085236-144-0.json,0521_882-20220608/0521_882-20220608-100053-124-124.json,0521_882-20220608/0521_882-20220608-085236-144-0.txt,0521_882-20220608/0521_882-20220608-100053-124-124.txt
0521,882,20220609,083937,128-0,093300,128-128,0521_882-20220609/0521_882-20220609-083937-128-0.json,0521_882-20220609/0521_882-20220609-093300-128-128.json,0521_882-20220609/0521_882-20220609-083937-128-0.txt,0521_882-20220609/0521_882-20220609-093300-128-128.txt
0521,882,20220610,092049,121-121,092342,121-121,0521_882-20220610/0521_882-20220610-092049-121-121.json,0521_882-20220610/0521_882-20220610-092342-121-121.json,0521_882-20220610/0521_882-20220610-092049-121-121.txt,0521_882-20220610/0521_882-20220610-092342-121-121.txt
0521,882,20220613,084635,128-0,085738,125-125,0521_882-20220613/0521_882-20220613-084635-128-0.json,0521_882-20220613/0521_882-20220613-085738-125-125.json,0521_882-20220613/0521_882-20220613-084635-128-0.txt,0521_882-20220613/0521_882-20220613-085738-125-125.txt
0521,882,20220614,084612,124-0,090235,122-122,0521_882-20220614/0521_882-20220614-084612-124-0.json,0521_882-20220614/0521_882-20220614-090235-122-122.json,0521_882-20220614/0521_882-20220614-084612-124-0.txt,0521_882-20220614/0521_882-20220614-090235-122-122.txt
0521,882,20220615,083845,125-0,090740,124-124,0521_882-20220615/0521_882-20220615-083845-125-0.json,0521_882-20220615/0521_882-20220615-090740-124-124.json,0521_882-20220615/0521_882-20220615-083845-125-0.txt,0521_882-20220615/0521_882-20220615-090740-124-124.txt
0521,882,20220616,083616,127-0,090945,125-125,0521_882-20220616/0521_882-20220616-083616-127-0.json,0521_882-20220616/0521_882-20220616-090945-125-125.json,0521_882-20220616/0521_882-20220616-083616-127-0.txt,0521_882-20220616/0521_882-20220616-090945-125-125.txt
0521,882,20220617,082902,114-0,084351,112-112,0521_882-20220617/0521_882-20220617-082902-114-0.json,0521_882-20220617/0521_882-20220617-084351-112-112.json,0521_882-20220617/0521_882-20220617-082902-114-0.txt,0521_882-20220617/0521_882-20220617-084351-112-112.txt
0521,882,20220620,082605,88-0,084142,85-85,0521_882-20220620/0521_882-20220620-082605-88-0.json,0521_882-20220620/0521_882-20220620-084142-85-85.json,0521_882-20220620/0521_882-20220620-082605-88-0.txt,0521_882-20220620/0521_882-20220620-084142-85-85.txt
0521,882,20220621,083601,129-0,091807,137-137,0521_882-20220621/0521_882-20220621-083601-129-0.json,0521_882-20220621/0521_882-20220621-091807-137-137.json,0521_882-20220621/0521_882-20220621-083601-129-0.txt,0521_882-20220621/0521_882-20220621-091807-137-137.txt
0521,882,20220622,082433,122-0,085500,121-121,0521_882-20220622/0521_882-20220622-082433-122-0.json,0521_882-20220622/0521_882-20220622-085500-121-121.json,0521_882-20220622/0521_882-20220622-082433-122-0.txt,0521_882-20220622/0521_882-20220622-085500-121-121.txt
0521,883,20220531,085947,147-0,100157,145-145,0521_883-20220531/0521_883-20220531-085947-147-0.json,0521_883-20220531/0521_883-20220531-100157-145-145.json,0521_883-20220531/0521_883-20220531-085947-147-0.txt,0521_883-20220531/0521_883-20220531-100157-145-145.txt
0521,883,20220601,083635,138-0,093806,138-138,0521_883-20220601/0521_883-20220601-083635-138-0.json,0521_883-20220601/0521_883-20220601-093806-138-138.json,0521_883-20220601/0521_883-20220601-083635-138-0.txt,0521_883-20220601/0521_883-20220601-093806-138-138.txt
0521,883,20220602,081649,103-0,085856,49-49,0521_883-20220602/0521_883-20220602-081649-103-0.json,0521_883-20220602/0521_883-20220602-085856-49-49.json,0521_883-20220602/0521_883-20220602-081649-103-0.txt,0521_883-20220602/0521_883-20220602-085856-49-49.txt
0521,883,20220603,082238,112-0,090535,112-112,0521_883-20220603/0521_883-20220603-082238-112-0.json,0521_883-20220603/0521_883-20220603-090535-112-112.json,0521_883-20220603/0521_883-20220603-082238-112-0.txt,0521_883-20220603/0521_883-20220603-090535-112-112.txt
0521,883,20220604,062210,20-0,062554,20-20,0521_883-20220604/0521_883-20220604-062210-20-0.json,0521_883-20220604/0521_883-20220604-062554-20-20.json,0521_883-20220604/0521_883-20220604-062210-20-0.txt,0521_883-20220604/0521_883-20220604-062554-20-20.txt
0521,883,20220607,081202,89-0,085707,89-89,0521_883-20220607/0521_883-20220607-081202-89-0.json,0521_883-20220607/0521_883-20220607-085707-89-89.json,0521_883-20220607/0521_883-20220607-081202-89-0.txt,0521_883-20220607/0521_883-20220607-085707-89-89.txt
0521,883,20220608,085159,148-0,095628,147-147,0521_883-20220608/0521_883-20220608-085159-148-0.json,0521_883-20220608/0521_883-20220608-095628-147-147.json,0521_883-20220608/0521_883-20220608-085159-148-0.txt,0521_883-20220608/0521_883-20220608-095628-147-147.txt
0521,883,20220609,083945,142-0,094104,139-139,0521_883-20220609/0521_883-20220609-083945-142-0.json,0521_883-20220609/0521_883-20220609-094104-139-139.json,0521_883-20220609/0521_883-20220609-083945-142-0.txt,0521_883-20220609/0521_883-20220609-094104-139-139.txt
0521,883,20220610,082731,132-0,092050,131-131,0521_883-20220610/0521_883-20220610-082731-132-0.json,0521_883-20220610/0521_883-20220610-092050-131-131.json,0521_883-20220610/0521_883-20220610-082731-132-0.txt,0521_883-20220610/0521_883-20220610-092050-131-131.txt
0521,883,20220611,061308,27-0,061601,27-27,0521_883-20220611/0521_883-20220611-061308-27-0.json,0521_883-20220611/0521_883-20220611-061601-27-27.json,0521_883-20220611/0521_883-20220611-061308-27-0.txt,0521_883-20220611/0521_883-20220611-061601-27-27.txt
0521,883,20220613,081121,84-0,084516,85-85,0521_883-20220613/0521_883-20220613-081121-84-0.json,0521_883-20220613/0521_883-20220613-084516-85-85.json,0521_883-20220613/0521_883-20220613-081121-84-0.txt,0521_883-20220613/0521_883-20220613-084516-85-85.txt
0521,883,20220614,083416,137-0,092123,135-135,0521_883-20220614/0521_883-20220614-083416-137-0.json,0521_883-20220614/0521_883-20220614-092123-135-135.json,0521_883-20220614/0521_883-20220614-083416-137-0.txt,0521_883-20220614/0521_883-20220614-092123-135-135.txt
0521,883,20220615,084002,146-0,094423,147-147,0521_883-20220615/0521_883-20220615-084002-146-0.json,0521_883-20220615/0521_883-20220615-094423-147-147.json,0521_883-20220615/0521_883-20220615-084002-146-0.txt,0521_883-20220615/0521_883-20220615-094423-147-147.txt
0521,883,20220616,081607,107-0,082725,106-106,0521_883-20220616/0521_883-20220616-081607-107-0.json,0521_883-20220616/0521_883-20220616-082725-106-106.json,0521_883-20220616/0521_883-20220616-081607-107-0.txt,0521_883-20220616/0521_883-20220616-082725-106-106.txt
0521,883,20220617,081124,95-0,090153,93-93,0521_883-20220617/0521_883-20220617-081124-95-0.json,0521_883-20220617/0521_883-20220617-090153-93-93.json,0521_883-20220617/0521_883-20220617-081124-95-0.txt,0521_883-20220617/0521_883-20220617-090153-93-93.txt
0521,883,20220618,061225,21-0,063223,21-21,0521_883-20220618/0521_883-20220618-061225-21-0.json,0521_883-20220618/0521_883-20220618-063223-21-21.json,0521_883-20220618/0521_883-20220618-061225-21-0.txt,0521_883-20220618/0521_883-20220618-063223-21-21.txt
0521,883,20220620,080622,90-0,080856,90-90,0521_883-20220620/0521_883-20220620-080622-90-0.json,0521_883-20220620/0521_883-20220620-080856-90-90.json,0521_883-20220620/0521_883-20220620-080622-90-0.txt,0521_883-20220620/0521_883-20220620-080856-90-90.txt
0521,883,20220621,084151,143-0,093413,143-143,0521_883-20220621/0521_883-20220621-084151-143-0.json,0521_883-20220621/0521_883-20220621-093413-143-143.json,0521_883-20220621/0521_883-20220621-084151-143-0.txt,0521_883-20220621/0521_883-20220621-093413-143-143.txt
0521,883,20220622,081615,124-0,091109,122-122,0521_883-20220622/0521_883-20220622-081615-124-0.json,0521_883-20220622/0521_883-20220622-091109-122-122.json,0521_883-20220622/0521_883-20220622-081615-124-0.txt,0521_883-20220622/0521_883-20220622-091109-122-122.txt
0521,884,20220531,054939,155-0,090125,152-152,0521_884-20220531/0521_884-20220531-054939-155-0.json,0521_884-20220531/0521_884-20220531-090125-152-152.json,0521_884-20220531/0521_884-20220531-054939-155-0.txt,0521_884-20220531/0521_884-20220531-090125-152-152.txt
0521,884,20220601,054437,111-0,081458,110-110,0521_884-20220601/0521_884-20220601-054437-111-0.json,0521_884-20220601/0521_884-20220601-081458-110-110.json,0521_884-20220601/0521_884-20220601-054437-111-0.txt,0521_884-20220601/0521_884-20220601-081458-110-110.txt
0521,884,20220602,051026,196-0,092311,113-113,0521_884-20220602/0521_884-20220602-051026-196-0.json,0521_884-20220602/0521_884-20220602-092311-113-113.json,0521_884-20220602/0521_884-20220602-051026-196-0.txt,0521_884-20220602/0521_884-20220602-092311-113-113.txt
0521,884,20220603,050734,248-0,062123,84-84,0521_884-20220603/0521_884-20220603-050734-248-0.json,0521_884-20220603/0521_884-20220603-062123-84-84.json,0521_884-20220603/0521_884-20220603-050734-248-0.txt,0521_884-20220603/0521_884-20220603-062123-84-84.txt
0521,884,20220607,050901,165-0,085114,111-111,0521_884-20220607/0521_884-20220607-050901-165-0.json,0521_884-20220607/0521_884-20220607-085114-111-111.json,0521_884-20220607/0521_884-20220607-050901-165-0.txt,0521_884-20220607/0521_884-20220607-085114-111-111.txt
0521,884,20220608,050657,181-0,081347,119-119,0521_884-20220608/0521_884-20220608-050657-181-0.json,0521_884-20220608/0521_884-20220608-081347-119-119.json,0521_884-20220608/0521_884-20220608-050657-181-0.txt,0521_884-20220608/0521_884-20220608-081347-119-119.txt
0521,884,20220609,050714,226-0,082959,96-95,0521_884-20220609/0521_884-20220609-050714-226-0.json,0521_884-20220609/0521_884-20220609-082959-96-95.json,0521_884-20220609/0521_884-20220609-050714-226-0.txt,0521_884-20220609/0521_884-20220609-082959-96-95.txt
0521,884,20220610,063650,122-122,083136,127-127,0521_884-20220610/0521_884-20220610-063650-122-122.json,0521_884-20220610/0521_884-20220610-083136-127-127.json,0521_884-20220610/0521_884-20220610-063650-122-122.txt,0521_884-20220610/0521_884-20220610-083136-127-127.txt
0521,884,20220613,051131,179-0,082818,105-105,0521_884-20220613/0521_884-20220613-051131-179-0.json,0521_884-20220613/0521_884-20220613-082818-105-105.json,0521_884-20220613/0521_884-20220613-051131-179-0.txt,0521_884-20220613/0521_884-20220613-082818-105-105.txt
0521,884,20220614,050840,210-0,081946,124-124,0521_884-20220614/0521_884-20220614-050840-210-0.json,0521_884-20220614/0521_884-20220614-081946-124-124.json,0521_884-20220614/0521_884-20220614-050840-210-0.txt,0521_884-20220614/0521_884-20220614-081946-124-124.txt
0521,884,20220615,053319,135-0,085201,134-134,0521_884-20220615/0521_884-20220615-053319-135-0.json,0521_884-20220615/0521_884-20220615-085201-134-134.json,0521_884-20220615/0521_884-20220615-053319-135-0.txt,0521_884-20220615/0521_884-20220615-085201-134-134.txt
0521,884,20220616,050941,196-0,093558,128-128,0521_884-20220616/0521_884-20220616-050941-196-0.json,0521_884-20220616/0521_884-20220616-093558-128-128.json,0521_884-20220616/0521_884-20220616-050941-196-0.txt,0521_884-20220616/0521_884-20220616-093558-128-128.txt
0521,884,20220617,083327,129-0,094548,128-128,0521_884-20220617/0521_884-20220617-083327-129-0.json,0521_884-20220617/0521_884-20220617-094548-128-128.json,0521_884-20220617/0521_884-20220617-083327-129-0.txt,0521_884-20220617/0521_884-20220617-094548-128-128.txt
0521,884,20220620,051829,190-0,082829,83-83,0521_884-20220620/0521_884-20220620-051829-190-0.json,0521_884-20220620/0521_884-20220620-082829-83-83.json,0521_884-20220620/0521_884-20220620-051829-190-0.txt,0521_884-20220620/0521_884-20220620-082829-83-83.txt
0521,884,20220621,061502,167-0,092053,107-107,0521_884-20220621/0521_884-20220621-061502-167-0.json,0521_884-20220621/0521_884-20220621-092053-107-107.json,0521_884-20220621/0521_884-20220621-061502-167-0.txt,0521_884-20220621/0521_884-20220621-092053-107-107.txt
0521,884,20220622,080531,209-0,094323,114-114,0521_884-20220622/0521_884-20220622-080531-209-0.json,0521_884-20220622/0521_884-20220622-094323-114-114.json,0521_884-20220622/0521_884-20220622-080531-209-0.txt,0521_884-20220622/0521_884-20220622-094323-114-114.txt
0521,886,20220530,063952,130-130,063952,130-130,0521_886-20220530/0521_886-20220530-063952-130-130.json,0521_886-20220530/0521_886-20220530-063952-130-130.json,0521_886-20220530/0521_886-20220530-063952-130-130.txt,0521_886-20220530/0521_886-20220530-063952-130-130.txt
0521,886,20220531,054529,167-0,065415,164-164,0521_886-20220531/0521_886-20220531-054529-167-0.json,0521_886-20220531/0521_886-20220531-065415-164-164.json,0521_886-20220531/0521_886-20220531-054529-167-0.txt,0521_886-20220531/0521_886-20220531-065415-164-164.txt
0521,886,20220601,054642,142-0,065951,141-141,0521_886-20220601/0521_886-20220601-054642-142-0.json,0521_886-20220601/0521_886-20220601-065951-141-141.json,0521_886-20220601/0521_886-20220601-054642-142-0.txt,0521_886-20220601/0521_886-20220601-065951-141-141.txt
0521,886,20220602,055155,141-0,075115,140-140,0521_886-20220602/0521_886-20220602-055155-141-0.json,0521_886-20220602/0521_886-20220602-075115-140-140.json,0521_886-20220602/0521_886-20220602-055155-141-0.txt,0521_886-20220602/0521_886-20220602-075115-140-140.txt
0521,886,20220603,054815,124-0,060205,122-122,0521_886-20220603/0521_886-20220603-054815-124-0.json,0521_886-20220603/0521_886-20220603-060205-122-122.json,0521_886-20220603/0521_886-20220603-054815-124-0.txt,0521_886-20220603/0521_886-20220603-060205-122-122.txt
0521,886,20220604,063319,58-0,070221,58-58,0521_886-20220604/0521_886-20220604-063319-58-0.json,0521_886-20220604/0521_886-20220604-070221-58-58.json,0521_886-20220604/0521_886-20220604-063319-58-0.txt,0521_886-20220604/0521_886-20220604-070221-58-58.txt
0521,886,20220607,053625,122-0,063353,122-122,0521_886-20220607/0521_886-20220607-053625-122-0.json,0521_886-20220607/0521_886-20220607-063353-122-122.json,0521_886-20220607/0521_886-20220607-053625-122-0.txt,0521_886-20220607/0521_886-20220607-063353-122-122.txt
0521,886,20220608,054831,155-0,090900,155-155,0521_886-20220608/0521_886-20220608-054831-155-0.json,0521_886-20220608/0521_886-20220608-090900-155-155.json,0521_886-20220608/0521_886-20220608-054831-155-0.txt,0521_886-20220608/0521_886-20220608-090900-155-155.txt
0521,886,20220609,054927,153-0,071246,154-154,0521_886-20220609/0521_886-20220609-054927-153-0.json,0521_886-20220609/0521_886-20220609-071246-154-154.json,0521_886-20220609/0521_886-20220609-054927-153-0.txt,0521_886-20220609/0521_886-20220609-071246-154-154.txt
0521,886,20220610,060606,174-0,073825,174-174,0521_886-20220610/0521_886-20220610-060606-174-0.json,0521_886-20220610/0521_886-20220610-073825-174-174.json,0521_886-20220610/0521_886-20220610-060606-174-0.txt,0521_886-20220610/0521_886-20220610-073825-174-174.txt
0521,886,20220611,064714,28-0,064913,28-28,0521_886-20220611/0521_886-20220611-064714-28-0.json,0521_886-20220611/0521_886-20220611-064913-28-28.json,0521_886-20220611/0521_886-20220611-064714-28-0.txt,0521_886-20220611/0521_886-20220611-064913-28-28.txt
0521,886,20220613,055421,134-0,070641,130-130,0521_886-20220613/0521_886-20220613-055421-134-0.json,0521_886-20220613/0521_886-20220613-070641-130-130.json,0521_886-20220613/0521_886-20220613-055421-134-0.txt,0521_886-20220613/0521_886-20220613-070641-130-130.txt
0521,886,20220614,055004,147-0,074406,146-146,0521_886-20220614/0521_886-20220614-055004-147-0.json,0521_886-20220614/0521_886-20220614-074406-146-146.json,0521_886-20220614/0521_886-20220614-055004-147-0.txt,0521_886-20220614/0521_886-20220614-074406-146-146.txt
0521,886,20220615,055402,143-0,072302,143-143,0521_886-20220615/0521_886-20220615-055402-143-0.json,0521_886-20220615/0521_886-20220615-072302-143-143.json,0521_886-20220615/0521_886-20220615-055402-143-0.txt,0521_886-20220615/0521_886-20220615-072302-143-143.txt
0521,886,20220616,054658,107-0,070802,107-107,0521_886-20220616/0521_886-20220616-054658-107-0.json,0521_886-20220616/0521_886-20220616-070802-107-107.json,0521_886-20220616/0521_886-20220616-054658-107-0.txt,0521_886-20220616/0521_886-20220616-070802-107-107.txt
0521,886,20220617,052500,126-0,065908,131-131,0521_886-20220617/0521_886-20220617-052500-126-0.json,0521_886-20220617/0521_886-20220617-065908-131-131.json,0521_886-20220617/0521_886-20220617-052500-126-0.txt,0521_886-20220617/0521_886-20220617-065908-131-131.txt
0521,886,20220620,053611,107-0,065511,107-107,0521_886-20220620/0521_886-20220620-053611-107-0.json,0521_886-20220620/0521_886-20220620-065511-107-107.json,0521_886-20220620/0521_886-20220620-053611-107-0.txt,0521_886-20220620/0521_886-20220620-065511-107-107.txt
0521,886,20220621,052910,156-0,070213,154-154,0521_886-20220621/0521_886-20220621-052910-156-0.json,0521_886-20220621/0521_886-20220621-070213-154-154.json,0521_886-20220621/0521_886-20220621-052910-156-0.txt,0521_886-20220621/0521_886-20220621-070213-154-154.txt
0521,886,20220622,060129,143-0,072123,141-141,0521_886-20220622/0521_886-20220622-060129-143-0.json,0521_886-20220622/0521_886-20220622-072123-141-141.json,0521_886-20220622/0521_886-20220622-060129-143-0.txt,0521_886-20220622/0521_886-20220622-072123-141-141.txt
0521,887,20220531,092645,125-0,113150,124-124,0521_887-20220531/0521_887-20220531-092645-125-0.json,0521_887-20220531/0521_887-20220531-113150-124-124.json,0521_887-20220531/0521_887-20220531-092645-125-0.txt,0521_887-20220531/0521_887-20220531-113150-124-124.txt
0521,887,20220601,084958,145-0,095420,144-144,0521_887-20220601/0521_887-20220601-084958-145-0.json,0521_887-20220601/0521_887-20220601-095420-144-144.json,0521_887-20220601/0521_887-20220601-084958-145-0.txt,0521_887-20220601/0521_887-20220601-095420-144-144.txt
0521,887,20220602,082927,117-0,092706,86-86,0521_887-20220602/0521_887-20220602-082927-117-0.json,0521_887-20220602/0521_887-20220602-092706-86-86.json,0521_887-20220602/0521_887-20220602-082927-117-0.txt,0521_887-20220602/0521_887-20220602-092706-86-86.txt
0521,887,20220603,082615,122-0,093350,124-124,0521_887-20220603/0521_887-20220603-082615-122-0.json,0521_887-20220603/0521_887-20220603-093350-124-124.json,0521_887-20220603/0521_887-20220603-082615-122-0.txt,0521_887-20220603/0521_887-20220603-093350-124-124.txt
0521,887,20220604,061540,50-0,064043,50-50,0521_887-20220604/0521_887-20220604-061540-50-0.json,0521_887-20220604/0521_887-20220604-064043-50-50.json,0521_887-20220604/0521_887-20220604-061540-50-0.txt,0521_887-20220604/0521_887-20220604-064043-50-50.txt
0521,887,20220607,081929,70-0,090828,92-92,0521_887-20220607/0521_887-20220607-081929-70-0.json,0521_887-20220607/0521_887-20220607-090828-92-92.json,0521_887-20220607/0521_887-20220607-081929-70-0.txt,0521_887-20220607/0521_887-20220607-090828-92-92.txt
0521,887,20220608,085342,174-0,101935,176-176,0521_887-20220608/0521_887-20220608-085342-174-0.json,0521_887-20220608/0521_887-20220608-101935-176-176.json,0521_887-20220608/0521_887-20220608-085342-174-0.txt,0521_887-20220608/0521_887-20220608-101935-176-176.txt
0521,887,20220609,084946,158-0,100116,157-157,0521_887-20220609/0521_887-20220609-084946-158-0.json,0521_887-20220609/0521_887-20220609-100116-157-157.json,0521_887-20220609/0521_887-20220609-084946-158-0.txt,0521_887-20220609/0521_887-20220609-100116-157-157.txt
0521,887,20220610,091633,107-0,104044,131-131,0521_887-20220610/0521_887-20220610-091633-107-0.json,0521_887-20220610/0521_887-20220610-104044-131-131.json,0521_887-20220610/0521_887-20220610-091633-107-0.txt,0521_887-20220610/0521_887-20220610-104044-131-131.txt
0521,887,20220611,064117,31-0,070636,31-31,0521_887-20220611/0521_887-20220611-064117-31-0.json,0521_887-20220611/0521_887-20220611-070636-31-31.json,0521_887-20220611/0521_887-20220611-064117-31-0.txt,0521_887-20220611/0521_887-20220611-070636-31-31.txt
0521,887,20220613,080956,118-0,095325,68-68,0521_887-20220613/0521_887-20220613-080956-118-0.json,0521_887-20220613/0521_887-20220613-095325-68-68.json,0521_887-20220613/0521_887-20220613-080956-118-0.txt,0521_887-20220613/0521_887-20220613-095325-68-68.txt
0521,887,20220614,083606,176-0,101929,115-115,0521_887-20220614/0521_887-20220614-083606-176-0.json,0521_887-20220614/0521_887-20220614-101929-115-115.json,0521_887-20220614/0521_887-20220614-083606-176-0.txt,0521_887-20220614/0521_887-20220614-101929-115-115.txt
0521,887,20220615,090051,123-0,101834,45-45,0521_887-20220615/0521_887-20220615-090051-123-0.json,0521_887-20220615/0521_887-20220615-101834-45-45.json,0521_887-20220615/0521_887-20220615-090051-123-0.txt,0521_887-20220615/0521_887-20220615-101834-45-45.txt
0521,887,20220616,085719,105-0,100044,103-103,0521_887-20220616/0521_887-20220616-085719-105-0.json,0521_887-20220616/0521_887-20220616-100044-103-103.json,0521_887-20220616/0521_887-20220616-085719-105-0.txt,0521_887-20220616/0521_887-20220616-100044-103-103.txt
0521,887,20220617,084449,109-0,093845,107-107,0521_887-20220617/0521_887-20220617-084449-109-0.json,0521_887-20220617/0521_887-20220617-093845-107-107.json,0521_887-20220617/0521_887-20220617-084449-109-0.txt,0521_887-20220617/0521_887-20220617-093845-107-107.txt
0521,887,20220618,062859,30-0,065625,30-30,0521_887-20220618/0521_887-20220618-062859-30-0.json,0521_887-20220618/0521_887-20220618-065625-30-30.json,0521_887-20220618/0521_887-20220618-062859-30-0.txt,0521_887-20220618/0521_887-20220618-065625-30-30.txt
0521,887,20220620,082801,85-0,092034,85-85,0521_887-20220620/0521_887-20220620-082801-85-0.json,0521_887-20220620/0521_887-20220620-092034-85-85.json,0521_887-20220620/0521_887-20220620-082801-85-0.txt,0521_887-20220620/0521_887-20220620-092034-85-85.txt
0521,887,20220621,092210,120-0,110531,117-117,0521_887-20220621/0521_887-20220621-092210-120-0.json,0521_887-20220621/0521_887-20220621-110531-117-117.json,0521_887-20220621/0521_887-20220621-092210-120-0.txt,0521_887-20220621/0521_887-20220621-110531-117-117.txt
0521,887,20220622,085956,130-0,100255,127-127,0521_887-20220622/0521_887-20220622-085956-130-0.json,0521_887-20220622/0521_887-20220622-100255-127-127.json,0521_887-20220622/0521_887-20220622-085956-130-0.txt,0521_887-20220622/0521_887-20220622-100255-127-127.txt
0521,889,20220530,061914,147-127,072559,145-145,0521_889-20220530/0521_889-20220530-061914-147-127.json,0521_889-20220530/0521_889-20220530-072559-145-145.json,0521_889-20220530/0521_889-20220530-061914-147-127.txt,0521_889-20220530/0521_889-20220530-072559-145-145.txt
0521,889,20220531,052650,152-0,072831,146-146,0521_889-20220531/0521_889-20220531-052650-152-0.json,0521_889-20220531/0521_889-20220531-072831-146-146.json,0521_889-20220531/0521_889-20220531-052650-152-0.txt,0521_889-20220531/0521_889-20220531-072831-146-146.txt
0521,889,20220601,051516,148-0,073744,145-145,0521_889-20220601/0521_889-20220601-051516-148-0.json,0521_889-20220601/0521_889-20220601-073744-145-145.json,0521_889-20220601/0521_889-20220601-051516-148-0.txt,0521_889-20220601/0521_889-20220601-073744-145-145.txt
0521,889,20220602,051505,154-0,074430,152-152,0521_889-20220602/0521_889-20220602-051505-154-0.json,0521_889-20220602/0521_889-20220602-074430-152-152.json,0521_889-20220602/0521_889-20220602-051505-154-0.txt,0521_889-20220602/0521_889-20220602-074430-152-152.txt
0521,889,20220603,051930,117-0,070746,116-116,0521_889-20220603/0521_889-20220603-051930-117-0.json,0521_889-20220603/0521_889-20220603-070746-116-116.json,0521_889-20220603/0521_889-20220603-051930-117-0.txt,0521_889-20220603/0521_889-20220603-070746-116-116.txt
0521,889,20220604,065518,47-0,072800,46-45,0521_889-20220604/0521_889-20220604-065518-47-0.json,0521_889-20220604/0521_889-20220604-072800-46-45.json,0521_889-20220604/0521_889-20220604-065518-47-0.txt,0521_889-20220604/0521_889-20220604-072800-46-45.txt
0521,889,20220607,050354,103-0,063431,108-108,0521_889-20220607/0521_889-20220607-050354-103-0.json,0521_889-20220607/0521_889-20220607-063431-108-108.json,0521_889-20220607/0521_889-20220607-050354-103-0.txt,0521_889-20220607/0521_889-20220607-063431-108-108.txt
0521,889,20220608,051058,183-0,074458,156-156,0521_889-20220608/0521_889-20220608-051058-183-0.json,0521_889-20220608/0521_889-20220608-074458-156-156.json,0521_889-20220608/0521_889-20220608-051058-183-0.txt,0521_889-20220608/0521_889-20220608-074458-156-156.txt
0521,889,20220609,051129,151-0,072824,155-155,0521_889-20220609/0521_889-20220609-051129-151-0.json,0521_889-20220609/0521_889-20220609-072824-155-155.json,0521_889-20220609/0521_889-20220609-051129-151-0.txt,0521_889-20220609/0521_889-20220609-072824-155-155.txt
0521,889,20220610,051854,121-0,080131,124-124,0521_889-20220610/0521_889-20220610-051854-121-0.json,0521_889-20220610/0521_889-20220610-080131-124-124.json,0521_889-20220610/0521_889-20220610-051854-121-0.txt,0521_889-20220610/0521_889-20220610-080131-124-124.txt
0521,889,20220611,064110,44-0,065459,43-43,0521_889-20220611/0521_889-20220611-064110-44-0.json,0521_889-20220611/0521_889-20220611-065459-43-43.json,0521_889-20220611/0521_889-20220611-064110-44-0.txt,0521_889-20220611/0521_889-20220611-065459-43-43.txt
0521,889,20220613,053025,141-0,065652,141-141,0521_889-20220613/0521_889-20220613-053025-141-0.json,0521_889-20220613/0521_889-20220613-065652-141-141.json,0521_889-20220613/0521_889-20220613-053025-141-0.txt,0521_889-20220613/0521_889-20220613-065652-141-141.txt
0521,889,20220614,051159,148-0,072109,140-140,0521_889-20220614/0521_889-20220614-051159-148-0.json,0521_889-20220614/0521_889-20220614-072109-140-140.json,0521_889-20220614/0521_889-20220614-051159-148-0.txt,0521_889-20220614/0521_889-20220614-072109-140-140.txt
0521,889,20220615,051200,153-0,075416,144-144,0521_889-20220615/0521_889-20220615-051200-153-0.json,0521_889-20220615/0521_889-20220615-075416-144-144.json,0521_889-20220615/0521_889-20220615-051200-153-0.txt,0521_889-20220615/0521_889-20220615-075416-144-144.txt
0521,889,20220616,050502,160-0,072337,141-141,0521_889-20220616/0521_889-20220616-050502-160-0.json,0521_889-20220616/0521_889-20220616-072337-141-141.json,0521_889-20220616/0521_889-20220616-050502-160-0.txt,0521_889-20220616/0521_889-20220616-072337-141-141.txt
0521,889,20220617,050756,148-0,072232,148-148,0521_889-20220617/0521_889-20220617-050756-148-0.json,0521_889-20220617/0521_889-20220617-072232-148-148.json,0521_889-20220617/0521_889-20220617-050756-148-0.txt,0521_889-20220617/0521_889-20220617-072232-148-148.txt
0521,889,20220618,065629,57-0,071849,59-59,0521_889-20220618/0521_889-20220618-065629-57-0.json,0521_889-20220618/0521_889-20220618-071849-59-59.json,0521_889-20220618/0521_889-20220618-065629-57-0.txt,0521_889-20220618/0521_889-20220618-071849-59-59.txt
0521,889,20220620,052815,100-0,090803,64-64,0521_889-20220620/0521_889-20220620-052815-100-0.json,0521_889-20220620/0521_889-20220620-090803-64-64.json,0521_889-20220620/0521_889-20220620-052815-100-0.txt,0521_889-20220620/0521_889-20220620-090803-64-64.txt
0521,889,20220621,063408,162-0,075656,86-86,0521_889-20220621/0521_889-20220621-063408-162-0.json,0521_889-20220621/0521_889-20220621-075656-86-86.json,0521_889-20220621/0521_889-20220621-063408-162-0.txt,0521_889-20220621/0521_889-20220621-075656-86-86.txt
0521,889,20220622,054649,127-0,071106,132-132,0521_889-20220622/0521_889-20220622-054649-127-0.json,0521_889-20220622/0521_889-20220622-071106-132-132.json,0521_889-20220622/0521_889-20220622-054649-127-0.txt,0521_889-20220622/0521_889-20220622-071106-132-132.txt
0521,890,20220530,062649,103-102,063710,101-101,0521_890-20220530/0521_890-20220530-062649-103-102.json,0521_890-20220530/0521_890-20220530-063710-101-101.json,0521_890-20220530/0521_890-20220530-062649-103-102.txt,0521_890-20220530/0521_890-20220530-063710-101-101.txt
0521,890,20220531,052042,147-0,070113,138-138,0521_890-20220531/0521_890-20220531-052042-147-0.json,0521_890-20220531/0521_890-20220531-070113-138-138.json,0521_890-20220531/0521_890-20220531-052042-147-0.txt,0521_890-20220531/0521_890-20220531-070113-138-138.txt
0521,890,20220601,051029,133-0,065712,138-138,0521_890-20220601/0521_890-20220601-051029-133-0.json,0521_890-20220601/0521_890-20220601-065712-138-138.json,0521_890-20220601/0521_890-20220601-051029-133-0.txt,0521_890-20220601/0521_890-20220601-065712-138-138.txt
0521,890,20220602,051806,123-0,065005,120-120,0521_890-20220602/0521_890-20220602-051806-123-0.json,0521_890-20220602/0521_890-20220602-065005-120-120.json,0521_890-20220602/0521_890-20220602-051806-123-0.txt,0521_890-20220602/0521_890-20220602-065005-120-120.txt
0521,890,20220603,051402,100-0,062918,102-102,0521_890-20220603/0521_890-20220603-051402-100-0.json,0521_890-20220603/0521_890-20220603-062918-102-102.json,0521_890-20220603/0521_890-20220603-051402-100-0.txt,0521_890-20220603/0521_890-20220603-062918-102-102.txt
0521,890,20220607,051147,80-0,061616,77-77,0521_890-20220607/0521_890-20220607-051147-80-0.json,0521_890-20220607/0521_890-20220607-061616-77-77.json,0521_890-20220607/0521_890-20220607-051147-80-0.txt,0521_890-20220607/0521_890-20220607-061616-77-77.txt
0521,890,20220608,053234,121-0,070214,122-122,0521_890-20220608/0521_890-20220608-053234-121-0.json,0521_890-20220608/0521_890-20220608-070214-122-122.json,0521_890-20220608/0521_890-20220608-053234-121-0.txt,0521_890-20220608/0521_890-20220608-070214-122-122.txt
0521,890,20220609,052909,144-0,071817,145-145,0521_890-20220609/0521_890-20220609-052909-144-0.json,0521_890-20220609/0521_890-20220609-071817-145-145.json,0521_890-20220609/0521_890-20220609-052909-144-0.txt,0521_890-20220609/0521_890-20220609-071817-145-145.txt
0521,890,20220610,051858,195-0,082407,109-109,0521_890-20220610/0521_890-20220610-051858-195-0.json,0521_890-20220610/0521_890-20220610-082407-109-109.json,0521_890-20220610/0521_890-20220610-051858-195-0.txt,0521_890-20220610/0521_890-20220610-082407-109-109.txt
0521,890,20220613,052503,101-0,063803,98-98,0521_890-20220613/0521_890-20220613-052503-101-0.json,0521_890-20220613/0521_890-20220613-063803-98-98.json,0521_890-20220613/0521_890-20220613-052503-101-0.txt,0521_890-20220613/0521_890-20220613-063803-98-98.txt
0521,890,20220614,051448,138-0,072134,137-137,0521_890-20220614/0521_890-20220614-051448-138-0.json,0521_890-20220614/0521_890-20220614-072134-137-137.json,0521_890-20220614/0521_890-20220614-051448-138-0.txt,0521_890-20220614/0521_890-20220614-072134-137-137.txt
0521,890,20220615,053407,103-0,065127,101-101,0521_890-20220615/0521_890-20220615-053407-103-0.json,0521_890-20220615/0521_890-20220615-065127-101-101.json,0521_890-20220615/0521_890-20220615-053407-103-0.txt,0521_890-20220615/0521_890-20220615-065127-101-101.txt
0521,890,20220616,052548,118-0,065819,118-117,0521_890-20220616/0521_890-20220616-052548-118-0.json,0521_890-20220616/0521_890-20220616-065819-118-117.json,0521_890-20220616/0521_890-20220616-052548-118-0.txt,0521_890-20220616/0521_890-20220616-065819-118-117.txt
0521,890,20220617,051011,104-0,062734,104-104,0521_890-20220617/0521_890-20220617-051011-104-0.json,0521_890-20220617/0521_890-20220617-062734-104-104.json,0521_890-20220617/0521_890-20220617-051011-104-0.txt,0521_890-20220617/0521_890-20220617-062734-104-104.txt
0521,890,20220618,052849,28-0,062204,26-26,0521_890-20220618/0521_890-20220618-052849-28-0.json,0521_890-20220618/0521_890-20220618-062204-26-26.json,0521_890-20220618/0521_890-20220618-052849-28-0.txt,0521_890-20220618/0521_890-20220618-062204-26-26.txt
0521,890,20220620,052023,73-0,063641,68-68,0521_890-20220620/0521_890-20220620-052023-73-0.json,0521_890-20220620/0521_890-20220620-063641-68-68.json,0521_890-20220620/0521_890-20220620-052023-73-0.txt,0521_890-20220620/0521_890-20220620-063641-68-68.txt
0521,890,20220621,074800,131-0,090257,128-128,0521_890-20220621/0521_890-20220621-074800-131-0.json,0521_890-20220621/0521_890-20220621-090257-128-128.json,0521_890-20220621/0521_890-20220621-074800-131-0.txt,0521_890-20220621/0521_890-20220621-090257-128-128.txt
0521,890,20220622,051433,92-0,063942,88-88,0521_890-20220622/0521_890-20220622-051433-92-0.json,0521_890-20220622/0521_890-20220622-063942-88-88.json,0521_890-20220622/0521_890-20220622-051433-92-0.txt,0521_890-20220622/0521_890-20220622-063942-88-88.txt
0521,891,20220530,061846,133-0,074602,128-128,0521_891-20220530/0521_891-20220530-061846-133-0.json,0521_891-20220530/0521_891-20220530-074602-128-128.json,0521_891-20220530/0521_891-20220530-061846-133-0.txt,0521_891-20220530/0521_891-20220530-074602-128-128.txt
0521,891,20220531,051715,172-0,082404,112-112,0521_891-20220531/0521_891-20220531-051715-172-0.json,0521_891-20220531/0521_891-20220531-082404-112-112.json,0521_891-20220531/0521_891-20220531-051715-172-0.txt,0521_891-20220531/0521_891-20220531-082404-112-112.txt
0521,891,20220601,051618,140-0,065256,147-147,0521_891-20220601/0521_891-20220601-051618-140-0.json,0521_891-20220601/0521_891-20220601-065256-147-147.json,0521_891-20220601/0521_891-20220601-051618-140-0.txt,0521_891-20220601/0521_891-20220601-065256-147-147.txt
0521,891,20220602,050716,122-0,070910,122-122,0521_891-20220602/0521_891-20220602-050716-122-0.json,0521_891-20220602/0521_891-20220602-070910-122-122.json,0521_891-20220602/0521_891-20220602-050716-122-0.txt,0521_891-20220602/0521_891-20220602-070910-122-122.txt
0521,891,20220603,052242,127-0,065634,127-127,0521_891-20220603/0521_891-20220603-052242-127-0.json,0521_891-20220603/0521_891-20220603-065634-127-127.json,0521_891-20220603/0521_891-20220603-052242-127-0.txt,0521_891-20220603/0521_891-20220603-065634-127-127.txt
0521,891,20220607,071455,104-0,082304,103-103,0521_891-20220607/0521_891-20220607-071455-104-0.json,0521_891-20220607/0521_891-20220607-082304-103-103.json,0521_891-20220607/0521_891-20220607-071455-104-0.txt,0521_891-20220607/0521_891-20220607-082304-103-103.txt
0521,891,20220608,054501,131-0,072336,152-152,0521_891-20220608/0521_891-20220608-054501-131-0.json,0521_891-20220608/0521_891-20220608-072336-152-152.json,0521_891-20220608/0521_891-20220608-054501-131-0.txt,0521_891-20220608/0521_891-20220608-072336-152-152.txt
0521,891,20220609,053630,145-0,071254,151-151,0521_891-20220609/0521_891-20220609-053630-145-0.json,0521_891-20220609/0521_891-20220609-071254-151-151.json,0521_891-20220609/0521_891-20220609-053630-145-0.txt,0521_891-20220609/0521_891-20220609-071254-151-151.txt
0521,891,20220610,051758,128-0,075217,131-131,0521_891-20220610/0521_891-20220610-051758-128-0.json,0521_891-20220610/0521_891-20220610-075217-131-131.json,0521_891-20220610/0521_891-20220610-051758-128-0.txt,0521_891-20220610/0521_891-20220610-075217-131-131.txt
0521,891,20220613,052645,105-0,065253,114-114,0521_891-20220613/0521_891-20220613-052645-105-0.json,0521_891-20220613/0521_891-20220613-065253-114-114.json,0521_891-20220613/0521_891-20220613-052645-105-0.txt,0521_891-20220613/0521_891-20220613-065253-114-114.txt
0521,891,20220614,052151,144-0,065312,144-144,0521_891-20220614/0521_891-20220614-052151-144-0.json,0521_891-20220614/0521_891-20220614-065312-144-144.json,0521_891-20220614/0521_891-20220614-052151-144-0.txt,0521_891-20220614/0521_891-20220614-065312-144-144.txt
0521,891,20220615,053114,130-0,065839,136-136,0521_891-20220615/0521_891-20220615-053114-130-0.json,0521_891-20220615/0521_891-20220615-065839-136-136.json,0521_891-20220615/0521_891-20220615-053114-130-0.txt,0521_891-20220615/0521_891-20220615-065839-136-136.txt
0521,891,20220616,060659,144-144,073812,150-150,0521_891-20220616/0521_891-20220616-060659-144-144.json,0521_891-20220616/0521_891-20220616-073812-150-150.json,0521_891-20220616/0521_891-20220616-060659-144-144.txt,0521_891-20220616/0521_891-20220616-073812-150-150.txt
0521,891,20220617,053022,107-0,064314,109-109,0521_891-20220617/0521_891-20220617-053022-107-0.json,0521_891-20220617/0521_891-20220617-064314-109-109.json,0521_891-20220617/0521_891-20220617-053022-107-0.txt,0521_891-20220617/0521_891-20220617-064314-109-109.txt
0521,891,20220620,055019,92-0,065028,93-93,0521_891-20220620/0521_891-20220620-055019-92-0.json,0521_891-20220620/0521_891-20220620-065028-93-93.json,0521_891-20220620/0521_891-20220620-055019-92-0.txt,0521_891-20220620/0521_891-20220620-065028-93-93.txt
0521,891,20220621,053706,147-0,080244,191-191,0521_891-20220621/0521_891-20220621-053706-147-0.json,0521_891-20220621/0521_891-20220621-080244-191-191.json,0521_891-20220621/0521_891-20220621-053706-147-0.txt,0521_891-20220621/0521_891-20220621-080244-191-191.txt
0521,891,20220622,051148,136-0,064230,141-141,0521_891-20220622/0521_891-20220622-051148-136-0.json,0521_891-20220622/0521_891-20220622-064230-141-141.json,0521_891-20220622/0521_891-20220622-051148-136-0.txt,0521_891-20220622/0521_891-20220622-064230-141-141.txt
0521,892,20220530,083752,124-0,084324,125-0,0521_892-20220530/0521_892-20220530-083752-124-0.json,0521_892-20220530/0521_892-20220530-084324-125-0.json,0521_892-20220530/0521_892-20220530-083752-124-0.txt,0521_892-20220530/0521_892-20220530-084324-125-0.txt
0521,892,20220531,090109,166-0,103524,146-146,0521_892-20220531/0521_892-20220531-090109-166-0.json,0521_892-20220531/0521_892-20220531-103524-146-146.json,0521_892-20220531/0521_892-20220531-090109-166-0.txt,0521_892-20220531/0521_892-20220531-103524-146-146.txt
0521,892,20220601,084129,154-0,101342,135-135,0521_892-20220601/0521_892-20220601-084129-154-0.json,0521_892-20220601/0521_892-20220601-101342-135-135.json,0521_892-20220601/0521_892-20220601-084129-154-0.txt,0521_892-20220601/0521_892-20220601-101342-135-135.txt
0521,892,20220602,082752,138-0,093820,113-113,0521_892-20220602/0521_892-20220602-082752-138-0.json,0521_892-20220602/0521_892-20220602-093820-113-113.json,0521_892-20220602/0521_892-20220602-082752-138-0.txt,0521_892-20220602/0521_892-20220602-093820-113-113.txt
0521,892,20220603,080238,98-0,091412,106-106,0521_892-20220603/0521_892-20220603-080238-98-0.json,0521_892-20220603/0521_892-20220603-091412-106-106.json,0521_892-20220603/0521_892-20220603-080238-98-0.txt,0521_892-20220603/0521_892-20220603-091412-106-106.txt
0521,892,20220607,083406,115-0,094209,116-116,0521_892-20220607/0521_892-20220607-083406-115-0.json,0521_892-20220607/0521_892-20220607-094209-116-116.json,0521_892-20220607/0521_892-20220607-083406-115-0.txt,0521_892-20220607/0521_892-20220607-094209-116-116.txt
0521,892,20220608,084938,145-0,102138,141-141,0521_892-20220608/0521_892-20220608-084938-145-0.json,0521_892-20220608/0521_892-20220608-102138-141-141.json,0521_892-20220608/0521_892-20220608-084938-145-0.txt,0521_892-20220608/0521_892-20220608-102138-141-141.txt
0521,892,20220609,085215,137-0,101855,131-131,0521_892-20220609/0521_892-20220609-085215-137-0.json,0521_892-20220609/0521_892-20220609-101855-131-131.json,0521_892-20220609/0521_892-20220609-085215-137-0.txt,0521_892-20220609/0521_892-20220609-101855-131-131.txt
0521,892,20220610,085951,139-0,102527,115-115,0521_892-20220610/0521_892-20220610-085951-139-0.json,0521_892-20220610/0521_892-20220610-102527-115-115.json,0521_892-20220610/0521_892-20220610-085951-139-0.txt,0521_892-20220610/0521_892-20220610-102527-115-115.txt
0521,892,20220611,062628,39-0,070101,46-46,0521_892-20220611/0521_892-20220611-062628-39-0.json,0521_892-20220611/0521_892-20220611-070101-46-46.json,0521_892-20220611/0521_892-20220611-062628-39-0.txt,0521_892-20220611/0521_892-20220611-070101-46-46.txt
0521,892,20220613,082231,110-0,095528,121-121,0521_892-20220613/0521_892-20220613-082231-110-0.json,0521_892-20220613/0521_892-20220613-095528-121-121.json,0521_892-20220613/0521_892-20220613-082231-110-0.txt,0521_892-20220613/0521_892-20220613-095528-121-121.txt
0521,892,20220614,083345,119-0,100908,124-124,0521_892-20220614/0521_892-20220614-083345-119-0.json,0521_892-20220614/0521_892-20220614-100908-124-124.json,0521_892-20220614/0521_892-20220614-083345-119-0.txt,0521_892-20220614/0521_892-20220614-100908-124-124.txt
0521,892,20220615,080435,120-0,101413,141-141,0521_892-20220615/0521_892-20220615-080435-120-0.json,0521_892-20220615/0521_892-20220615-101413-141-141.json,0521_892-20220615/0521_892-20220615-080435-120-0.txt,0521_892-20220615/0521_892-20220615-101413-141-141.txt
0521,892,20220616,085257,146-0,100941,145-145,0521_892-20220616/0521_892-20220616-085257-146-0.json,0521_892-20220616/0521_892-20220616-100941-145-145.json,0521_892-20220616/0521_892-20220616-085257-146-0.txt,0521_892-20220616/0521_892-20220616-100941-145-145.txt
0521,892,20220617,083652,109-0,094655,110-110,0521_892-20220617/0521_892-20220617-083652-109-0.json,0521_892-20220617/0521_892-20220617-094655-110-110.json,0521_892-20220617/0521_892-20220617-083652-109-0.txt,0521_892-20220617/0521_892-20220617-094655-110-110.txt
0521,892,20220620,082941,114-0,093550,119-119,0521_892-20220620/0521_892-20220620-082941-114-0.json,0521_892-20220620/0521_892-20220620-093550-119-119.json,0521_892-20220620/0521_892-20220620-082941-114-0.txt,0521_892-20220620/0521_892-20220620-093550-119-119.txt
0521,892,20220621,090350,130-0,112931,136-136,0521_892-20220621/0521_892-20220621-090350-130-0.json,0521_892-20220621/0521_892-20220621-112931-136-136.json,0521_892-20220621/0521_892-20220621-090350-130-0.txt,0521_892-20220621/0521_892-20220621-112931-136-136.txt
0521,892,20220622,083737,114-0,101308,147-147,0521_892-20220622/0521_892-20220622-083737-114-0.json,0521_892-20220622/0521_892-20220622-101308-147-147.json,0521_892-20220622/0521_892-20220622-083737-114-0.txt,0521_892-20220622/0521_892-20220622-101308-147-147.txt
0521,893,20220531,090439,144-0,102141,143-143,0521_893-20220531/0521_893-20220531-090439-144-0.json,0521_893-20220531/0521_893-20220531-102141-143-143.json,0521_893-20220531/0521_893-20220531-090439-144-0.txt,0521_893-20220531/0521_893-20220531-102141-143-143.txt
0521,893,20220601,084337,117-0,101920,116-116,0521_893-20220601/0521_893-20220601-084337-117-0.json,0521_893-20220601/0521_893-20220601-101920-116-116.json,0521_893-20220601/0521_893-20220601-084337-117-0.txt,0521_893-20220601/0521_893-20220601-101920-116-116.txt
0521,893,20220602,083333,125-0,093947,123-123,0521_893-20220602/0521_893-20220602-083333-125-0.json,0521_893-20220602/0521_893-20220602-093947-123-123.json,0521_893-20220602/0521_893-20220602-083333-125-0.txt,0521_893-20220602/0521_893-20220602-093947-123-123.txt
0521,893,20220603,083302,98-0,092331,97-97,0521_893-20220603/0521_893-20220603-083302-98-0.json,0521_893-20220603/0521_893-20220603-092331-97-97.json,0521_893-20220603/0521_893-20220603-083302-98-0.txt,0521_893-20220603/0521_893-20220603-092331-97-97.txt
0521,893,20220607,083631,91-0,092856,88-88,0521_893-20220607/0521_893-20220607-083631-91-0.json,0521_893-20220607/0521_893-20220607-092856-88-88.json,0521_893-20220607/0521_893-20220607-083631-91-0.txt,0521_893-20220607/0521_893-20220607-092856-88-88.txt
0521,893,20220608,090836,128-0,115852,96-96,0521_893-20220608/0521_893-20220608-090836-128-0.json,0521_893-20220608/0521_893-20220608-115852-96-96.json,0521_893-20220608/0521_893-20220608-090836-128-0.txt,0521_893-20220608/0521_893-20220608-115852-96-96.txt
0521,893,20220609,084915,121-0,102630,118-118,0521_893-20220609/0521_893-20220609-084915-121-0.json,0521_893-20220609/0521_893-20220609-102630-118-118.json,0521_893-20220609/0521_893-20220609-084915-121-0.txt,0521_893-20220609/0521_893-20220609-102630-118-118.txt
0521,893,20220610,084128,151-0,095206,148-148,0521_893-20220610/0521_893-20220610-084128-151-0.json,0521_893-20220610/0521_893-20220610-095206-148-148.json,0521_893-20220610/0521_893-20220610-084128-151-0.txt,0521_893-20220610/0521_893-20220610-095206-148-148.txt
0521,893,20220613,091837,122-0,100721,118-118,0521_893-20220613/0521_893-20220613-091837-122-0.json,0521_893-20220613/0521_893-20220613-100721-118-118.json,0521_893-20220613/0521_893-20220613-091837-122-0.txt,0521_893-20220613/0521_893-20220613-100721-118-118.txt
0521,893,20220614,083533,149-0,092541,129-129,0521_893-20220614/0521_893-20220614-083533-149-0.json,0521_893-20220614/0521_893-20220614-092541-129-129.json,0521_893-20220614/0521_893-20220614-083533-149-0.txt,0521_893-20220614/0521_893-20220614-092541-129-129.txt
0521,893,20220615,084604,112-0,093308,90-90,0521_893-20220615/0521_893-20220615-084604-112-0.json,0521_893-20220615/0521_893-20220615-093308-90-90.json,0521_893-20220615/0521_893-20220615-084604-112-0.txt,0521_893-20220615/0521_893-20220615-093308-90-90.txt
0521,893,20220616,084608,95-0,093612,94-94,0521_893-20220616/0521_893-20220616-084608-95-0.json,0521_893-20220616/0521_893-20220616-093612-94-94.json,0521_893-20220616/0521_893-20220616-084608-95-0.txt,0521_893-20220616/0521_893-20220616-093612-94-94.txt
0521,893,20220617,082613,105-0,091724,103-103,0521_893-20220617/0521_893-20220617-082613-105-0.json,0521_893-20220617/0521_893-20220617-091724-103-103.json,0521_893-20220617/0521_893-20220617-082613-105-0.txt,0521_893-20220617/0521_893-20220617-091724-103-103.txt
0521,893,20220620,090108,88-0,093759,86-86,0521_893-20220620/0521_893-20220620-090108-88-0.json,0521_893-20220620/0521_893-20220620-093759-86-86.json,0521_893-20220620/0521_893-20220620-090108-88-0.txt,0521_893-20220620/0521_893-20220620-093759-86-86.txt
0521,893,20220621,084051,132-0,094941,132-132,0521_893-20220621/0521_893-20220621-084051-132-0.json,0521_893-20220621/0521_893-20220621-094941-132-132.json,0521_893-20220621/0521_893-20220621-084051-132-0.txt,0521_893-20220621/0521_893-20220621-094941-132-132.txt
0521,893,20220622,091012,96-0,091627,89-89,0521_893-20220622/0521_893-20220622-091012-96-0.json,0521_893-20220622/0521_893-20220622-091627-89-89.json,0521_893-20220622/0521_893-20220622-091012-96-0.txt,0521_893-20220622/0521_893-20220622-091627-89-89.txt
0521,894,20220531,085605,167-0,101023,166-166,0521_894-20220531/0521_894-20220531-085605-167-0.json,0521_894-20220531/0521_894-20220531-101023-166-166.json,0521_894-20220531/0521_894-20220531-085605-167-0.txt,0521_894-20220531/0521_894-20220531-101023-166-166.txt
0521,894,20220601,083446,135-0,092708,134-134,0521_894-20220601/0521_894-20220601-083446-135-0.json,0521_894-20220601/0521_894-20220601-092708-134-134.json,0521_894-20220601/0521_894-20220601-083446-135-0.txt,0521_894-20220601/0521_894-20220601-092708-134-134.txt
0521,894,20220602,083227,88-0,091120,88-88,0521_894-20220602/0521_894-20220602-083227-88-0.json,0521_894-20220602/0521_894-20220602-091120-88-88.json,0521_894-20220602/0521_894-20220602-083227-88-0.txt,0521_894-20220602/0521_894-20220602-091120-88-88.txt
0521,894,20220603,082647,106-0,091819,102-102,0521_894-20220603/0521_894-20220603-082647-106-0.json,0521_894-20220603/0521_894-20220603-091819-102-102.json,0521_894-20220603/0521_894-20220603-082647-106-0.txt,0521_894-20220603/0521_894-20220603-091819-102-102.txt
0521,894,20220607,082046,85-0,090104,85-85,0521_894-20220607/0521_894-20220607-082046-85-0.json,0521_894-20220607/0521_894-20220607-090104-85-85.json,0521_894-20220607/0521_894-20220607-082046-85-0.txt,0521_894-20220607/0521_894-20220607-090104-85-85.txt
0521,894,20220608,085322,141-0,100225,141-141,0521_894-20220608/0521_894-20220608-085322-141-0.json,0521_894-20220608/0521_894-20220608-100225-141-141.json,0521_894-20220608/0521_894-20220608-085322-141-0.txt,0521_894-20220608/0521_894-20220608-100225-141-141.txt
0521,894,20220609,084034,118-0,093748,119-119,0521_894-20220609/0521_894-20220609-084034-118-0.json,0521_894-20220609/0521_894-20220609-093748-119-119.json,0521_894-20220609/0521_894-20220609-084034-118-0.txt,0521_894-20220609/0521_894-20220609-093748-119-119.txt
0521,894,20220610,083134,137-137,083642,138-138,0521_894-20220610/0521_894-20220610-083134-137-137.json,0521_894-20220610/0521_894-20220610-083642-138-138.json,0521_894-20220610/0521_894-20220610-083134-137-137.txt,0521_894-20220610/0521_894-20220610-083642-138-138.txt
0521,894,20220613,084944,114-0,092921,101-101,0521_894-20220613/0521_894-20220613-084944-114-0.json,0521_894-20220613/0521_894-20220613-092921-101-101.json,0521_894-20220613/0521_894-20220613-084944-114-0.txt,0521_894-20220613/0521_894-20220613-092921-101-101.txt
0521,894,20220614,083601,124-0,093019,121-121,0521_894-20220614/0521_894-20220614-083601-124-0.json,0521_894-20220614/0521_894-20220614-093019-121-121.json,0521_894-20220614/0521_894-20220614-083601-124-0.txt,0521_894-20220614/0521_894-20220614-093019-121-121.txt
0521,894,20220615,083835,117-0,094126,116-116,0521_894-20220615/0521_894-20220615-083835-117-0.json,0521_894-20220615/0521_894-20220615-094126-116-116.json,0521_894-20220615/0521_894-20220615-083835-117-0.txt,0521_894-20220615/0521_894-20220615-094126-116-116.txt
0521,894,20220616,081627,126-0,081953,123-123,0521_894-20220616/0521_894-20220616-081627-126-0.json,0521_894-20220616/0521_894-20220616-081953-123-123.json,0521_894-20220616/0521_894-20220616-081627-126-0.txt,0521_894-20220616/0521_894-20220616-081953-123-123.txt
0521,894,20220617,080838,98-0,085757,98-98,0521_894-20220617/0521_894-20220617-080838-98-0.json,0521_894-20220617/0521_894-20220617-085757-98-98.json,0521_894-20220617/0521_894-20220617-080838-98-0.txt,0521_894-20220617/0521_894-20220617-085757-98-98.txt
0521,894,20220618,074532,92-0,083130,90-90,0521_894-20220618/0521_894-20220618-074532-92-0.json,0521_894-20220618/0521_894-20220618-083130-90-90.json,0521_894-20220618/0521_894-20220618-074532-92-0.txt,0521_894-20220618/0521_894-20220618-083130-90-90.txt
0521,894,20220620,082153,72-0,085116,71-71,0521_894-20220620/0521_894-20220620-082153-72-0.json,0521_894-20220620/0521_894-20220620-085116-71-71.json,0521_894-20220620/0521_894-20220620-082153-72-0.txt,0521_894-20220620/0521_894-20220620-085116-71-71.txt
0521,894,20220621,084207,117-0,092521,116-116,0521_894-20220621/0521_894-20220621-084207-117-0.json,0521_894-20220621/0521_894-20220621-092521-116-116.json,0521_894-20220621/0521_894-20220621-084207-117-0.txt,0521_894-20220621/0521_894-20220621-092521-116-116.txt
0521,894,20220622,082634,121-0,091120,120-120,0521_894-20220622/0521_894-20220622-082634-121-0.json,0521_894-20220622/0521_894-20220622-091120-120-120.json,0521_894-20220622/0521_894-20220622-082634-121-0.txt,0521_894-20220622/0521_894-20220622-091120-120-120.txt
0521,896,20220530,104043,177-177,104043,177-177,0521_896-20220530/0521_896-20220530-104043-177-177.json,0521_896-20220530/0521_896-20220530-104043-177-177.json,0521_896-20220530/0521_896-20220530-104043-177-177.txt,0521_896-20220530/0521_896-20220530-104043-177-177.txt
0521,896,20220531,090146,189-0,105609,188-188,0521_896-20220531/0521_896-20220531-090146-189-0.json,0521_896-20220531/0521_896-20220531-105609-188-188.json,0521_896-20220531/0521_896-20220531-090146-189-0.txt,0521_896-20220531/0521_896-20220531-105609-188-188.txt
0521,896,20220601,083735,163-0,094811,164-164,0521_896-20220601/0521_896-20220601-083735-163-0.json,0521_896-20220601/0521_896-20220601-094811-164-164.json,0521_896-20220601/0521_896-20220601-083735-163-0.txt,0521_896-20220601/0521_896-20220601-094811-164-164.txt
0521,896,20220602,082802,130-0,092031,129-129,0521_896-20220602/0521_896-20220602-082802-130-0.json,0521_896-20220602/0521_896-20220602-092031-129-129.json,0521_896-20220602/0521_896-20220602-082802-130-0.txt,0521_896-20220602/0521_896-20220602-092031-129-129.txt
0521,896,20220603,083044,116-0,094012,111-111,0521_896-20220603/0521_896-20220603-083044-116-0.json,0521_896-20220603/0521_896-20220603-094012-111-111.json,0521_896-20220603/0521_896-20220603-083044-116-0.txt,0521_896-20220603/0521_896-20220603-094012-111-111.txt
0521,896,20220604,065637,84-0,081452,84-84,0521_896-20220604/0521_896-20220604-065637-84-0.json,0521_896-20220604/0521_896-20220604-081452-84-84.json,0521_896-20220604/0521_896-20220604-065637-84-0.txt,0521_896-20220604/0521_896-20220604-081452-84-84.txt
0521,896,20220607,084930,113-0,095912,113-113,0521_896-20220607/0521_896-20220607-084930-113-0.json,0521_896-20220607/0521_896-20220607-095912-113-113.json,0521_896-20220607/0521_896-20220607-084930-113-0.txt,0521_896-20220607/0521_896-20220607-095912-113-113.txt
0521,896,20220608,090001,142-0,100046,140-140,0521_896-20220608/0521_896-20220608-090001-142-0.json,0521_896-20220608/0521_896-20220608-100046-140-140.json,0521_896-20220608/0521_896-20220608-090001-142-0.txt,0521_896-20220608/0521_896-20220608-100046-140-140.txt
0521,896,20220609,084200,134-0,094711,137-137,0521_896-20220609/0521_896-20220609-084200-134-0.json,0521_896-20220609/0521_896-20220609-094711-137-137.json,0521_896-20220609/0521_896-20220609-084200-134-0.txt,0521_896-20220609/0521_896-20220609-094711-137-137.txt
0521,896,20220610,084135,132-0,094858,131-131,0521_896-20220610/0521_896-20220610-084135-132-0.json,0521_896-20220610/0521_896-20220610-094858-131-131.json,0521_896-20220610/0521_896-20220610-084135-132-0.txt,0521_896-20220610/0521_896-20220610-094858-131-131.txt
0521,896,20220611,094217,70-0,102316,70-70,0521_896-20220611/0521_896-20220611-094217-70-0.json,0521_896-20220611/0521_896-20220611-102316-70-70.json,0521_896-20220611/0521_896-20220611-094217-70-0.txt,0521_896-20220611/0521_896-20220611-102316-70-70.txt
0521,896,20220613,100752,105-0,111500,102-102,0521_896-20220613/0521_896-20220613-100752-105-0.json,0521_896-20220613/0521_896-20220613-111500-102-102.json,0521_896-20220613/0521_896-20220613-100752-105-0.txt,0521_896-20220613/0521_896-20220613-111500-102-102.txt
0521,896,20220614,084424,141-0,100913,136-136,0521_896-20220614/0521_896-20220614-084424-141-0.json,0521_896-20220614/0521_896-20220614-100913-136-136.json,0521_896-20220614/0521_896-20220614-084424-141-0.txt,0521_896-20220614/0521_896-20220614-100913-136-136.txt
0521,896,20220615,084848,131-0,093311,100-100,0521_896-20220615/0521_896-20220615-084848-131-0.json,0521_896-20220615/0521_896-20220615-093311-100-100.json,0521_896-20220615/0521_896-20220615-084848-131-0.txt,0521_896-20220615/0521_896-20220615-093311-100-100.txt
0521,896,20220616,085421,120-120,100034,120-120,0521_896-20220616/0521_896-20220616-085421-120-120.json,0521_896-20220616/0521_896-20220616-100034-120-120.json,0521_896-20220616/0521_896-20220616-085421-120-120.txt,0521_896-20220616/0521_896-20220616-100034-120-120.txt
0521,896,20220617,090435,101-0,100229,101-101,0521_896-20220617/0521_896-20220617-090435-101-0.json,0521_896-20220617/0521_896-20220617-100229-101-101.json,0521_896-20220617/0521_896-20220617-090435-101-0.txt,0521_896-20220617/0521_896-20220617-100229-101-101.txt
0521,896,20220618,070401,68-0,073915,68-68,0521_896-20220618/0521_896-20220618-070401-68-0.json,0521_896-20220618/0521_896-20220618-073915-68-68.json,0521_896-20220618/0521_896-20220618-070401-68-0.txt,0521_896-20220618/0521_896-20220618-073915-68-68.txt
0521,896,20220620,094045,84-0,103029,84-84,0521_896-20220620/0521_896-20220620-094045-84-0.json,0521_896-20220620/0521_896-20220620-103029-84-84.json,0521_896-20220620/0521_896-20220620-094045-84-0.txt,0521_896-20220620/0521_896-20220620-103029-84-84.txt
0521,896,20220621,085229,144-0,101127,140-140,0521_896-20220621/0521_896-20220621-085229-144-0.json,0521_896-20220621/0521_896-20220621-101127-140-140.json,0521_896-20220621/0521_896-20220621-085229-144-0.txt,0521_896-20220621/0521_896-20220621-101127-140-140.txt
0521,896,20220622,092504,141-0,103407,138-138,0521_896-20220622/0521_896-20220622-092504-141-0.json,0521_896-20220622/0521_896-20220622-103407-138-138.json,0521_896-20220622/0521_896-20220622-092504-141-0.txt,0521_896-20220622/0521_896-20220622-103407-138-138.txt
0521,B01,20220530,061135,99-0,082824,99-99,0521_B01-20220530/0521_B01-20220530-061135-99-0.json,0521_B01-20220530/0521_B01-20220530-082824-99-99.json,0521_B01-20220530/0521_B01-20220530-061135-99-0.txt,0521_B01-20220530/0521_B01-20220530-082824-99-99.txt
0521,B01,20220531,060524,206-0,063245,161-161,0521_B01-20220531/0521_B01-20220531-060524-206-0.json,0521_B01-20220531/0521_B01-20220531-063245-161-161.json,0521_B01-20220531/0521_B01-20220531-060524-206-0.txt,0521_B01-20220531/0521_B01-20220531-063245-161-161.txt
0521,B01,20220601,093411,6-0,093939,6-6,0521_B01-20220601/0521_B01-20220601-093411-6-0.json,0521_B01-20220601/0521_B01-20220601-093939-6-6.json,0521_B01-20220601/0521_B01-20220601-093411-6-0.txt,0521_B01-20220601/0521_B01-20220601-093939-6-6.txt
0521,B01,20220603,084838,2-0,084903,2-0,0521_B01-20220603/0521_B01-20220603-084838-2-0.json,0521_B01-20220603/0521_B01-20220603-084903-2-0.json,0521_B01-20220603/0521_B01-20220603-084838-2-0.txt,0521_B01-20220603/0521_B01-20220603-084903-2-0.txt
0521,B01,20220607,075137,89-0,090143,88-88,0521_B01-20220607/0521_B01-20220607-075137-89-0.json,0521_B01-20220607/0521_B01-20220607-090143-88-88.json,0521_B01-20220607/0521_B01-20220607-075137-89-0.txt,0521_B01-20220607/0521_B01-20220607-090143-88-88.txt
0521,B01,20220608,062026,98-0,084030,97-97,0521_B01-20220608/0521_B01-20220608-062026-98-0.json,0521_B01-20220608/0521_B01-20220608-084030-97-97.json,0521_B01-20220608/0521_B01-20220608-062026-98-0.txt,0521_B01-20220608/0521_B01-20220608-084030-97-97.txt
0521,B01,20220611,085302,10-0,113817,10-10,0521_B01-20220611/0521_B01-20220611-085302-10-0.json,0521_B01-20220611/0521_B01-20220611-113817-10-10.json,0521_B01-20220611/0521_B01-20220611-085302-10-0.txt,0521_B01-20220611/0521_B01-20220611-113817-10-10.txt
0521,B01,20220613,074858,61-0,085645,60-60,0521_B01-20220613/0521_B01-20220613-074858-61-0.json,0521_B01-20220613/0521_B01-20220613-085645-60-60.json,0521_B01-20220613/0521_B01-20220613-074858-61-0.txt,0521_B01-20220613/0521_B01-20220613-085645-60-60.txt
0521,B01,20220616,065455,3-0,072337,3-3,0521_B01-20220616/0521_B01-20220616-065455-3-0.json,0521_B01-20220616/0521_B01-20220616-072337-3-3.json,0521_B01-20220616/0521_B01-20220616-065455-3-0.txt,0521_B01-20220616/0521_B01-20220616-072337-3-3.txt
0521,B01,20220618,064238,15-0,070447,15-15,0521_B01-20220618/0521_B01-20220618-064238-15-0.json,0521_B01-20220618/0521_B01-20220618-070447-15-15.json,0521_B01-20220618/0521_B01-20220618-064238-15-0.txt,0521_B01-20220618/0521_B01-20220618-070447-15-15.txt
0521,B02,20220530,081733,53-0,111637,53-53,0521_B02-20220530/0521_B02-20220530-081733-53-0.json,0521_B02-20220530/0521_B02-20220530-111637-53-53.json,0521_B02-20220530/0521_B02-20220530-081733-53-0.txt,0521_B02-20220530/0521_B02-20220530-111637-53-53.txt
0521,B02,20220601,091851,66-0,095133,66-66,0521_B02-20220601/0521_B02-20220601-091851-66-0.json,0521_B02-20220601/0521_B02-20220601-095133-66-66.json,0521_B02-20220601/0521_B02-20220601-091851-66-0.txt,0521_B02-20220601/0521_B02-20220601-095133-66-66.txt
0521,B02,20220602,075320,113-0,085426,112-112,0521_B02-20220602/0521_B02-20220602-075320-113-0.json,0521_B02-20220602/0521_B02-20220602-085426-112-112.json,0521_B02-20220602/0521_B02-20220602-075320-113-0.txt,0521_B02-20220602/0521_B02-20220602-085426-112-112.txt
0521,B02,20220603,092616,61-0,102211,59-59,0521_B02-20220603/0521_B02-20220603-092616-61-0.json,0521_B02-20220603/0521_B02-20220603-102211-59-59.json,0521_B02-20220603/0521_B02-20220603-092616-61-0.txt,0521_B02-20220603/0521_B02-20220603-102211-59-59.txt
0521,B02,20220604,072455,51-0,073804,48-48,0521_B02-20220604/0521_B02-20220604-072455-51-0.json,0521_B02-20220604/0521_B02-20220604-073804-48-48.json,0521_B02-20220604/0521_B02-20220604-072455-51-0.txt,0521_B02-20220604/0521_B02-20220604-073804-48-48.txt
0521,B02,20220607,084345,26-0,091959,26-26,0521_B02-20220607/0521_B02-20220607-084345-26-0.json,0521_B02-20220607/0521_B02-20220607-091959-26-26.json,0521_B02-20220607/0521_B02-20220607-084345-26-0.txt,0521_B02-20220607/0521_B02-20220607-091959-26-26.txt
0521,B02,20220609,074538,77-0,084100,77-77,0521_B02-20220609/0521_B02-20220609-074538-77-0.json,0521_B02-20220609/0521_B02-20220609-084100-77-77.json,0521_B02-20220609/0521_B02-20220609-074538-77-0.txt,0521_B02-20220609/0521_B02-20220609-084100-77-77.txt
0521,B02,20220610,101705,3-0,101705,3-0,0521_B02-20220610/0521_B02-20220610-101705-3-0.json,0521_B02-20220610/0521_B02-20220610-101705-3-0.json,0521_B02-20220610/0521_B02-20220610-101705-3-0.txt,0521_B02-20220610/0521_B02-20220610-101705-3-0.txt
0521,B02,20220613,083427,144-0,100222,136-136,0521_B02-20220613/0521_B02-20220613-083427-144-0.json,0521_B02-20220613/0521_B02-20220613-100222-136-136.json,0521_B02-20220613/0521_B02-20220613-083427-144-0.txt,0521_B02-20220613/0521_B02-20220613-100222-136-136.txt
0521,B02,20220614,074749,73-0,083733,72-72,0521_B02-20220614/0521_B02-20220614-074749-73-0.json,0521_B02-20220614/0521_B02-20220614-083733-72-72.json,0521_B02-20220614/0521_B02-20220614-074749-73-0.txt,0521_B02-20220614/0521_B02-20220614-083733-72-72.txt
0521,B02,20220615,083938,233-0,115603,197-197,0521_B02-20220615/0521_B02-20220615-083938-233-0.json,0521_B02-20220615/0521_B02-20220615-115603-197-197.json,0521_B02-20220615/0521_B02-20220615-083938-233-0.txt,0521_B02-20220615/0521_B02-20220615-115603-197-197.txt
0521,B02,20220616,092505,1-0,092505,1-0,0521_B02-20220616/0521_B02-20220616-092505-1-0.json,0521_B02-20220616/0521_B02-20220616-092505-1-0.json,0521_B02-20220616/0521_B02-20220616-092505-1-0.txt,0521_B02-20220616/0521_B02-20220616-092505-1-0.txt
0521,B02,20220618,080932,6-0,082829,7-7,0521_B02-20220618/0521_B02-20220618-080932-6-0.json,0521_B02-20220618/0521_B02-20220618-082829-7-7.json,0521_B02-20220618/0521_B02-20220618-080932-6-0.txt,0521_B02-20220618/0521_B02-20220618-082829-7-7.txt
0521,B02,20220620,064330,42-0,073917,42-42,0521_B02-20220620/0521_B02-20220620-064330-42-0.json,0521_B02-20220620/0521_B02-20220620-073917-42-42.json,0521_B02-20220620/0521_B02-20220620-064330-42-0.txt,0521_B02-20220620/0521_B02-20220620-073917-42-42.txt
0521,B02,20220621,093152,70-0,101318,70-70,0521_B02-20220621/0521_B02-20220621-093152-70-0.json,0521_B02-20220621/0521_B02-20220621-101318-70-70.json,0521_B02-20220621/0521_B02-20220621-093152-70-0.txt,0521_B02-20220621/0521_B02-20220621-101318-70-70.txt
0521,B03,20220530,081504,83-0,110935,83-83,0521_B03-20220530/0521_B03-20220530-081504-83-0.json,0521_B03-20220530/0521_B03-20220530-110935-83-83.json,0521_B03-20220530/0521_B03-20220530-081504-83-0.txt,0521_B03-20220530/0521_B03-20220530-110935-83-83.txt
0521,B03,20220601,105156,37-0,105328,37-37,0521_B03-20220601/0521_B03-20220601-105156-37-0.json,0521_B03-20220601/0521_B03-20220601-105328-37-37.json,0521_B03-20220601/0521_B03-20220601-105156-37-0.txt,0521_B03-20220601/0521_B03-20220601-105328-37-37.txt
0521,B03,20220602,082222,32-0,091911,47-0,0521_B03-20220602/0521_B03-20220602-082222-32-0.json,0521_B03-20220602/0521_B03-20220602-091911-47-0.json,0521_B03-20220602/0521_B03-20220602-082222-32-0.txt,0521_B03-20220602/0521_B03-20220602-091911-47-0.txt
0521,B03,20220603,082652,107-0,092620,66-66,0521_B03-20220603/0521_B03-20220603-082652-107-0.json,0521_B03-20220603/0521_B03-20220603-092620-66-66.json,0521_B03-20220603/0521_B03-20220603-082652-107-0.txt,0521_B03-20220603/0521_B03-20220603-092620-66-66.txt
0521,B03,20220607,073721,43-0,081043,43-43,0521_B03-20220607/0521_B03-20220607-073721-43-0.json,0521_B03-20220607/0521_B03-20220607-081043-43-43.json,0521_B03-20220607/0521_B03-20220607-073721-43-0.txt,0521_B03-20220607/0521_B03-20220607-081043-43-43.txt
0521,B03,20220608,083428,88-0,092406,88-88,0521_B03-20220608/0521_B03-20220608-083428-88-0.json,0521_B03-20220608/0521_B03-20220608-092406-88-88.json,0521_B03-20220608/0521_B03-20220608-083428-88-0.txt,0521_B03-20220608/0521_B03-20220608-092406-88-88.txt
0521,B03,20220609,064936,93-0,073607,90-90,0521_B03-20220609/0521_B03-20220609-064936-93-0.json,0521_B03-20220609/0521_B03-20220609-073607-90-90.json,0521_B03-20220609/0521_B03-20220609-064936-93-0.txt,0521_B03-20220609/0521_B03-20220609-073607-90-90.txt
0521,B03,20220613,065917,79-0,073710,80-80,0521_B03-20220613/0521_B03-20220613-065917-79-0.json,0521_B03-20220613/0521_B03-20220613-073710-80-80.json,0521_B03-20220613/0521_B03-20220613-065917-79-0.txt,0521_B03-20220613/0521_B03-20220613-073710-80-80.txt
0521,B03,20220614,063957,57-0,080640,76-76,0521_B03-20220614/0521_B03-20220614-063957-57-0.json,0521_B03-20220614/0521_B03-20220614-080640-76-76.json,0521_B03-20220614/0521_B03-20220614-063957-57-0.txt,0521_B03-20220614/0521_B03-20220614-080640-76-76.txt
0521,B03,20220615,073134,2-0,073346,2-0,0521_B03-20220615/0521_B03-20220615-073134-2-0.json,0521_B03-20220615/0521_B03-20220615-073346-2-0.json,0521_B03-20220615/0521_B03-20220615-073134-2-0.txt,0521_B03-20220615/0521_B03-20220615-073346-2-0.txt
0521,B03,20220616,074350,70-0,090534,75-75,0521_B03-20220616/0521_B03-20220616-074350-70-0.json,0521_B03-20220616/0521_B03-20220616-090534-75-75.json,0521_B03-20220616/0521_B03-20220616-074350-70-0.txt,0521_B03-20220616/0521_B03-20220616-090534-75-75.txt
0521,B03,20220617,073349,71-0,090138,73-73,0521_B03-20220617/0521_B03-20220617-073349-71-0.json,0521_B03-20220617/0521_B03-20220617-090138-73-73.json,0521_B03-20220617/0521_B03-20220617-073349-71-0.txt,0521_B03-20220617/0521_B03-20220617-090138-73-73.txt
0521,B03,20220621,070400,82-0,080210,83-83,0521_B03-20220621/0521_B03-20220621-070400-82-0.json,0521_B03-20220621/0521_B03-20220621-080210-83-83.json,0521_B03-20220621/0521_B03-20220621-070400-82-0.txt,0521_B03-20220621/0521_B03-20220621-080210-83-83.txt
0521,B04,20220601,093825,104-0,104750,103-103,0521_B04-20220601/0521_B04-20220601-093825-104-0.json,0521_B04-20220601/0521_B04-20220601-104750-103-103.json,0521_B04-20220601/0521_B04-20220601-093825-104-0.txt,0521_B04-20220601/0521_B04-20220601-104750-103-103.txt
0521,B04,20220602,073623,26-0,081859,26-26,0521_B04-20220602/0521_B04-20220602-073623-26-0.json,0521_B04-20220602/0521_B04-20220602-081859-26-26.json,0521_B04-20220602/0521_B04-20220602-073623-26-0.txt,0521_B04-20220602/0521_B04-20220602-081859-26-26.txt
0521,B04,20220603,074932,56-0,080341,56-56,0521_B04-20220603/0521_B04-20220603-074932-56-0.json,0521_B04-20220603/0521_B04-20220603-080341-56-56.json,0521_B04-20220603/0521_B04-20220603-074932-56-0.txt,0521_B04-20220603/0521_B04-20220603-080341-56-56.txt
0521,B04,20220607,080104,57-0,082812,60-60,0521_B04-20220607/0521_B04-20220607-080104-57-0.json,0521_B04-20220607/0521_B04-20220607-082812-60-60.json,0521_B04-20220607/0521_B04-20220607-080104-57-0.txt,0521_B04-20220607/0521_B04-20220607-082812-60-60.txt
0521,B04,20220608,075242,104-0,084634,104-104,0521_B04-20220608/0521_B04-20220608-075242-104-0.json,0521_B04-20220608/0521_B04-20220608-084634-104-104.json,0521_B04-20220608/0521_B04-20220608-075242-104-0.txt,0521_B04-20220608/0521_B04-20220608-084634-104-104.txt
0521,B04,20220609,065351,76-0,071014,77-77,0521_B04-20220609/0521_B04-20220609-065351-76-0.json,0521_B04-20220609/0521_B04-20220609-071014-77-77.json,0521_B04-20220609/0521_B04-20220609-065351-76-0.txt,0521_B04-20220609/0521_B04-20220609-071014-77-77.txt
0521,B04,20220610,064914,68-0,072718,70-70,0521_B04-20220610/0521_B04-20220610-064914-68-0.json,0521_B04-20220610/0521_B04-20220610-072718-70-70.json,0521_B04-20220610/0521_B04-20220610-064914-68-0.txt,0521_B04-20220610/0521_B04-20220610-072718-70-70.txt
0521,B04,20220615,104712,40-0,104920,40-40,0521_B04-20220615/0521_B04-20220615-104712-40-0.json,0521_B04-20220615/0521_B04-20220615-104920-40-40.json,0521_B04-20220615/0521_B04-20220615-104712-40-0.txt,0521_B04-20220615/0521_B04-20220615-104920-40-40.txt
0521,B04,20220616,081029,62-0,085314,62-62,0521_B04-20220616/0521_B04-20220616-081029-62-0.json,0521_B04-20220616/0521_B04-20220616-085314-62-62.json,0521_B04-20220616/0521_B04-20220616-081029-62-0.txt,0521_B04-20220616/0521_B04-20220616-085314-62-62.txt
0521,B04,20220617,062805,2-0,080350,2-2,0521_B04-20220617/0521_B04-20220617-062805-2-0.json,0521_B04-20220617/0521_B04-20220617-080350-2-2.json,0521_B04-20220617/0521_B04-20220617-062805-2-0.txt,0521_B04-20220617/0521_B04-20220617-080350-2-2.txt
0521,B04,20220618,093657,19-0,094416,15-15,0521_B04-20220618/0521_B04-20220618-093657-19-0.json,0521_B04-20220618/0521_B04-20220618-094416-15-15.json,0521_B04-20220618/0521_B04-20220618-093657-19-0.txt,0521_B04-20220618/0521_B04-20220618-094416-15-15.txt
0521,B04,20220622,080138,3-0,080233,3-3,0521_B04-20220622/0521_B04-20220622-080138-3-0.json,0521_B04-20220622/0521_B04-20220622-080233-3-3.json,0521_B04-20220622/0521_B04-20220622-080138-3-0.txt,0521_B04-20220622/0521_B04-20220622-080233-3-3.txt
0521,B05,20220601,094722,53-0,103448,53-53,0521_B05-20220601/0521_B05-20220601-094722-53-0.json,0521_B05-20220601/0521_B05-20220601-103448-53-53.json,0521_B05-20220601/0521_B05-20220601-094722-53-0.txt,0521_B05-20220601/0521_B05-20220601-103448-53-53.txt
0521,B05,20220602,080621,91-0,105646,79-79,0521_B05-20220602/0521_B05-20220602-080621-91-0.json,0521_B05-20220602/0521_B05-20220602-105646-79-79.json,0521_B05-20220602/0521_B05-20220602-080621-91-0.txt,0521_B05-20220602/0521_B05-20220602-105646-79-79.txt
0521,B05,20220603,083004,31-0,110029,31-31,0521_B05-20220603/0521_B05-20220603-083004-31-0.json,0521_B05-20220603/0521_B05-20220603-110029-31-31.json,0521_B05-20220603/0521_B05-20220603-083004-31-0.txt,0521_B05-20220603/0521_B05-20220603-110029-31-31.txt
0521,B05,20220608,103603,53-0,111042,57-57,0521_B05-20220608/0521_B05-20220608-103603-53-0.json,0521_B05-20220608/0521_B05-20220608-111042-57-57.json,0521_B05-20220608/0521_B05-20220608-103603-53-0.txt,0521_B05-20220608/0521_B05-20220608-111042-57-57.txt
0521,B05,20220610,095115,37-0,115418,62-62,0521_B05-20220610/0521_B05-20220610-095115-37-0.json,0521_B05-20220610/0521_B05-20220610-115418-62-62.json,0521_B05-20220610/0521_B05-20220610-095115-37-0.txt,0521_B05-20220610/0521_B05-20220610-115418-62-62.txt
0521,B05,20220613,075300,54-0,094746,51-51,0521_B05-20220613/0521_B05-20220613-075300-54-0.json,0521_B05-20220613/0521_B05-20220613-094746-51-51.json,0521_B05-20220613/0521_B05-20220613-075300-54-0.txt,0521_B05-20220613/0521_B05-20220613-094746-51-51.txt
0521,B05,20220614,085730,57-0,094100,56-56,0521_B05-20220614/0521_B05-20220614-085730-57-0.json,0521_B05-20220614/0521_B05-20220614-094100-56-56.json,0521_B05-20220614/0521_B05-20220614-085730-57-0.txt,0521_B05-20220614/0521_B05-20220614-094100-56-56.txt
0521,B05,20220615,082527,118-0,100630,81-81,0521_B05-20220615/0521_B05-20220615-082527-118-0.json,0521_B05-20220615/0521_B05-20220615-100630-81-81.json,0521_B05-20220615/0521_B05-20220615-082527-118-0.txt,0521_B05-20220615/0521_B05-20220615-100630-81-81.txt
0521,B05,20220616,085338,31-31,085338,31-31,0521_B05-20220616/0521_B05-20220616-085338-31-31.json,0521_B05-20220616/0521_B05-20220616-085338-31-31.json,0521_B05-20220616/0521_B05-20220616-085338-31-31.txt,0521_B05-20220616/0521_B05-20220616-085338-31-31.txt
0521,B05,20220617,071835,16-0,073040,16-16,0521_B05-20220617/0521_B05-20220617-071835-16-0.json,0521_B05-20220617/0521_B05-20220617-073040-16-16.json,0521_B05-20220617/0521_B05-20220617-071835-16-0.txt,0521_B05-20220617/0521_B05-20220617-073040-16-16.txt
0521,B05,20220621,071242,71-0,074352,85-85,0521_B05-20220621/0521_B05-20220621-071242-71-0.json,0521_B05-20220621/0521_B05-20220621-074352-85-85.json,0521_B05-20220621/0521_B05-20220621-071242-71-0.txt,0521_B05-20220621/0521_B05-20220621-074352-85-85.txt
0521,B05,20220622,064907,113-0,073137,113-113,0521_B05-20220622/0521_B05-20220622-064907-113-0.json,0521_B05-20220622/0521_B05-20220622-073137-113-113.json,0521_B05-20220622/0521_B05-20220622-064907-113-0.txt,0521_B05-20220622/0521_B05-20220622-073137-113-113.txt
0521,B06,20220531,070809,44-0,071723,44-44,0521_B06-20220531/0521_B06-20220531-070809-44-0.json,0521_B06-20220531/0521_B06-20220531-071723-44-44.json,0521_B06-20220531/0521_B06-20220531-070809-44-0.txt,0521_B06-20220531/0521_B06-20220531-071723-44-44.txt
0521,B06,20220601,091853,15-0,100522,16-16,0521_B06-20220601/0521_B06-20220601-091853-15-0.json,0521_B06-20220601/0521_B06-20220601-100522-16-16.json,0521_B06-20220601/0521_B06-20220601-091853-15-0.txt,0521_B06-20220601/0521_B06-20220601-100522-16-16.txt
0521,B06,20220602,081017,43-0,105154,24-24,0521_B06-20220602/0521_B06-20220602-081017-43-0.json,0521_B06-20220602/0521_B06-20220602-105154-24-24.json,0521_B06-20220602/0521_B06-20220602-081017-43-0.txt,0521_B06-20220602/0521_B06-20220602-105154-24-24.txt
0521,B06,20220607,092112,2-0,092234,2-0,0521_B06-20220607/0521_B06-20220607-092112-2-0.json,0521_B06-20220607/0521_B06-20220607-092234-2-0.json,0521_B06-20220607/0521_B06-20220607-092112-2-0.txt,0521_B06-20220607/0521_B06-20220607-092234-2-0.txt
0521,B06,20220608,093429,1-0,115650,2-0,0521_B06-20220608/0521_B06-20220608-093429-1-0.json,0521_B06-20220608/0521_B06-20220608-115650-2-0.json,0521_B06-20220608/0521_B06-20220608-093429-1-0.txt,0521_B06-20220608/0521_B06-20220608-115650-2-0.txt
0521,B06,20220609,073229,22-0,083352,26-26,0521_B06-20220609/0521_B06-20220609-073229-22-0.json,0521_B06-20220609/0521_B06-20220609-083352-26-26.json,0521_B06-20220609/0521_B06-20220609-073229-22-0.txt,0521_B06-20220609/0521_B06-20220609-083352-26-26.txt
0521,B06,20220613,094141,2-0,094141,2-0,0521_B06-20220613/0521_B06-20220613-094141-2-0.json,0521_B06-20220613/0521_B06-20220613-094141-2-0.json,0521_B06-20220613/0521_B06-20220613-094141-2-0.txt,0521_B06-20220613/0521_B06-20220613-094141-2-0.txt
0521,B06,20220614,090437,2-0,090859,2-1,0521_B06-20220614/0521_B06-20220614-090437-2-0.json,0521_B06-20220614/0521_B06-20220614-090859-2-1.json,0521_B06-20220614/0521_B06-20220614-090437-2-0.txt,0521_B06-20220614/0521_B06-20220614-090859-2-1.txt
0521,B06,20220615,065650,65-0,081711,78-78,0521_B06-20220615/0521_B06-20220615-065650-65-0.json,0521_B06-20220615/0521_B06-20220615-081711-78-78.json,0521_B06-20220615/0521_B06-20220615-065650-65-0.txt,0521_B06-20220615/0521_B06-20220615-081711-78-78.txt
0521,B06,20220617,062155,59-0,073619,67-67,0521_B06-20220617/0521_B06-20220617-062155-59-0.json,0521_B06-20220617/0521_B06-20220617-073619-67-67.json,0521_B06-20220617/0521_B06-20220617-062155-59-0.txt,0521_B06-20220617/0521_B06-20220617-073619-67-67.txt
0521,B06,20220620,072217,55-0,075335,55-55,0521_B06-20220620/0521_B06-20220620-072217-55-0.json,0521_B06-20220620/0521_B06-20220620-075335-55-55.json,0521_B06-20220620/0521_B06-20220620-072217-55-0.txt,0521_B06-20220620/0521_B06-20220620-075335-55-55.txt
0521,B06,20220621,092012,3-0,092012,3-0,0521_B06-20220621/0521_B06-20220621-092012-3-0.json,0521_B06-20220621/0521_B06-20220621-092012-3-0.json,0521_B06-20220621/0521_B06-20220621-092012-3-0.txt,0521_B06-20220621/0521_B06-20220621-092012-3-0.txt
0521,B06,20220622,065152,47-0,073249,53-53,0521_B06-20220622/0521_B06-20220622-065152-47-0.json,0521_B06-20220622/0521_B06-20220622-073249-53-53.json,0521_B06-20220622/0521_B06-20220622-065152-47-0.txt,0521_B06-20220622/0521_B06-20220622-073249-53-53.txt
0521,B07,20220531,111242,19-0,111242,19-0,0521_B07-20220531/0521_B07-20220531-111242-19-0.json,0521_B07-20220531/0521_B07-20220531-111242-19-0.json,0521_B07-20220531/0521_B07-20220531-111242-19-0.txt,0521_B07-20220531/0521_B07-20220531-111242-19-0.txt
0521,B07,20220601,075726,31-0,092526,31-31,0521_B07-20220601/0521_B07-20220601-075726-31-0.json,0521_B07-20220601/0521_B07-20220601-092526-31-31.json,0521_B07-20220601/0521_B07-20220601-075726-31-0.txt,0521_B07-20220601/0521_B07-20220601-092526-31-31.txt
0521,B07,20220602,082302,53-0,085755,54-54,0521_B07-20220602/0521_B07-20220602-082302-53-0.json,0521_B07-20220602/0521_B07-20220602-085755-54-54.json,0521_B07-20220602/0521_B07-20220602-082302-53-0.txt,0521_B07-20220602/0521_B07-20220602-085755-54-54.txt
0521,B07,20220610,073851,73-0,083414,73-73,0521_B07-20220610/0521_B07-20220610-073851-73-0.json,0521_B07-20220610/0521_B07-20220610-083414-73-73.json,0521_B07-20220610/0521_B07-20220610-073851-73-0.txt,0521_B07-20220610/0521_B07-20220610-083414-73-73.txt
0521,B07,20220614,114740,77-0,115701,50-0,0521_B07-20220614/0521_B07-20220614-114740-77-0.json,0521_B07-20220614/0521_B07-20220614-115701-50-0.json,0521_B07-20220614/0521_B07-20220614-114740-77-0.txt,0521_B07-20220614/0521_B07-20220614-115701-50-0.txt
0521,B07,20220615,073628,2-0,074059,2-2,0521_B07-20220615/0521_B07-20220615-073628-2-0.json,0521_B07-20220615/0521_B07-20220615-074059-2-2.json,0521_B07-20220615/0521_B07-20220615-073628-2-0.txt,0521_B07-20220615/0521_B07-20220615-074059-2-2.txt
0521,B07,20220616,081943,8-0,081943,8-0,0521_B07-20220616/0521_B07-20220616-081943-8-0.json,0521_B07-20220616/0521_B07-20220616-081943-8-0.json,0521_B07-20220616/0521_B07-20220616-081943-8-0.txt,0521_B07-20220616/0521_B07-20220616-081943-8-0.txt
0521,B07,20220617,082900,16-0,100847,16-16,0521_B07-20220617/0521_B07-20220617-082900-16-0.json,0521_B07-20220617/0521_B07-20220617-100847-16-16.json,0521_B07-20220617/0521_B07-20220617-082900-16-0.txt,0521_B07-20220617/0521_B07-20220617-100847-16-16.txt
0521,B07,20220620,064907,70-0,071840,70-70,0521_B07-20220620/0521_B07-20220620-064907-70-0.json,0521_B07-20220620/0521_B07-20220620-071840-70-70.json,0521_B07-20220620/0521_B07-20220620-064907-70-0.txt,0521_B07-20220620/0521_B07-20220620-071840-70-70.txt
0521,B07,20220622,111534,35-0,112801,35-35,0521_B07-20220622/0521_B07-20220622-111534-35-0.json,0521_B07-20220622/0521_B07-20220622-112801-35-35.json,0521_B07-20220622/0521_B07-20220622-111534-35-0.txt,0521_B07-20220622/0521_B07-20220622-112801-35-35.txt
0521,B08,20220603,101935,33-0,104505,36-36,0521_B08-20220603/0521_B08-20220603-101935-33-0.json,0521_B08-20220603/0521_B08-20220603-104505-36-36.json,0521_B08-20220603/0521_B08-20220603-101935-33-0.txt,0521_B08-20220603/0521_B08-20220603-104505-36-36.txt
0521,B08,20220610,074701,76-0,074701,76-0,0521_B08-20220610/0521_B08-20220610-074701-76-0.json,0521_B08-20220610/0521_B08-20220610-074701-76-0.json,0521_B08-20220610/0521_B08-20220610-074701-76-0.txt,0521_B08-20220610/0521_B08-20220610-074701-76-0.txt
0521,B08,20220614,065814,59-0,081615,59-59,0521_B08-20220614/0521_B08-20220614-065814-59-0.json,0521_B08-20220614/0521_B08-20220614-081615-59-59.json,0521_B08-20220614/0521_B08-20220614-065814-59-0.txt,0521_B08-20220614/0521_B08-20220614-081615-59-59.txt
0521,B08,20220615,081704,52-0,091201,52-52,0521_B08-20220615/0521_B08-20220615-081704-52-0.json,0521_B08-20220615/0521_B08-20220615-091201-52-52.json,0521_B08-20220615/0521_B08-20220615-081704-52-0.txt,0521_B08-20220615/0521_B08-20220615-091201-52-52.txt
0521,B08,20220616,094359,22-22,094527,22-22,0521_B08-20220616/0521_B08-20220616-094359-22-22.json,0521_B08-20220616/0521_B08-20220616-094527-22-22.json,0521_B08-20220616/0521_B08-20220616-094359-22-22.txt,0521_B08-20220616/0521_B08-20220616-094527-22-22.txt
0521,B08,20220617,093429,1-0,114102,2-0,0521_B08-20220617/0521_B08-20220617-093429-1-0.json,0521_B08-20220617/0521_B08-20220617-114102-2-0.json,0521_B08-20220617/0521_B08-20220617-093429-1-0.txt,0521_B08-20220617/0521_B08-20220617-114102-2-0.txt
0521,B08,20220620,090300,44-0,093159,43-43,0521_B08-20220620/0521_B08-20220620-090300-44-0.json,0521_B08-20220620/0521_B08-20220620-093159-43-43.json,0521_B08-20220620/0521_B08-20220620-090300-44-0.txt,0521_B08-20220620/0521_B08-20220620-093159-43-43.txt
0521,B08,20220622,071301,21-0,100037,60-60,0521_B08-20220622/0521_B08-20220622-071301-21-0.json,0521_B08-20220622/0521_B08-20220622-100037-60-60.json,0521_B08-20220622/0521_B08-20220622-071301-21-0.txt,0521_B08-20220622/0521_B08-20220622-100037-60-60.txt
0521,B09,20220603,114135,81-0,114135,81-0,0521_B09-20220603/0521_B09-20220603-114135-81-0.json,0521_B09-20220603/0521_B09-20220603-114135-81-0.json,0521_B09-20220603/0521_B09-20220603-114135-81-0.txt,0521_B09-20220603/0521_B09-20220603-114135-81-0.txt
0521,B09,20220607,092153,17-0,093947,17-17,0521_B09-20220607/0521_B09-20220607-092153-17-0.json,0521_B09-20220607/0521_B09-20220607-093947-17-17.json,0521_B09-20220607/0521_B09-20220607-092153-17-0.txt,0521_B09-20220607/0521_B09-20220607-093947-17-17.txt
0521,B09,20220608,115023,47-0,115023,47-0,0521_B09-20220608/0521_B09-20220608-115023-47-0.json,0521_B09-20220608/0521_B09-20220608-115023-47-0.json,0521_B09-20220608/0521_B09-20220608-115023-47-0.txt,0521_B09-20220608/0521_B09-20220608-115023-47-0.txt
0521,B09,20220614,071449,78-0,080342,82-82,0521_B09-20220614/0521_B09-20220614-071449-78-0.json,0521_B09-20220614/0521_B09-20220614-080342-82-82.json,0521_B09-20220614/0521_B09-20220614-071449-78-0.txt,0521_B09-20220614/0521_B09-20220614-080342-82-82.txt
0521,B09,20220622,092906,1-0,114918,2-0,0521_B09-20220622/0521_B09-20220622-092906-1-0.json,0521_B09-20220622/0521_B09-20220622-114918-2-0.json,0521_B09-20220622/0521_B09-20220622-092906-1-0.txt,0521_B09-20220622/0521_B09-20220622-114918-2-0.txt
0521,B10,20220530,111223,62-62,111453,62-62,0521_B10-20220530/0521_B10-20220530-111223-62-62.json,0521_B10-20220530/0521_B10-20220530-111453-62-62.json,0521_B10-20220530/0521_B10-20220530-111223-62-62.txt,0521_B10-20220530/0521_B10-20220530-111453-62-62.txt
0521,B10,20220601,102639,62-0,110632,62-62,0521_B10-20220601/0521_B10-20220601-102639-62-0.json,0521_B10-20220601/0521_B10-20220601-110632-62-62.json,0521_B10-20220601/0521_B10-20220601-102639-62-0.txt,0521_B10-20220601/0521_B10-20220601-110632-62-62.txt
0521,B10,20220602,084154,73-0,094942,77-77,0521_B10-20220602/0521_B10-20220602-084154-73-0.json,0521_B10-20220602/0521_B10-20220602-094942-77-77.json,0521_B10-20220602/0521_B10-20220602-084154-73-0.txt,0521_B10-20220602/0521_B10-20220602-094942-77-77.txt
0521,B10,20220603,100647,64-0,105725,62-62,0521_B10-20220603/0521_B10-20220603-100647-64-0.json,0521_B10-20220603/0521_B10-20220603-105725-62-62.json,0521_B10-20220603/0521_B10-20220603-100647-64-0.txt,0521_B10-20220603/0521_B10-20220603-105725-62-62.txt
0521,B10,20220607,092808,6-0,095834,9-9,0521_B10-20220607/0521_B10-20220607-092808-6-0.json,0521_B10-20220607/0521_B10-20220607-095834-9-9.json,0521_B10-20220607/0521_B10-20220607-092808-6-0.txt,0521_B10-20220607/0521_B10-20220607-095834-9-9.txt
0521,B10,20220608,082413,78-0,091850,76-76,0521_B10-20220608/0521_B10-20220608-082413-78-0.json,0521_B10-20220608/0521_B10-20220608-091850-76-76.json,0521_B10-20220608/0521_B10-20220608-082413-78-0.txt,0521_B10-20220608/0521_B10-20220608-091850-76-76.txt
0521,B10,20220614,083732,54-0,092854,76-76,0521_B10-20220614/0521_B10-20220614-083732-54-0.json,0521_B10-20220614/0521_B10-20220614-092854-76-76.json,0521_B10-20220614/0521_B10-20220614-083732-54-0.txt,0521_B10-20220614/0521_B10-20220614-092854-76-76.txt
0521,B10,20220615,071723,70-0,093334,25-25,0521_B10-20220615/0521_B10-20220615-071723-70-0.json,0521_B10-20220615/0521_B10-20220615-093334-25-25.json,0521_B10-20220615/0521_B10-20220615-071723-70-0.txt,0521_B10-20220615/0521_B10-20220615-093334-25-25.txt
0521,B10,20220622,073119,8-0,073839,9-9,0521_B10-20220622/0521_B10-20220622-073119-8-0.json,0521_B10-20220622/0521_B10-20220622-073839-9-9.json,0521_B10-20220622/0521_B10-20220622-073119-8-0.txt,0521_B10-20220622/0521_B10-20220622-073839-9-9.txt
0521,B11,20220601,092654,1-0,115624,2-0,0521_B11-20220601/0521_B11-20220601-092654-1-0.json,0521_B11-20220601/0521_B11-20220601-115624-2-0.json,0521_B11-20220601/0521_B11-20220601-092654-1-0.txt,0521_B11-20220601/0521_B11-20220601-115624-2-0.txt
0521,B11,20220607,105020,12-0,111754,12-12,0521_B11-20220607/0521_B11-20220607-105020-12-0.json,0521_B11-20220607/0521_B11-20220607-111754-12-12.json,0521_B11-20220607/0521_B11-20220607-105020-12-0.txt,0521_B11-20220607/0521_B11-20220607-111754-12-12.txt
0521,B11,20220608,095536,105-0,111715,97-97,0521_B11-20220608/0521_B11-20220608-095536-105-0.json,0521_B11-20220608/0521_B11-20220608-111715-97-97.json,0521_B11-20220608/0521_B11-20220608-095536-105-0.txt,0521_B11-20220608/0521_B11-20220608-111715-97-97.txt
0521,B11,20220610,112555,47-47,114546,47-47,0521_B11-20220610/0521_B11-20220610-112555-47-47.json,0521_B11-20220610/0521_B11-20220610-114546-47-47.json,0521_B11-20220610/0521_B11-20220610-112555-47-47.txt,0521_B11-20220610/0521_B11-20220610-114546-47-47.txt
0521,B11,20220614,095516,53-0,103240,53-0,0521_B11-20220614/0521_B11-20220614-095516-53-0.json,0521_B11-20220614/0521_B11-20220614-103240-53-0.json,0521_B11-20220614/0521_B11-20220614-095516-53-0.txt,0521_B11-20220614/0521_B11-20220614-103240-53-0.txt
0521,B11,20220615,102344,33-0,104636,33-33,0521_B11-20220615/0521_B11-20220615-102344-33-0.json,0521_B11-20220615/0521_B11-20220615-104636-33-33.json,0521_B11-20220615/0521_B11-20220615-102344-33-0.txt,0521_B11-20220615/0521_B11-20220615-104636-33-33.txt
0521,B11,20220621,110734,17-0,111014,17-17,0521_B11-20220621/0521_B11-20220621-110734-17-0.json,0521_B11-20220621/0521_B11-20220621-111014-17-17.json,0521_B11-20220621/0521_B11-20220621-110734-17-0.txt,0521_B11-20220621/0521_B11-20220621-111014-17-17.txt
0521,B12,20220601,095418,60-0,103218,60-60,0521_B12-20220601/0521_B12-20220601-095418-60-0.json,0521_B12-20220601/0521_B12-20220601-103218-60-60.json,0521_B12-20220601/0521_B12-20220601-095418-60-0.txt,0521_B12-20220601/0521_B12-20220601-103218-60-60.txt
0521,B12,20220602,113743,99-0,115203,63-62,0521_B12-20220602/0521_B12-20220602-113743-99-0.json,0521_B12-20220602/0521_B12-20220602-115203-63-62.json,0521_B12-20220602/0521_B12-20220602-113743-99-0.txt,0521_B12-20220602/0521_B12-20220602-115203-63-62.txt
0521,B12,20220603,104539,50-0,111717,50-50,0521_B12-20220603/0521_B12-20220603-104539-50-0.json,0521_B12-20220603/0521_B12-20220603-111717-50-50.json,0521_B12-20220603/0521_B12-20220603-104539-50-0.txt,0521_B12-20220603/0521_B12-20220603-111717-50-50.txt
0521,B12,20220608,115552,113-0,115552,113-0,0521_B12-20220608/0521_B12-20220608-115552-113-0.json,0521_B12-20220608/0521_B12-20220608-115552-113-0.json,0521_B12-20220608/0521_B12-20220608-115552-113-0.txt,0521_B12-20220608/0521_B12-20220608-115552-113-0.txt
0521,B12,20220609,100850,1-0,100850,1-0,0521_B12-20220609/0521_B12-20220609-100850-1-0.json,0521_B12-20220609/0521_B12-20220609-100850-1-0.json,0521_B12-20220609/0521_B12-20220609-100850-1-0.txt,0521_B12-20220609/0521_B12-20220609-100850-1-0.txt
0521,B12,20220614,092405,1-0,115740,2-0,0521_B12-20220614/0521_B12-20220614-092405-1-0.json,0521_B12-20220614/0521_B12-20220614-115740-2-0.json,0521_B12-20220614/0521_B12-20220614-092405-1-0.txt,0521_B12-20220614/0521_B12-20220614-115740-2-0.txt
0521,B13,20220603,085145,39-0,093956,39-39,0521_B13-20220603/0521_B13-20220603-085145-39-0.json,0521_B13-20220603/0521_B13-20220603-093956-39-39.json,0521_B13-20220603/0521_B13-20220603-085145-39-0.txt,0521_B13-20220603/0521_B13-20220603-093956-39-39.txt
0521,B13,20220607,092952,2-0,092952,2-0,0521_B13-20220607/0521_B13-20220607-092952-2-0.json,0521_B13-20220607/0521_B13-20220607-092952-2-0.json,0521_B13-20220607/0521_B13-20220607-092952-2-0.txt,0521_B13-20220607/0521_B13-20220607-092952-2-0.txt
0521,B13,20220608,112335,61-0,113147,63-0,0521_B13-20220608/0521_B13-20220608-112335-61-0.json,0521_B13-20220608/0521_B13-20220608-113147-63-0.json,0521_B13-20220608/0521_B13-20220608-112335-61-0.txt,0521_B13-20220608/0521_B13-20220608-113147-63-0.txt
0521,B13,20220610,102601,50-0,102601,50-0,0521_B13-20220610/0521_B13-20220610-102601-50-0.json,0521_B13-20220610/0521_B13-20220610-102601-50-0.json,0521_B13-20220610/0521_B13-20220610-102601-50-0.txt,0521_B13-20220610/0521_B13-20220610-102601-50-0.txt
0521,B13,20220613,114037,23-0,115846,23-23,0521_B13-20220613/0521_B13-20220613-114037-23-0.json,0521_B13-20220613/0521_B13-20220613-115846-23-23.json,0521_B13-20220613/0521_B13-20220613-114037-23-0.txt,0521_B13-20220613/0521_B13-20220613-115846-23-23.txt
0521,B13,20220615,091929,1-0,115134,2-0,0521_B13-20220615/0521_B13-20220615-091929-1-0.json,0521_B13-20220615/0521_B13-20220615-115134-2-0.json,0521_B13-20220615/0521_B13-20220615-091929-1-0.txt,0521_B13-20220615/0521_B13-20220615-115134-2-0.txt
0521,B13,20220622,090324,29-0,095535,29-29,0521_B13-20220622/0521_B13-20220622-090324-29-0.json,0521_B13-20220622/0521_B13-20220622-095535-29-29.json,0521_B13-20220622/0521_B13-20220622-090324-29-0.txt,0521_B13-20220622/0521_B13-20220622-095535-29-29.txt
0521,B14,20220531,091616,1-0,114807,2-0,0521_B14-20220531/0521_B14-20220531-091616-1-0.json,0521_B14-20220531/0521_B14-20220531-114807-2-0.json,0521_B14-20220531/0521_B14-20220531-091616-1-0.txt,0521_B14-20220531/0521_B14-20220531-114807-2-0.txt
0521,B14,20220602,094357,1-0,094357,1-0,0521_B14-20220602/0521_B14-20220602-094357-1-0.json,0521_B14-20220602/0521_B14-20220602-094357-1-0.json,0521_B14-20220602/0521_B14-20220602-094357-1-0.txt,0521_B14-20220602/0521_B14-20220602-094357-1-0.txt
0521,B14,20220603,091821,1-0,114825,2-0,0521_B14-20220603/0521_B14-20220603-091821-1-0.json,0521_B14-20220603/0521_B14-20220603-114825-2-0.json,0521_B14-20220603/0521_B14-20220603-091821-1-0.txt,0521_B14-20220603/0521_B14-20220603-114825-2-0.txt
0521,B14,20220607,115823,12-0,115823,12-0,0521_B14-20220607/0521_B14-20220607-115823-12-0.json,0521_B14-20220607/0521_B14-20220607-115823-12-0.json,0521_B14-20220607/0521_B14-20220607-115823-12-0.txt,0521_B14-20220607/0521_B14-20220607-115823-12-0.txt
0521,B15,20220607,115343,5-0,115735,5-0,0521_B15-20220607/0521_B15-20220607-115343-5-0.json,0521_B15-20220607/0521_B15-20220607-115735-5-0.json,0521_B15-20220607/0521_B15-20220607-115343-5-0.txt,0521_B15-20220607/0521_B15-20220607-115735-5-0.txt
0521,B15,20220610,092536,57-0,095839,58-58,0521_B15-20220610/0521_B15-20220610-092536-57-0.json,0521_B15-20220610/0521_B15-20220610-095839-58-58.json,0521_B15-20220610/0521_B15-20220610-092536-57-0.txt,0521_B15-20220610/0521_B15-20220610-095839-58-58.txt
0521,B15,20220616,110200,36-0,110243,36-36,0521_B15-20220616/0521_B15-20220616-110200-36-0.json,0521_B15-20220616/0521_B15-20220616-110243-36-36.json,0521_B15-20220616/0521_B15-20220616-110200-36-0.txt,0521_B15-20220616/0521_B15-20220616-110243-36-36.txt
0521,B15,20220620,091910,1-0,091910,1-0,0521_B15-20220620/0521_B15-20220620-091910-1-0.json,0521_B15-20220620/0521_B15-20220620-091910-1-0.json,0521_B15-20220620/0521_B15-20220620-091910-1-0.txt,0521_B15-20220620/0521_B15-20220620-091910-1-0.txt
0521,B16,20220531,114240,52-0,114422,52-0,0521_B16-20220531/0521_B16-20220531-114240-52-0.json,0521_B16-20220531/0521_B16-20220531-114422-52-0.json,0521_B16-20220531/0521_B16-20220531-114240-52-0.txt,0521_B16-20220531/0521_B16-20220531-114422-52-0.txt
0521,B16,20220613,074955,36-0,102408,28-28,0521_B16-20220613/0521_B16-20220613-074955-36-0.json,0521_B16-20220613/0521_B16-20220613-102408-28-28.json,0521_B16-20220613/0521_B16-20220613-074955-36-0.txt,0521_B16-20220613/0521_B16-20220613-102408-28-28.txt
0521,B17,20220610,103341,65-0,104805,65-65,0521_B17-20220610/0521_B17-20220610-103341-65-0.json,0521_B17-20220610/0521_B17-20220610-104805-65-65.json,0521_B17-20220610/0521_B17-20220610-103341-65-0.txt,0521_B17-20220610/0521_B17-20220610-104805-65-65.txt
0521,B17,20220621,115215,31-0,115531,32-0,0521_B17-20220621/0521_B17-20220621-115215-31-0.json,0521_B17-20220621/0521_B17-20220621-115531-32-0.json,0521_B17-20220621/0521_B17-20220621-115215-31-0.txt,0521_B17-20220621/0521_B17-20220621-115531-32-0.txt
0521,B17,20220622,093514,51-0,095657,51-51,0521_B17-20220622/0521_B17-20220622-093514-51-0.json,0521_B17-20220622/0521_B17-20220622-095657-51-51.json,0521_B17-20220622/0521_B17-20220622-093514-51-0.txt,0521_B17-20220622/0521_B17-20220622-095657-51-51.txt
0521,B26,20220614,092842,35-0,100135,101-101,0521_B26-20220614/0521_B26-20220614-092842-35-0.json,0521_B26-20220614/0521_B26-20220614-100135-101-101.json,0521_B26-20220614/0521_B26-20220614-092842-35-0.txt,0521_B26-20220614/0521_B26-20220614-100135-101-101.txt
0521,B29,20220531,115603,64-0,115603,64-0,0521_B29-20220531/0521_B29-20220531-115603-64-0.json,0521_B29-20220531/0521_B29-20220531-115603-64-0.json,0521_B29-20220531/0521_B29-20220531-115603-64-0.txt,0521_B29-20220531/0521_B29-20220531-115603-64-0.txt
0521,O01,20220603,082315,22-0,082315,22-0,0521_O01-20220603/0521_O01-20220603-082315-22-0.json,0521_O01-20220603/0521_O01-20220603-082315-22-0.json,0521_O01-20220603/0521_O01-20220603-082315-22-0.txt,0521_O01-20220603/0521_O01-20220603-082315-22-0.txt
0521,O01,20220604,064524,46-0,070549,46-46,0521_O01-20220604/0521_O01-20220604-064524-46-0.json,0521_O01-20220604/0521_O01-20220604-070549-46-46.json,0521_O01-20220604/0521_O01-20220604-064524-46-0.txt,0521_O01-20220604/0521_O01-20220604-070549-46-46.txt
0521,O01,20220611,053618,6-0,053618,6-0,0521_O01-20220611/0521_O01-20220611-053618-6-0.json,0521_O01-20220611/0521_O01-20220611-053618-6-0.json,0521_O01-20220611/0521_O01-20220611-053618-6-0.txt,0521_O01-20220611/0521_O01-20220611-053618-6-0.txt
0521,O01,20220614,080505,245-0,093354,186-186,0521_O01-20220614/0521_O01-20220614-080505-245-0.json,0521_O01-20220614/0521_O01-20220614-093354-186-186.json,0521_O01-20220614/0521_O01-20220614-080505-245-0.txt,0521_O01-20220614/0521_O01-20220614-093354-186-186.txt
0521,O01,20220615,050940,19-0,050940,19-0,0521_O01-20220615/0521_O01-20220615-050940-19-0.json,0521_O01-20220615/0521_O01-20220615-050940-19-0.json,0521_O01-20220615/0521_O01-20220615-050940-19-0.txt,0521_O01-20220615/0521_O01-20220615-050940-19-0.txt
0521,O01,20220617,093040,87-0,093040,87-0,0521_O01-20220617/0521_O01-20220617-093040-87-0.json,0521_O01-20220617/0521_O01-20220617-093040-87-0.json,0521_O01-20220617/0521_O01-20220617-093040-87-0.txt,0521_O01-20220617/0521_O01-20220617-093040-87-0.txt
0521,O01,20220618,061656,6-0,061656,6-0,0521_O01-20220618/0521_O01-20220618-061656-6-0.json,0521_O01-20220618/0521_O01-20220618-061656-6-0.json,0521_O01-20220618/0521_O01-20220618-061656-6-0.txt,0521_O01-20220618/0521_O01-20220618-061656-6-0.txt
0521,O02,20220530,073330,26-0,075645,26-26,0521_O02-20220530/0521_O02-20220530-073330-26-0.json,0521_O02-20220530/0521_O02-20220530-075645-26-26.json,0521_O02-20220530/0521_O02-20220530-073330-26-0.txt,0521_O02-20220530/0521_O02-20220530-075645-26-26.txt
0521,O02,20220531,080149,53-0,091137,69-69,0521_O02-20220531/0521_O02-20220531-080149-53-0.json,0521_O02-20220531/0521_O02-20220531-091137-69-69.json,0521_O02-20220531/0521_O02-20220531-080149-53-0.txt,0521_O02-20220531/0521_O02-20220531-091137-69-69.txt
0521,O02,20220601,082840,55-0,093014,53-53,0521_O02-20220601/0521_O02-20220601-082840-55-0.json,0521_O02-20220601/0521_O02-20220601-093014-53-53.json,0521_O02-20220601/0521_O02-20220601-082840-55-0.txt,0521_O02-20220601/0521_O02-20220601-093014-53-53.txt
0521,O02,20220602,072046,31-0,105744,23-23,0521_O02-20220602/0521_O02-20220602-072046-31-0.json,0521_O02-20220602/0521_O02-20220602-105744-23-23.json,0521_O02-20220602/0521_O02-20220602-072046-31-0.txt,0521_O02-20220602/0521_O02-20220602-105744-23-23.txt
0521,O02,20220603,082712,28-0,082712,28-0,0521_O02-20220603/0521_O02-20220603-082712-28-0.json,0521_O02-20220603/0521_O02-20220603-082712-28-0.json,0521_O02-20220603/0521_O02-20220603-082712-28-0.txt,0521_O02-20220603/0521_O02-20220603-082712-28-0.txt
0521,O02,20220608,093928,54-0,100738,55-55,0521_O02-20220608/0521_O02-20220608-093928-54-0.json,0521_O02-20220608/0521_O02-20220608-100738-55-55.json,0521_O02-20220608/0521_O02-20220608-093928-54-0.txt,0521_O02-20220608/0521_O02-20220608-100738-55-55.txt
0521,O02,20220609,091011,87-0,094252,87-87,0521_O02-20220609/0521_O02-20220609-091011-87-0.json,0521_O02-20220609/0521_O02-20220609-094252-87-87.json,0521_O02-20220609/0521_O02-20220609-091011-87-0.txt,0521_O02-20220609/0521_O02-20220609-094252-87-87.txt
0521,O02,20220610,072140,52-0,084233,52-52,0521_O02-20220610/0521_O02-20220610-072140-52-0.json,0521_O02-20220610/0521_O02-20220610-084233-52-52.json,0521_O02-20220610/0521_O02-20220610-072140-52-0.txt,0521_O02-20220610/0521_O02-20220610-084233-52-52.txt
0521,O02,20220613,084708,158-0,103154,158-158,0521_O02-20220613/0521_O02-20220613-084708-158-0.json,0521_O02-20220613/0521_O02-20220613-103154-158-158.json,0521_O02-20220613/0521_O02-20220613-084708-158-0.txt,0521_O02-20220613/0521_O02-20220613-103154-158-158.txt
0521,O02,20220614,074333,142-0,105628,134-134,0521_O02-20220614/0521_O02-20220614-074333-142-0.json,0521_O02-20220614/0521_O02-20220614-105628-134-134.json,0521_O02-20220614/0521_O02-20220614-074333-142-0.txt,0521_O02-20220614/0521_O02-20220614-105628-134-134.txt
0521,O02,20220615,074154,140-0,103046,131-131,0521_O02-20220615/0521_O02-20220615-074154-140-0.json,0521_O02-20220615/0521_O02-20220615-103046-131-131.json,0521_O02-20220615/0521_O02-20220615-074154-140-0.txt,0521_O02-20220615/0521_O02-20220615-103046-131-131.txt
0521,O02,20220616,074924,136-0,110458,122-122,0521_O02-20220616/0521_O02-20220616-074924-136-0.json,0521_O02-20220616/0521_O02-20220616-110458-122-122.json,0521_O02-20220616/0521_O02-20220616-074924-136-0.txt,0521_O02-20220616/0521_O02-20220616-110458-122-122.txt
0521,O02,20220617,075017,105-0,103550,104-104,0521_O02-20220617/0521_O02-20220617-075017-105-0.json,0521_O02-20220617/0521_O02-20220617-103550-104-104.json,0521_O02-20220617/0521_O02-20220617-075017-105-0.txt,0521_O02-20220617/0521_O02-20220617-103550-104-104.txt
0521,O02,20220620,071404,125-0,085447,123-123,0521_O02-20220620/0521_O02-20220620-071404-125-0.json,0521_O02-20220620/0521_O02-20220620-085447-123-123.json,0521_O02-20220620/0521_O02-20220620-071404-125-0.txt,0521_O02-20220620/0521_O02-20220620-085447-123-123.txt
0521,O02,20220621,064833,36-0,113850,37-37,0521_O02-20220621/0521_O02-20220621-064833-36-0.json,0521_O02-20220621/0521_O02-20220621-113850-37-37.json,0521_O02-20220621/0521_O02-20220621-064833-36-0.txt,0521_O02-20220621/0521_O02-20220621-113850-37-37.txt
0521,O02,20220622,071304,130-0,090653,127-127,0521_O02-20220622/0521_O02-20220622-071304-130-0.json,0521_O02-20220622/0521_O02-20220622-090653-127-127.json,0521_O02-20220622/0521_O02-20220622-071304-130-0.txt,0521_O02-20220622/0521_O02-20220622-090653-127-127.txt
0521,O03,20220530,080503,59-0,080503,59-0,0521_O03-20220530/0521_O03-20220530-080503-59-0.json,0521_O03-20220530/0521_O03-20220530-080503-59-0.json,0521_O03-20220530/0521_O03-20220530-080503-59-0.txt,0521_O03-20220530/0521_O03-20220530-080503-59-0.txt
0521,O03,20220531,070655,70-0,070655,70-0,0521_O03-20220531/0521_O03-20220531-070655-70-0.json,0521_O03-20220531/0521_O03-20220531-070655-70-0.json,0521_O03-20220531/0521_O03-20220531-070655-70-0.txt,0521_O03-20220531/0521_O03-20220531-070655-70-0.txt
0521,O03,20220602,080057,59-0,080057,59-0,0521_O03-20220602/0521_O03-20220602-080057-59-0.json,0521_O03-20220602/0521_O03-20220602-080057-59-0.json,0521_O03-20220602/0521_O03-20220602-080057-59-0.txt,0521_O03-20220602/0521_O03-20220602-080057-59-0.txt
0521,O03,20220603,082357,50-0,082357,50-0,0521_O03-20220603/0521_O03-20220603-082357-50-0.json,0521_O03-20220603/0521_O03-20220603-082357-50-0.json,0521_O03-20220603/0521_O03-20220603-082357-50-0.txt,0521_O03-20220603/0521_O03-20220603-082357-50-0.txt
0521,O03,20220607,082856,39-0,082856,39-0,0521_O03-20220607/0521_O03-20220607-082856-39-0.json,0521_O03-20220607/0521_O03-20220607-082856-39-0.json,0521_O03-20220607/0521_O03-20220607-082856-39-0.txt,0521_O03-20220607/0521_O03-20220607-082856-39-0.txt
0521,O03,20220608,065200,90-0,065200,90-0,0521_O03-20220608/0521_O03-20220608-065200-90-0.json,0521_O03-20220608/0521_O03-20220608-065200-90-0.json,0521_O03-20220608/0521_O03-20220608-065200-90-0.txt,0521_O03-20220608/0521_O03-20220608-065200-90-0.txt
0521,O03,20220621,064643,72-0,104806,70-70,0521_O03-20220621/0521_O03-20220621-064643-72-0.json,0521_O03-20220621/0521_O03-20220621-104806-70-70.json,0521_O03-20220621/0521_O03-20220621-064643-72-0.txt,0521_O03-20220621/0521_O03-20220621-104806-70-70.txt
0521,O03,20220622,103837,79-0,114204,73-73,0521_O03-20220622/0521_O03-20220622-103837-79-0.json,0521_O03-20220622/0521_O03-20220622-114204-73-73.json,0521_O03-20220622/0521_O03-20220622-103837-79-0.txt,0521_O03-20220622/0521_O03-20220622-114204-73-73.txt
0521,O04,20220604,075853,48-0,084730,48-48,0521_O04-20220604/0521_O04-20220604-075853-48-0.json,0521_O04-20220604/0521_O04-20220604-084730-48-48.json,0521_O04-20220604/0521_O04-20220604-075853-48-0.txt,0521_O04-20220604/0521_O04-20220604-084730-48-48.txt
0521,O04,20220607,112350,28-0,113306,28-28,0521_O04-20220607/0521_O04-20220607-112350-28-0.json,0521_O04-20220607/0521_O04-20220607-113306-28-28.json,0521_O04-20220607/0521_O04-20220607-112350-28-0.txt,0521_O04-20220607/0521_O04-20220607-113306-28-28.txt
0521,O04,20220609,100838,53-0,103437,53-53,0521_O04-20220609/0521_O04-20220609-100838-53-0.json,0521_O04-20220609/0521_O04-20220609-103437-53-53.json,0521_O04-20220609/0521_O04-20220609-100838-53-0.txt,0521_O04-20220609/0521_O04-20220609-103437-53-53.txt
0521,O04,20220611,052449,60-0,060529,51-51,0521_O04-20220611/0521_O04-20220611-052449-60-0.json,0521_O04-20220611/0521_O04-20220611-060529-51-51.json,0521_O04-20220611/0521_O04-20220611-052449-60-0.txt,0521_O04-20220611/0521_O04-20220611-060529-51-51.txt
0521,O04,20220615,085416,100-0,094601,100-100,0521_O04-20220615/0521_O04-20220615-085416-100-0.json,0521_O04-20220615/0521_O04-20220615-094601-100-100.json,0521_O04-20220615/0521_O04-20220615-085416-100-0.txt,0521_O04-20220615/0521_O04-20220615-094601-100-100.txt
0521,O05,20220531,064710,134-0,091256,134-134,0521_O05-20220531/0521_O05-20220531-064710-134-0.json,0521_O05-20220531/0521_O05-20220531-091256-134-134.json,0521_O05-20220531/0521_O05-20220531-064710-134-0.txt,0521_O05-20220531/0521_O05-20220531-091256-134-134.txt
0521,O05,20220609,065647,43-0,065647,43-0,0521_O05-20220609/0521_O05-20220609-065647-43-0.json,0521_O05-20220609/0521_O05-20220609-065647-43-0.json,0521_O05-20220609/0521_O05-20220609-065647-43-0.txt,0521_O05-20220609/0521_O05-20220609-065647-43-0.txt
0521,O05,20220610,063704,89-0,074651,89-89,0521_O05-20220610/0521_O05-20220610-063704-89-0.json,0521_O05-20220610/0521_O05-20220610-074651-89-89.json,0521_O05-20220610/0521_O05-20220610-063704-89-0.txt,0521_O05-20220610/0521_O05-20220610-074651-89-89.txt
0521,O05,20220613,085935,35-0,094416,35-35,0521_O05-20220613/0521_O05-20220613-085935-35-0.json,0521_O05-20220613/0521_O05-20220613-094416-35-35.json,0521_O05-20220613/0521_O05-20220613-085935-35-0.txt,0521_O05-20220613/0521_O05-20220613-094416-35-35.txt
0521,O05,20220614,085132,80-0,092847,80-80,0521_O05-20220614/0521_O05-20220614-085132-80-0.json,0521_O05-20220614/0521_O05-20220614-092847-80-80.json,0521_O05-20220614/0521_O05-20220614-085132-80-0.txt,0521_O05-20220614/0521_O05-20220614-092847-80-80.txt
0521,O05,20220616,094246,60-60,094246,60-60,0521_O05-20220616/0521_O05-20220616-094246-60-60.json,0521_O05-20220616/0521_O05-20220616-094246-60-60.json,0521_O05-20220616/0521_O05-20220616-094246-60-60.txt,0521_O05-20220616/0521_O05-20220616-094246-60-60.txt
0521,O05,20220617,085324,83-0,092441,83-83,0521_O05-20220617/0521_O05-20220617-085324-83-0.json,0521_O05-20220617/0521_O05-20220617-092441-83-83.json,0521_O05-20220617/0521_O05-20220617-085324-83-0.txt,0521_O05-20220617/0521_O05-20220617-092441-83-83.txt
0521,O05,20220621,084552,104-0,093554,104-104,0521_O05-20220621/0521_O05-20220621-084552-104-0.json,0521_O05-20220621/0521_O05-20220621-093554-104-104.json,0521_O05-20220621/0521_O05-20220621-084552-104-0.txt,0521_O05-20220621/0521_O05-20220621-093554-104-104.txt
0521,O05,20220622,081923,98-0,094714,125-125,0521_O05-20220622/0521_O05-20220622-081923-98-0.json,0521_O05-20220622/0521_O05-20220622-094714-125-125.json,0521_O05-20220622/0521_O05-20220622-081923-98-0.txt,0521_O05-20220622/0521_O05-20220622-094714-125-125.txt
0521,O07,20220531,102742,124-0,110031,124-124,0521_O07-20220531/0521_O07-20220531-102742-124-0.json,0521_O07-20220531/0521_O07-20220531-110031-124-124.json,0521_O07-20220531/0521_O07-20220531-102742-124-0.txt,0521_O07-20220531/0521_O07-20220531-110031-124-124.txt
0521,O07,20220601,054508,28-0,062045,32-32,0521_O07-20220601/0521_O07-20220601-054508-28-0.json,0521_O07-20220601/0521_O07-20220601-062045-32-32.json,0521_O07-20220601/0521_O07-20220601-054508-28-0.txt,0521_O07-20220601/0521_O07-20220601-062045-32-32.txt
0521,O07,20220604,064740,33-0,070204,33-33,0521_O07-20220604/0521_O07-20220604-064740-33-0.json,0521_O07-20220604/0521_O07-20220604-070204-33-33.json,0521_O07-20220604/0521_O07-20220604-064740-33-0.txt,0521_O07-20220604/0521_O07-20220604-070204-33-33.txt
0521,O07,20220607,093419,77-0,104352,77-77,0521_O07-20220607/0521_O07-20220607-093419-77-0.json,0521_O07-20220607/0521_O07-20220607-104352-77-77.json,0521_O07-20220607/0521_O07-20220607-093419-77-0.txt,0521_O07-20220607/0521_O07-20220607-104352-77-77.txt
0521,O07,20220608,091232,49-0,095234,50-50,0521_O07-20220608/0521_O07-20220608-091232-49-0.json,0521_O07-20220608/0521_O07-20220608-095234-50-50.json,0521_O07-20220608/0521_O07-20220608-091232-49-0.txt,0521_O07-20220608/0521_O07-20220608-095234-50-50.txt
0521,O07,20220609,094636,104-0,102432,103-103,0521_O07-20220609/0521_O07-20220609-094636-104-0.json,0521_O07-20220609/0521_O07-20220609-102432-103-103.json,0521_O07-20220609/0521_O07-20220609-094636-104-0.txt,0521_O07-20220609/0521_O07-20220609-102432-103-103.txt
0521,O07,20220610,101802,84-0,113007,84-84,0521_O07-20220610/0521_O07-20220610-101802-84-0.json,0521_O07-20220610/0521_O07-20220610-113007-84-84.json,0521_O07-20220610/0521_O07-20220610-101802-84-0.txt,0521_O07-20220610/0521_O07-20220610-113007-84-84.txt
0521,O07,20220611,061057,69-0,064408,63-63,0521_O07-20220611/0521_O07-20220611-061057-69-0.json,0521_O07-20220611/0521_O07-20220611-064408-63-63.json,0521_O07-20220611/0521_O07-20220611-061057-69-0.txt,0521_O07-20220611/0521_O07-20220611-064408-63-63.txt
0521,O07,20220613,094333,29-0,104034,75-75,0521_O07-20220613/0521_O07-20220613-094333-29-0.json,0521_O07-20220613/0521_O07-20220613-104034-75-75.json,0521_O07-20220613/0521_O07-20220613-094333-29-0.txt,0521_O07-20220613/0521_O07-20220613-104034-75-75.txt
0521,O07,20220614,105803,25-0,110300,25-25,0521_O07-20220614/0521_O07-20220614-105803-25-0.json,0521_O07-20220614/0521_O07-20220614-110300-25-25.json,0521_O07-20220614/0521_O07-20220614-105803-25-0.txt,0521_O07-20220614/0521_O07-20220614-110300-25-25.txt
0521,O07,20220616,100017,32-0,100017,32-0,0521_O07-20220616/0521_O07-20220616-100017-32-0.json,0521_O07-20220616/0521_O07-20220616-100017-32-0.json,0521_O07-20220616/0521_O07-20220616-100017-32-0.txt,0521_O07-20220616/0521_O07-20220616-100017-32-0.txt
0521,O07,20220617,093606,21-0,095556,21-21,0521_O07-20220617/0521_O07-20220617-093606-21-0.json,0521_O07-20220617/0521_O07-20220617-095556-21-21.json,0521_O07-20220617/0521_O07-20220617-093606-21-0.txt,0521_O07-20220617/0521_O07-20220617-095556-21-21.txt
0521,O07,20220618,061213,42-0,065920,65-65,0521_O07-20220618/0521_O07-20220618-061213-42-0.json,0521_O07-20220618/0521_O07-20220618-065920-65-65.json,0521_O07-20220618/0521_O07-20220618-061213-42-0.txt,0521_O07-20220618/0521_O07-20220618-065920-65-65.txt
0521,O07,20220620,084957,28-0,090544,28-28,0521_O07-20220620/0521_O07-20220620-084957-28-0.json,0521_O07-20220620/0521_O07-20220620-090544-28-28.json,0521_O07-20220620/0521_O07-20220620-084957-28-0.txt,0521_O07-20220620/0521_O07-20220620-090544-28-28.txt
0521,O07,20220621,094600,76-0,101935,78-78,0521_O07-20220621/0521_O07-20220621-094600-76-0.json,0521_O07-20220621/0521_O07-20220621-101935-78-78.json,0521_O07-20220621/0521_O07-20220621-094600-76-0.txt,0521_O07-20220621/0521_O07-20220621-101935-78-78.txt
0521,O07,20220622,084141,92-0,092431,92-92,0521_O07-20220622/0521_O07-20220622-084141-92-0.json,0521_O07-20220622/0521_O07-20220622-092431-92-92.json,0521_O07-20220622/0521_O07-20220622-084141-92-0.txt,0521_O07-20220622/0521_O07-20220622-092431-92-92.txt
0521,O08,20220601,101144,68-0,101144,68-0,0521_O08-20220601/0521_O08-20220601-101144-68-0.json,0521_O08-20220601/0521_O08-20220601-101144-68-0.json,0521_O08-20220601/0521_O08-20220601-101144-68-0.txt,0521_O08-20220601/0521_O08-20220601-101144-68-0.txt
0521,O08,20220602,090412,74-0,101014,69-69,0521_O08-20220602/0521_O08-20220602-090412-74-0.json,0521_O08-20220602/0521_O08-20220602-101014-69-69.json,0521_O08-20220602/0521_O08-20220602-090412-74-0.txt,0521_O08-20220602/0521_O08-20220602-101014-69-69.txt
0521,O08,20220603,091446,59-0,093827,59-59,0521_O08-20220603/0521_O08-20220603-091446-59-0.json,0521_O08-20220603/0521_O08-20220603-093827-59-59.json,0521_O08-20220603/0521_O08-20220603-091446-59-0.txt,0521_O08-20220603/0521_O08-20220603-093827-59-59.txt
0521,O08,20220604,071707,34-0,081328,34-34,0521_O08-20220604/0521_O08-20220604-071707-34-0.json,0521_O08-20220604/0521_O08-20220604-081328-34-34.json,0521_O08-20220604/0521_O08-20220604-071707-34-0.txt,0521_O08-20220604/0521_O08-20220604-081328-34-34.txt
0521,O08,20220610,101827,75-0,102214,75-75,0521_O08-20220610/0521_O08-20220610-101827-75-0.json,0521_O08-20220610/0521_O08-20220610-102214-75-75.json,0521_O08-20220610/0521_O08-20220610-101827-75-0.txt,0521_O08-20220610/0521_O08-20220610-102214-75-75.txt
0521,O08,20220611,062225,64-0,065232,64-64,0521_O08-20220611/0521_O08-20220611-062225-64-0.json,0521_O08-20220611/0521_O08-20220611-065232-64-64.json,0521_O08-20220611/0521_O08-20220611-062225-64-0.txt,0521_O08-20220611/0521_O08-20220611-065232-64-64.txt
0521,O08,20220615,090114,56-0,091819,56-56,0521_O08-20220615/0521_O08-20220615-090114-56-0.json,0521_O08-20220615/0521_O08-20220615-091819-56-56.json,0521_O08-20220615/0521_O08-20220615-090114-56-0.txt,0521_O08-20220615/0521_O08-20220615-091819-56-56.txt
0521,O08,20220618,062324,44-0,063412,38-0,0521_O08-20220618/0521_O08-20220618-062324-44-0.json,0521_O08-20220618/0521_O08-20220618-063412-38-0.json,0521_O08-20220618/0521_O08-20220618-062324-44-0.txt,0521_O08-20220618/0521_O08-20220618-063412-38-0.txt
0521,O08,20220621,094923,31-0,102332,32-32,0521_O08-20220621/0521_O08-20220621-094923-31-0.json,0521_O08-20220621/0521_O08-20220621-102332-32-32.json,0521_O08-20220621/0521_O08-20220621-094923-31-0.txt,0521_O08-20220621/0521_O08-20220621-102332-32-32.txt
0521,O08,20220622,092834,38-0,095304,39-39,0521_O08-20220622/0521_O08-20220622-092834-38-0.json,0521_O08-20220622/0521_O08-20220622-095304-39-39.json,0521_O08-20220622/0521_O08-20220622-092834-38-0.txt,0521_O08-20220622/0521_O08-20220622-095304-39-39.txt
0521,O09,20220531,061317,38-0,062735,38-38,0521_O09-20220531/0521_O09-20220531-061317-38-0.json,0521_O09-20220531/0521_O09-20220531-062735-38-38.json,0521_O09-20220531/0521_O09-20220531-061317-38-0.txt,0521_O09-20220531/0521_O09-20220531-062735-38-38.txt
0521,O09,20220602,102942,21-0,104111,21-21,0521_O09-20220602/0521_O09-20220602-102942-21-0.json,0521_O09-20220602/0521_O09-20220602-104111-21-21.json,0521_O09-20220602/0521_O09-20220602-102942-21-0.txt,0521_O09-20220602/0521_O09-20220602-104111-21-21.txt
0521,O09,20220603,100834,8-0,101405,8-8,0521_O09-20220603/0521_O09-20220603-100834-8-0.json,0521_O09-20220603/0521_O09-20220603-101405-8-8.json,0521_O09-20220603/0521_O09-20220603-100834-8-0.txt,0521_O09-20220603/0521_O09-20220603-101405-8-8.txt
0521,O09,20220604,065133,49-0,083553,49-49,0521_O09-20220604/0521_O09-20220604-065133-49-0.json,0521_O09-20220604/0521_O09-20220604-083553-49-49.json,0521_O09-20220604/0521_O09-20220604-065133-49-0.txt,0521_O09-20220604/0521_O09-20220604-083553-49-49.txt
0521,O09,20220608,101703,62-0,103721,62-62,0521_O09-20220608/0521_O09-20220608-101703-62-0.json,0521_O09-20220608/0521_O09-20220608-103721-62-62.json,0521_O09-20220608/0521_O09-20220608-101703-62-0.txt,0521_O09-20220608/0521_O09-20220608-103721-62-62.txt
0521,O10,20220530,061324,60-60,064702,60-60,0521_O10-20220530/0521_O10-20220530-061324-60-60.json,0521_O10-20220530/0521_O10-20220530-064702-60-60.json,0521_O10-20220530/0521_O10-20220530-061324-60-60.txt,0521_O10-20220530/0521_O10-20220530-064702-60-60.txt
0521,O10,20220531,063734,40-0,071624,40-40,0521_O10-20220531/0521_O10-20220531-063734-40-0.json,0521_O10-20220531/0521_O10-20220531-071624-40-40.json,0521_O10-20220531/0521_O10-20220531-063734-40-0.txt,0521_O10-20220531/0521_O10-20220531-071624-40-40.txt
0521,O10,20220601,062852,47-0,070330,48-48,0521_O10-20220601/0521_O10-20220601-062852-47-0.json,0521_O10-20220601/0521_O10-20220601-070330-48-48.json,0521_O10-20220601/0521_O10-20220601-062852-47-0.txt,0521_O10-20220601/0521_O10-20220601-070330-48-48.txt
0521,O10,20220602,070946,54-0,082311,43-43,0521_O10-20220602/0521_O10-20220602-070946-54-0.json,0521_O10-20220602/0521_O10-20220602-082311-43-43.json,0521_O10-20220602/0521_O10-20220602-070946-54-0.txt,0521_O10-20220602/0521_O10-20220602-082311-43-43.txt
0521,O10,20220604,055217,45-0,062502,45-45,0521_O10-20220604/0521_O10-20220604-055217-45-0.json,0521_O10-20220604/0521_O10-20220604-062502-45-45.json,0521_O10-20220604/0521_O10-20220604-055217-45-0.txt,0521_O10-20220604/0521_O10-20220604-062502-45-45.txt
0521,O10,20220611,052108,8-0,052108,8-0,0521_O10-20220611/0521_O10-20220611-052108-8-0.json,0521_O10-20220611/0521_O10-20220611-052108-8-0.json,0521_O10-20220611/0521_O10-20220611-052108-8-0.txt,0521_O10-20220611/0521_O10-20220611-052108-8-0.txt
0521,O10,20220618,053412,8-0,053412,8-0,0521_O10-20220618/0521_O10-20220618-053412-8-0.json,0521_O10-20220618/0521_O10-20220618-053412-8-0.json,0521_O10-20220618/0521_O10-20220618-053412-8-0.txt,0521_O10-20220618/0521_O10-20220618-053412-8-0.txt
0521,O11,20220531,073336,51-0,083133,51-51,0521_O11-20220531/0521_O11-20220531-073336-51-0.json,0521_O11-20220531/0521_O11-20220531-083133-51-51.json,0521_O11-20220531/0521_O11-20220531-073336-51-0.txt,0521_O11-20220531/0521_O11-20220531-083133-51-51.txt
0521,O11,20220602,083634,9-0,084957,9-9,0521_O11-20220602/0521_O11-20220602-083634-9-0.json,0521_O11-20220602/0521_O11-20220602-084957-9-9.json,0521_O11-20220602/0521_O11-20220602-083634-9-0.txt,0521_O11-20220602/0521_O11-20220602-084957-9-9.txt
0521,O11,20220609,065055,77-0,094426,77-77,0521_O11-20220609/0521_O11-20220609-065055-77-0.json,0521_O11-20220609/0521_O11-20220609-094426-77-77.json,0521_O11-20220609/0521_O11-20220609-065055-77-0.txt,0521_O11-20220609/0521_O11-20220609-094426-77-77.txt
0521,O11,20220610,075515,20-0,083336,20-20,0521_O11-20220610/0521_O11-20220610-075515-20-0.json,0521_O11-20220610/0521_O11-20220610-083336-20-20.json,0521_O11-20220610/0521_O11-20220610-075515-20-0.txt,0521_O11-20220610/0521_O11-20220610-083336-20-20.txt
0521,O11,20220614,063523,135-0,082406,104-104,0521_O11-20220614/0521_O11-20220614-063523-135-0.json,0521_O11-20220614/0521_O11-20220614-082406-104-104.json,0521_O11-20220614/0521_O11-20220614-063523-135-0.txt,0521_O11-20220614/0521_O11-20220614-082406-104-104.txt
0521,O11,20220615,082350,137-0,102015,87-87,0521_O11-20220615/0521_O11-20220615-082350-137-0.json,0521_O11-20220615/0521_O11-20220615-102015-87-87.json,0521_O11-20220615/0521_O11-20220615-082350-137-0.txt,0521_O11-20220615/0521_O11-20220615-102015-87-87.txt
0521,O11,20220616,062108,126-0,082005,99-99,0521_O11-20220616/0521_O11-20220616-062108-126-0.json,0521_O11-20220616/0521_O11-20220616-082005-99-99.json,0521_O11-20220616/0521_O11-20220616-062108-126-0.txt,0521_O11-20220616/0521_O11-20220616-082005-99-99.txt
0521,O11,20220620,062744,75-0,071034,74-74,0521_O11-20220620/0521_O11-20220620-062744-75-0.json,0521_O11-20220620/0521_O11-20220620-071034-74-74.json,0521_O11-20220620/0521_O11-20220620-062744-75-0.txt,0521_O11-20220620/0521_O11-20220620-071034-74-74.txt
0521,O11,20220621,060144,127-0,073133,130-130,0521_O11-20220621/0521_O11-20220621-060144-127-0.json,0521_O11-20220621/0521_O11-20220621-073133-130-130.json,0521_O11-20220621/0521_O11-20220621-060144-127-0.txt,0521_O11-20220621/0521_O11-20220621-073133-130-130.txt
0521,O11,20220622,063831,128-0,075513,128-128,0521_O11-20220622/0521_O11-20220622-063831-128-0.json,0521_O11-20220622/0521_O11-20220622-075513-128-128.json,0521_O11-20220622/0521_O11-20220622-063831-128-0.txt,0521_O11-20220622/0521_O11-20220622-075513-128-128.txt
0521,O13,20220530,060837,12-0,060837,12-0,0521_O13-20220530/0521_O13-20220530-060837-12-0.json,0521_O13-20220530/0521_O13-20220530-060837-12-0.json,0521_O13-20220530/0521_O13-20220530-060837-12-0.txt,0521_O13-20220530/0521_O13-20220530-060837-12-0.txt
0521,O13,20220531,060732,87-0,080512,91-91,0521_O13-20220531/0521_O13-20220531-060732-87-0.json,0521_O13-20220531/0521_O13-20220531-080512-91-91.json,0521_O13-20220531/0521_O13-20220531-060732-87-0.txt,0521_O13-20220531/0521_O13-20220531-080512-91-91.txt
0521,O13,20220601,061401,81-0,075843,80-80,0521_O13-20220601/0521_O13-20220601-061401-81-0.json,0521_O13-20220601/0521_O13-20220601-075843-80-80.json,0521_O13-20220601/0521_O13-20220601-061401-81-0.txt,0521_O13-20220601/0521_O13-20220601-075843-80-80.txt
0521,O13,20220602,061413,60-0,061647,60-60,0521_O13-20220602/0521_O13-20220602-061413-60-0.json,0521_O13-20220602/0521_O13-20220602-061647-60-60.json,0521_O13-20220602/0521_O13-20220602-061413-60-0.txt,0521_O13-20220602/0521_O13-20220602-061647-60-60.txt
0521,O13,20220607,070605,2-0,070605,2-0,0521_O13-20220607/0521_O13-20220607-070605-2-0.json,0521_O13-20220607/0521_O13-20220607-070605-2-0.json,0521_O13-20220607/0521_O13-20220607-070605-2-0.txt,0521_O13-20220607/0521_O13-20220607-070605-2-0.txt
0521,O13,20220608,060954,58-0,073348,65-65,0521_O13-20220608/0521_O13-20220608-060954-58-0.json,0521_O13-20220608/0521_O13-20220608-073348-65-65.json,0521_O13-20220608/0521_O13-20220608-060954-58-0.txt,0521_O13-20220608/0521_O13-20220608-073348-65-65.txt
0521,O13,20220609,063131,63-0,093430,62-62,0521_O13-20220609/0521_O13-20220609-063131-63-0.json,0521_O13-20220609/0521_O13-20220609-093430-62-62.json,0521_O13-20220609/0521_O13-20220609-063131-63-0.txt,0521_O13-20220609/0521_O13-20220609-093430-62-62.txt
0521,O13,20220610,055517,51-0,074513,35-35,0521_O13-20220610/0521_O13-20220610-055517-51-0.json,0521_O13-20220610/0521_O13-20220610-074513-35-35.json,0521_O13-20220610/0521_O13-20220610-055517-51-0.txt,0521_O13-20220610/0521_O13-20220610-074513-35-35.txt
0521,O13,20220613,062803,42-0,114142,53-53,0521_O13-20220613/0521_O13-20220613-062803-42-0.json,0521_O13-20220613/0521_O13-20220613-114142-53-53.json,0521_O13-20220613/0521_O13-20220613-062803-42-0.txt,0521_O13-20220613/0521_O13-20220613-114142-53-53.txt
0521,O13,20220614,060035,59-0,075910,59-59,0521_O13-20220614/0521_O13-20220614-060035-59-0.json,0521_O13-20220614/0521_O13-20220614-075910-59-59.json,0521_O13-20220614/0521_O13-20220614-060035-59-0.txt,0521_O13-20220614/0521_O13-20220614-075910-59-59.txt
0521,O13,20220616,071336,48-0,110658,48-48,0521_O13-20220616/0521_O13-20220616-071336-48-0.json,0521_O13-20220616/0521_O13-20220616-110658-48-48.json,0521_O13-20220616/0521_O13-20220616-071336-48-0.txt,0521_O13-20220616/0521_O13-20220616-110658-48-48.txt
0521,O13,20220617,081624,27-0,082941,27-27,0521_O13-20220617/0521_O13-20220617-081624-27-0.json,0521_O13-20220617/0521_O13-20220617-082941-27-27.json,0521_O13-20220617/0521_O13-20220617-081624-27-0.txt,0521_O13-20220617/0521_O13-20220617-082941-27-27.txt
0521,O13,20220621,054646,58-0,092729,59-59,0521_O13-20220621/0521_O13-20220621-054646-58-0.json,0521_O13-20220621/0521_O13-20220621-092729-59-59.json,0521_O13-20220621/0521_O13-20220621-054646-58-0.txt,0521_O13-20220621/0521_O13-20220621-092729-59-59.txt
0521,O13,20220622,053120,23-0,103224,56-56,0521_O13-20220622/0521_O13-20220622-053120-23-0.json,0521_O13-20220622/0521_O13-20220622-103224-56-56.json,0521_O13-20220622/0521_O13-20220622-053120-23-0.txt,0521_O13-20220622/0521_O13-20220622-103224-56-56.txt
0521,O14,20220531,065244,16-0,065416,16-16,0521_O14-20220531/0521_O14-20220531-065244-16-0.json,0521_O14-20220531/0521_O14-20220531-065416-16-16.json,0521_O14-20220531/0521_O14-20220531-065244-16-0.txt,0521_O14-20220531/0521_O14-20220531-065416-16-16.txt
0521,O14,20220603,055009,38-0,072042,49-49,0521_O14-20220603/0521_O14-20220603-055009-38-0.json,0521_O14-20220603/0521_O14-20220603-072042-49-49.json,0521_O14-20220603/0521_O14-20220603-055009-38-0.txt,0521_O14-20220603/0521_O14-20220603-072042-49-49.txt
0521,O14,20220610,072254,22-0,073139,21-21,0521_O14-20220610/0521_O14-20220610-072254-22-0.json,0521_O14-20220610/0521_O14-20220610-073139-21-21.json,0521_O14-20220610/0521_O14-20220610-072254-22-0.txt,0521_O14-20220610/0521_O14-20220610-073139-21-21.txt
0521,O14,20220615,060527,45-0,090327,47-47,0521_O14-20220615/0521_O14-20220615-060527-45-0.json,0521_O14-20220615/0521_O14-20220615-090327-47-47.json,0521_O14-20220615/0521_O14-20220615-060527-45-0.txt,0521_O14-20220615/0521_O14-20220615-090327-47-47.txt
0521,O16,20220531,083142,58-0,094250,69-69,0521_O16-20220531/0521_O16-20220531-083142-58-0.json,0521_O16-20220531/0521_O16-20220531-094250-69-69.json,0521_O16-20220531/0521_O16-20220531-083142-58-0.txt,0521_O16-20220531/0521_O16-20220531-094250-69-69.txt
0521,O16,20220611,061654,12-0,061654,12-0,0521_O16-20220611/0521_O16-20220611-061654-12-0.json,0521_O16-20220611/0521_O16-20220611-061654-12-0.json,0521_O16-20220611/0521_O16-20220611-061654-12-0.txt,0521_O16-20220611/0521_O16-20220611-061654-12-0.txt
0521,O16,20220614,080657,75-0,084512,75-75,0521_O16-20220614/0521_O16-20220614-080657-75-0.json,0521_O16-20220614/0521_O16-20220614-084512-75-75.json,0521_O16-20220614/0521_O16-20220614-080657-75-0.txt,0521_O16-20220614/0521_O16-20220614-084512-75-75.txt
0521,O16,20220617,063707,42-0,080529,44-44,0521_O16-20220617/0521_O16-20220617-063707-42-0.json,0521_O16-20220617/0521_O16-20220617-080529-44-44.json,0521_O16-20220617/0521_O16-20220617-063707-42-0.txt,0521_O16-20220617/0521_O16-20220617-080529-44-44.txt
0521,O16,20220618,054703,46-0,060803,34-34,0521_O16-20220618/0521_O16-20220618-054703-46-0.json,0521_O16-20220618/0521_O16-20220618-060803-34-34.json,0521_O16-20220618/0521_O16-20220618-054703-46-0.txt,0521_O16-20220618/0521_O16-20220618-060803-34-34.txt
0521,O16,20220622,073123,42-0,080147,43-43,0521_O16-20220622/0521_O16-20220622-073123-42-0.json,0521_O16-20220622/0521_O16-20220622-080147-43-43.json,0521_O16-20220622/0521_O16-20220622-073123-42-0.txt,0521_O16-20220622/0521_O16-20220622-080147-43-43.txt
0521,O17,20220616,063355,1-0,100253,47-47,0521_O17-20220616/0521_O17-20220616-063355-1-0.json,0521_O17-20220616/0521_O17-20220616-100253-47-47.json,0521_O17-20220616/0521_O17-20220616-063355-1-0.txt,0521_O17-20220616/0521_O17-20220616-100253-47-47.txt
0521,O18,20220530,063025,37-0,082959,75-75,0521_O18-20220530/0521_O18-20220530-063025-37-0.json,0521_O18-20220530/0521_O18-20220530-082959-75-75.json,0521_O18-20220530/0521_O18-20220530-063025-37-0.txt,0521_O18-20220530/0521_O18-20220530-082959-75-75.txt
0521,O18,20220531,064515,89-0,083307,87-87,0521_O18-20220531/0521_O18-20220531-064515-89-0.json,0521_O18-20220531/0521_O18-20220531-083307-87-87.json,0521_O18-20220531/0521_O18-20220531-064515-89-0.txt,0521_O18-20220531/0521_O18-20220531-083307-87-87.txt
0521,O18,20220601,082518,107-0,093440,103-103,0521_O18-20220601/0521_O18-20220601-082518-107-0.json,0521_O18-20220601/0521_O18-20220601-093440-103-103.json,0521_O18-20220601/0521_O18-20220601-082518-107-0.txt,0521_O18-20220601/0521_O18-20220601-093440-103-103.txt
0521,O18,20220602,065600,42-0,100339,62-62,0521_O18-20220602/0521_O18-20220602-065600-42-0.json,0521_O18-20220602/0521_O18-20220602-100339-62-62.json,0521_O18-20220602/0521_O18-20220602-065600-42-0.txt,0521_O18-20220602/0521_O18-20220602-100339-62-62.txt
0521,O18,20220603,080628,92-0,090410,88-88,0521_O18-20220603/0521_O18-20220603-080628-92-0.json,0521_O18-20220603/0521_O18-20220603-090410-88-88.json,0521_O18-20220603/0521_O18-20220603-080628-92-0.txt,0521_O18-20220603/0521_O18-20220603-090410-88-88.txt
0521,O18,20220607,065139,70-0,075826,83-83,0521_O18-20220607/0521_O18-20220607-065139-70-0.json,0521_O18-20220607/0521_O18-20220607-075826-83-83.json,0521_O18-20220607/0521_O18-20220607-065139-70-0.txt,0521_O18-20220607/0521_O18-20220607-075826-83-83.txt
0521,O18,20220608,062231,68-0,084630,96-96,0521_O18-20220608/0521_O18-20220608-062231-68-0.json,0521_O18-20220608/0521_O18-20220608-084630-96-96.json,0521_O18-20220608/0521_O18-20220608-062231-68-0.txt,0521_O18-20220608/0521_O18-20220608-084630-96-96.txt
0521,O18,20220609,070747,102-0,082327,91-91,0521_O18-20220609/0521_O18-20220609-070747-102-0.json,0521_O18-20220609/0521_O18-20220609-082327-91-91.json,0521_O18-20220609/0521_O18-20220609-070747-102-0.txt,0521_O18-20220609/0521_O18-20220609-082327-91-91.txt
0521,O18,20220610,070431,98-0,081455,99-99,0521_O18-20220610/0521_O18-20220610-070431-98-0.json,0521_O18-20220610/0521_O18-20220610-081455-99-99.json,0521_O18-20220610/0521_O18-20220610-070431-98-0.txt,0521_O18-20220610/0521_O18-20220610-081455-99-99.txt
0521,O18,20220613,081025,113-0,090259,112-112,0521_O18-20220613/0521_O18-20220613-081025-113-0.json,0521_O18-20220613/0521_O18-20220613-090259-112-112.json,0521_O18-20220613/0521_O18-20220613-081025-113-0.txt,0521_O18-20220613/0521_O18-20220613-090259-112-112.txt
0521,O18,20220614,054920,118-0,070227,126-126,0521_O18-20220614/0521_O18-20220614-054920-118-0.json,0521_O18-20220614/0521_O18-20220614-070227-126-126.json,0521_O18-20220614/0521_O18-20220614-054920-118-0.txt,0521_O18-20220614/0521_O18-20220614-070227-126-126.txt
0521,O18,20220615,064341,44-0,084034,68-68,0521_O18-20220615/0521_O18-20220615-064341-44-0.json,0521_O18-20220615/0521_O18-20220615-084034-68-68.json,0521_O18-20220615/0521_O18-20220615-064341-44-0.txt,0521_O18-20220615/0521_O18-20220615-084034-68-68.txt
0521,O18,20220616,060908,70-0,091025,82-82,0521_O18-20220616/0521_O18-20220616-060908-70-0.json,0521_O18-20220616/0521_O18-20220616-091025-82-82.json,0521_O18-20220616/0521_O18-20220616-060908-70-0.txt,0521_O18-20220616/0521_O18-20220616-091025-82-82.txt
0521,O18,20220617,053851,87-0,064606,105-105,0521_O18-20220617/0521_O18-20220617-053851-87-0.json,0521_O18-20220617/0521_O18-20220617-064606-105-105.json,0521_O18-20220617/0521_O18-20220617-053851-87-0.txt,0521_O18-20220617/0521_O18-20220617-064606-105-105.txt
0521,O18,20220618,053123,42-0,061008,44-44,0521_O18-20220618/0521_O18-20220618-053123-42-0.json,0521_O18-20220618/0521_O18-20220618-061008-44-44.json,0521_O18-20220618/0521_O18-20220618-053123-42-0.txt,0521_O18-20220618/0521_O18-20220618-061008-44-44.txt
0521,O18,20220620,060944,77-0,073930,77-77,0521_O18-20220620/0521_O18-20220620-060944-77-0.json,0521_O18-20220620/0521_O18-20220620-073930-77-77.json,0521_O18-20220620/0521_O18-20220620-060944-77-0.txt,0521_O18-20220620/0521_O18-20220620-073930-77-77.txt
0521,O18,20220621,062019,56-0,081736,101-101,0521_O18-20220621/0521_O18-20220621-062019-56-0.json,0521_O18-20220621/0521_O18-20220621-081736-101-101.json,0521_O18-20220621/0521_O18-20220621-062019-56-0.txt,0521_O18-20220621/0521_O18-20220621-081736-101-101.txt
0521,O18,20220622,082421,43-0,084855,43-43,0521_O18-20220622/0521_O18-20220622-082421-43-0.json,0521_O18-20220622/0521_O18-20220622-084855-43-43.json,0521_O18-20220622/0521_O18-20220622-082421-43-0.txt,0521_O18-20220622/0521_O18-20220622-084855-43-43.txt
0521,O19,20220602,102304,44-0,105228,86-86,0521_O19-20220602/0521_O19-20220602-102304-44-0.json,0521_O19-20220602/0521_O19-20220602-105228-86-86.json,0521_O19-20220602/0521_O19-20220602-102304-44-0.txt,0521_O19-20220602/0521_O19-20220602-105228-86-86.txt
0521,O19,20220618,055302,95-0,065828,54-54,0521_O19-20220618/0521_O19-20220618-055302-95-0.json,0521_O19-20220618/0521_O19-20220618-065828-54-54.json,0521_O19-20220618/0521_O19-20220618-055302-95-0.txt,0521_O19-20220618/0521_O19-20220618-065828-54-54.txt
0521,O20,20220608,064221,65-0,083659,65-65,0521_O20-20220608/0521_O20-20220608-064221-65-0.json,0521_O20-20220608/0521_O20-20220608-083659-65-65.json,0521_O20-20220608/0521_O20-20220608-064221-65-0.txt,0521_O20-20220608/0521_O20-20220608-083659-65-65.txt
0521,O20,20220609,060819,58-0,072111,59-59,0521_O20-20220609/0521_O20-20220609-060819-58-0.json,0521_O20-20220609/0521_O20-20220609-072111-59-59.json,0521_O20-20220609/0521_O20-20220609-060819-58-0.txt,0521_O20-20220609/0521_O20-20220609-072111-59-59.txt
0521,O20,20220610,061105,71-0,075806,72-72,0521_O20-20220610/0521_O20-20220610-061105-71-0.json,0521_O20-20220610/0521_O20-20220610-075806-72-72.json,0521_O20-20220610/0521_O20-20220610-061105-71-0.txt,0521_O20-20220610/0521_O20-20220610-075806-72-72.txt
0521,O20,20220613,075655,26-0,075831,25-25,0521_O20-20220613/0521_O20-20220613-075655-26-0.json,0521_O20-20220613/0521_O20-20220613-075831-25-25.json,0521_O20-20220613/0521_O20-20220613-075655-26-0.txt,0521_O20-20220613/0521_O20-20220613-075831-25-25.txt
0521,O20,20220614,075704,151-0,093152,111-111,0521_O20-20220614/0521_O20-20220614-075704-151-0.json,0521_O20-20220614/0521_O20-20220614-093152-111-111.json,0521_O20-20220614/0521_O20-20220614-075704-151-0.txt,0521_O20-20220614/0521_O20-20220614-093152-111-111.txt
0521,O20,20220615,064045,106-0,075730,102-102,0521_O20-20220615/0521_O20-20220615-064045-106-0.json,0521_O20-20220615/0521_O20-20220615-075730-102-102.json,0521_O20-20220615/0521_O20-20220615-064045-106-0.txt,0521_O20-20220615/0521_O20-20220615-075730-102-102.txt
0521,O20,20220616,062101,88-0,075708,85-85,0521_O20-20220616/0521_O20-20220616-062101-88-0.json,0521_O20-20220616/0521_O20-20220616-075708-85-85.json,0521_O20-20220616/0521_O20-20220616-062101-88-0.txt,0521_O20-20220616/0521_O20-20220616-075708-85-85.txt
0521,O20,20220621,071454,89-0,083034,109-109,0521_O20-20220621/0521_O20-20220621-071454-89-0.json,0521_O20-20220621/0521_O20-20220621-083034-109-109.json,0521_O20-20220621/0521_O20-20220621-071454-89-0.txt,0521_O20-20220621/0521_O20-20220621-083034-109-109.txt
0521,O20,20220622,074139,105-0,083211,104-104,0521_O20-20220622/0521_O20-20220622-074139-105-0.json,0521_O20-20220622/0521_O20-20220622-083211-104-104.json,0521_O20-20220622/0521_O20-20220622-074139-105-0.txt,0521_O20-20220622/0521_O20-20220622-083211-104-104.txt
0521,O21,20220530,064204,76-0,074508,109-109,0521_O21-20220530/0521_O21-20220530-064204-76-0.json,0521_O21-20220530/0521_O21-20220530-074508-109-109.json,0521_O21-20220530/0521_O21-20220530-064204-76-0.txt,0521_O21-20220530/0521_O21-20220530-074508-109-109.txt
0521,O21,20220531,063901,108-0,081039,149-149,0521_O21-20220531/0521_O21-20220531-063901-108-0.json,0521_O21-20220531/0521_O21-20220531-081039-149-149.json,0521_O21-20220531/0521_O21-20220531-063901-108-0.txt,0521_O21-20220531/0521_O21-20220531-081039-149-149.txt
0521,O21,20220601,064915,138-0,084403,90-90,0521_O21-20220601/0521_O21-20220601-064915-138-0.json,0521_O21-20220601/0521_O21-20220601-084403-90-90.json,0521_O21-20220601/0521_O21-20220601-064915-138-0.txt,0521_O21-20220601/0521_O21-20220601-084403-90-90.txt
0521,O21,20220602,063824,148-0,115914,60-60,0521_O21-20220602/0521_O21-20220602-063824-148-0.json,0521_O21-20220602/0521_O21-20220602-115914-60-60.json,0521_O21-20220602/0521_O21-20220602-063824-148-0.txt,0521_O21-20220602/0521_O21-20220602-115914-60-60.txt
0521,O21,20220603,065433,94-0,075632,91-91,0521_O21-20220603/0521_O21-20220603-065433-94-0.json,0521_O21-20220603/0521_O21-20220603-075632-91-91.json,0521_O21-20220603/0521_O21-20220603-065433-94-0.txt,0521_O21-20220603/0521_O21-20220603-075632-91-91.txt
0521,O21,20220607,063515,90-0,072033,94-94,0521_O21-20220607/0521_O21-20220607-063515-90-0.json,0521_O21-20220607/0521_O21-20220607-072033-94-94.json,0521_O21-20220607/0521_O21-20220607-063515-90-0.txt,0521_O21-20220607/0521_O21-20220607-072033-94-94.txt
0521,O21,20220608,052619,68-0,084139,135-135,0521_O21-20220608/0521_O21-20220608-052619-68-0.json,0521_O21-20220608/0521_O21-20220608-084139-135-135.json,0521_O21-20220608/0521_O21-20220608-052619-68-0.txt,0521_O21-20220608/0521_O21-20220608-084139-135-135.txt
0521,O21,20220609,065959,167-0,083926,137-136,0521_O21-20220609/0521_O21-20220609-065959-167-0.json,0521_O21-20220609/0521_O21-20220609-083926-137-136.json,0521_O21-20220609/0521_O21-20220609-065959-167-0.txt,0521_O21-20220609/0521_O21-20220609-083926-137-136.txt
0521,O21,20220610,063804,192-0,081035,95-93,0521_O21-20220610/0521_O21-20220610-063804-192-0.json,0521_O21-20220610/0521_O21-20220610-081035-95-93.json,0521_O21-20220610/0521_O21-20220610-063804-192-0.txt,0521_O21-20220610/0521_O21-20220610-081035-95-93.txt
0521,O21,20220611,053335,49-0,064409,63-63,0521_O21-20220611/0521_O21-20220611-053335-49-0.json,0521_O21-20220611/0521_O21-20220611-064409-63-63.json,0521_O21-20220611/0521_O21-20220611-053335-49-0.txt,0521_O21-20220611/0521_O21-20220611-064409-63-63.txt
0521,O21,20220613,063130,94-0,073741,106-106,0521_O21-20220613/0521_O21-20220613-063130-94-0.json,0521_O21-20220613/0521_O21-20220613-073741-106-106.json,0521_O21-20220613/0521_O21-20220613-063130-94-0.txt,0521_O21-20220613/0521_O21-20220613-073741-106-106.txt
0521,O21,20220614,064854,212-0,090624,136-136,0521_O21-20220614/0521_O21-20220614-064854-212-0.json,0521_O21-20220614/0521_O21-20220614-090624-136-136.json,0521_O21-20220614/0521_O21-20220614-064854-212-0.txt,0521_O21-20220614/0521_O21-20220614-090624-136-136.txt
0521,O21,20220615,053029,135-0,074803,131-131,0521_O21-20220615/0521_O21-20220615-053029-135-0.json,0521_O21-20220615/0521_O21-20220615-074803-131-131.json,0521_O21-20220615/0521_O21-20220615-053029-135-0.txt,0521_O21-20220615/0521_O21-20220615-074803-131-131.txt
0521,O21,20220616,063109,94-0,075615,120-120,0521_O21-20220616/0521_O21-20220616-063109-94-0.json,0521_O21-20220616/0521_O21-20220616-075615-120-120.json,0521_O21-20220616/0521_O21-20220616-063109-94-0.txt,0521_O21-20220616/0521_O21-20220616-075615-120-120.txt
0521,O21,20220617,062329,97-0,071955,107-107,0521_O21-20220617/0521_O21-20220617-062329-97-0.json,0521_O21-20220617/0521_O21-20220617-071955-107-107.json,0521_O21-20220617/0521_O21-20220617-062329-97-0.txt,0521_O21-20220617/0521_O21-20220617-071955-107-107.txt
0521,O21,20220618,055748,45-0,065113,68-68,0521_O21-20220618/0521_O21-20220618-055748-45-0.json,0521_O21-20220618/0521_O21-20220618-065113-68-68.json,0521_O21-20220618/0521_O21-20220618-055748-45-0.txt,0521_O21-20220618/0521_O21-20220618-065113-68-68.txt
0521,O21,20220620,062245,106-0,080346,114-114,0521_O21-20220620/0521_O21-20220620-062245-106-0.json,0521_O21-20220620/0521_O21-20220620-080346-114-114.json,0521_O21-20220620/0521_O21-20220620-062245-106-0.txt,0521_O21-20220620/0521_O21-20220620-080346-114-114.txt
0521,O21,20220621,064806,230-0,091549,125-125,0521_O21-20220621/0521_O21-20220621-064806-230-0.json,0521_O21-20220621/0521_O21-20220621-091549-125-125.json,0521_O21-20220621/0521_O21-20220621-064806-230-0.txt,0521_O21-20220621/0521_O21-20220621-091549-125-125.txt
0521,O21,20220622,053928,62-0,090636,107-107,0521_O21-20220622/0521_O21-20220622-053928-62-0.json,0521_O21-20220622/0521_O21-20220622-090636-107-107.json,0521_O21-20220622/0521_O21-20220622-053928-62-0.txt,0521_O21-20220622/0521_O21-20220622-090636-107-107.txt
0521,O22,20220531,080236,57-0,083208,56-56,0521_O22-20220531/0521_O22-20220531-080236-57-0.json,0521_O22-20220531/0521_O22-20220531-083208-56-56.json,0521_O22-20220531/0521_O22-20220531-080236-57-0.txt,0521_O22-20220531/0521_O22-20220531-083208-56-56.txt
0521,O22,20220601,084539,62-0,092949,62-62,0521_O22-20220601/0521_O22-20220601-084539-62-0.json,0521_O22-20220601/0521_O22-20220601-092949-62-62.json,0521_O22-20220601/0521_O22-20220601-084539-62-0.txt,0521_O22-20220601/0521_O22-20220601-092949-62-62.txt
0521,O22,20220602,090230,43-0,092716,43-43,0521_O22-20220602/0521_O22-20220602-090230-43-0.json,0521_O22-20220602/0521_O22-20220602-092716-43-43.json,0521_O22-20220602/0521_O22-20220602-090230-43-0.txt,0521_O22-20220602/0521_O22-20220602-092716-43-43.txt
0521,O22,20220603,075717,49-0,075717,49-0,0521_O22-20220603/0521_O22-20220603-075717-49-0.json,0521_O22-20220603/0521_O22-20220603-075717-49-0.json,0521_O22-20220603/0521_O22-20220603-075717-49-0.txt,0521_O22-20220603/0521_O22-20220603-075717-49-0.txt
0521,O22,20220607,083018,30-0,083718,30-30,0521_O22-20220607/0521_O22-20220607-083018-30-0.json,0521_O22-20220607/0521_O22-20220607-083718-30-30.json,0521_O22-20220607/0521_O22-20220607-083018-30-0.txt,0521_O22-20220607/0521_O22-20220607-083718-30-30.txt
0521,O22,20220608,081507,55-0,085100,55-55,0521_O22-20220608/0521_O22-20220608-081507-55-0.json,0521_O22-20220608/0521_O22-20220608-085100-55-55.json,0521_O22-20220608/0521_O22-20220608-081507-55-0.txt,0521_O22-20220608/0521_O22-20220608-085100-55-55.txt
0521,O22,20220609,092731,19-0,092731,19-0,0521_O22-20220609/0521_O22-20220609-092731-19-0.json,0521_O22-20220609/0521_O22-20220609-092731-19-0.json,0521_O22-20220609/0521_O22-20220609-092731-19-0.txt,0521_O22-20220609/0521_O22-20220609-092731-19-0.txt
0521,O22,20220610,091309,58-0,091309,58-0,0521_O22-20220610/0521_O22-20220610-091309-58-0.json,0521_O22-20220610/0521_O22-20220610-091309-58-0.json,0521_O22-20220610/0521_O22-20220610-091309-58-0.txt,0521_O22-20220610/0521_O22-20220610-091309-58-0.txt
0521,O22,20220611,061856,9-0,061856,9-0,0521_O22-20220611/0521_O22-20220611-061856-9-0.json,0521_O22-20220611/0521_O22-20220611-061856-9-0.json,0521_O22-20220611/0521_O22-20220611-061856-9-0.txt,0521_O22-20220611/0521_O22-20220611-061856-9-0.txt
0521,O22,20220614,080835,59-0,085545,59-59,0521_O22-20220614/0521_O22-20220614-080835-59-0.json,0521_O22-20220614/0521_O22-20220614-085545-59-59.json,0521_O22-20220614/0521_O22-20220614-080835-59-0.txt,0521_O22-20220614/0521_O22-20220614-085545-59-59.txt
0521,O22,20220615,082756,45-0,103123,45-45,0521_O22-20220615/0521_O22-20220615-082756-45-0.json,0521_O22-20220615/0521_O22-20220615-103123-45-45.json,0521_O22-20220615/0521_O22-20220615-082756-45-0.txt,0521_O22-20220615/0521_O22-20220615-103123-45-45.txt
0521,O22,20220618,074037,9-0,074037,9-0,0521_O22-20220618/0521_O22-20220618-074037-9-0.json,0521_O22-20220618/0521_O22-20220618-074037-9-0.json,0521_O22-20220618/0521_O22-20220618-074037-9-0.txt,0521_O22-20220618/0521_O22-20220618-074037-9-0.txt
0521,O23,20220601,091632,34-0,092859,34-34,0521_O23-20220601/0521_O23-20220601-091632-34-0.json,0521_O23-20220601/0521_O23-20220601-092859-34-34.json,0521_O23-20220601/0521_O23-20220601-091632-34-0.txt,0521_O23-20220601/0521_O23-20220601-092859-34-34.txt
0521,O23,20220603,074506,20-0,075844,20-20,0521_O23-20220603/0521_O23-20220603-074506-20-0.json,0521_O23-20220603/0521_O23-20220603-075844-20-20.json,0521_O23-20220603/0521_O23-20220603-074506-20-0.txt,0521_O23-20220603/0521_O23-20220603-075844-20-20.txt
0521,O23,20220609,085346,55-0,093502,55-55,0521_O23-20220609/0521_O23-20220609-085346-55-0.json,0521_O23-20220609/0521_O23-20220609-093502-55-55.json,0521_O23-20220609/0521_O23-20220609-085346-55-0.txt,0521_O23-20220609/0521_O23-20220609-093502-55-55.txt
0521,O23,20220610,072011,3-0,072601,3-2,0521_O23-20220610/0521_O23-20220610-072011-3-0.json,0521_O23-20220610/0521_O23-20220610-072601-3-2.json,0521_O23-20220610/0521_O23-20220610-072011-3-0.txt,0521_O23-20220610/0521_O23-20220610-072601-3-2.txt
0521,O24,20220616,084556,54-0,092623,54-54,0521_O24-20220616/0521_O24-20220616-084556-54-0.json,0521_O24-20220616/0521_O24-20220616-092623-54-54.json,0521_O24-20220616/0521_O24-20220616-084556-54-0.txt,0521_O24-20220616/0521_O24-20220616-092623-54-54.txt
0521,O24,20220617,093555,24-0,100546,64-64,0521_O24-20220617/0521_O24-20220617-093555-24-0.json,0521_O24-20220617/0521_O24-20220617-100546-64-64.json,0521_O24-20220617/0521_O24-20220617-093555-24-0.txt,0521_O24-20220617/0521_O24-20220617-100546-64-64.txt
0521,O25,20220604,061128,69-0,070547,69-69,0521_O25-20220604/0521_O25-20220604-061128-69-0.json,0521_O25-20220604/0521_O25-20220604-070547-69-69.json,0521_O25-20220604/0521_O25-20220604-061128-69-0.txt,0521_O25-20220604/0521_O25-20220604-070547-69-69.txt
0521,O25,20220611,063030,67-0,071643,62-62,0521_O25-20220611/0521_O25-20220611-063030-67-0.json,0521_O25-20220611/0521_O25-20220611-071643-62-62.json,0521_O25-20220611/0521_O25-20220611-063030-67-0.txt,0521_O25-20220611/0521_O25-20220611-071643-62-62.txt
0521,O25,20220618,062059,55-0,065319,50-50,0521_O25-20220618/0521_O25-20220618-062059-55-0.json,0521_O25-20220618/0521_O25-20220618-065319-50-50.json,0521_O25-20220618/0521_O25-20220618-062059-55-0.txt,0521_O25-20220618/0521_O25-20220618-065319-50-50.txt
0521,O26,20220531,092119,3-0,105255,54-54,0521_O26-20220531/0521_O26-20220531-092119-3-0.json,0521_O26-20220531/0521_O26-20220531-105255-54-54.json,0521_O26-20220531/0521_O26-20220531-092119-3-0.txt,0521_O26-20220531/0521_O26-20220531-105255-54-54.txt
0521,O26,20220601,070626,35-0,092042,90-90,0521_O26-20220601/0521_O26-20220601-070626-35-0.json,0521_O26-20220601/0521_O26-20220601-092042-90-90.json,0521_O26-20220601/0521_O26-20220601-070626-35-0.txt,0521_O26-20220601/0521_O26-20220601-092042-90-90.txt
0521,O26,20220602,072720,41-0,093016,71-71,0521_O26-20220602/0521_O26-20220602-072720-41-0.json,0521_O26-20220602/0521_O26-20220602-093016-71-71.json,0521_O26-20220602/0521_O26-20220602-072720-41-0.txt,0521_O26-20220602/0521_O26-20220602-093016-71-71.txt
0521,O26,20220603,091127,27-0,094556,27-27,0521_O26-20220603/0521_O26-20220603-091127-27-0.json,0521_O26-20220603/0521_O26-20220603-094556-27-27.json,0521_O26-20220603/0521_O26-20220603-091127-27-0.txt,0521_O26-20220603/0521_O26-20220603-094556-27-27.txt
0521,O26,20220607,090334,35-0,101536,65-65,0521_O26-20220607/0521_O26-20220607-090334-35-0.json,0521_O26-20220607/0521_O26-20220607-101536-65-65.json,0521_O26-20220607/0521_O26-20220607-090334-35-0.txt,0521_O26-20220607/0521_O26-20220607-101536-65-65.txt
0521,O26,20220608,065714,47-0,091757,89-89,0521_O26-20220608/0521_O26-20220608-065714-47-0.json,0521_O26-20220608/0521_O26-20220608-091757-89-89.json,0521_O26-20220608/0521_O26-20220608-065714-47-0.txt,0521_O26-20220608/0521_O26-20220608-091757-89-89.txt
0521,O26,20220609,074420,92-0,095627,106-106,0521_O26-20220609/0521_O26-20220609-074420-92-0.json,0521_O26-20220609/0521_O26-20220609-095627-106-106.json,0521_O26-20220609/0521_O26-20220609-074420-92-0.txt,0521_O26-20220609/0521_O26-20220609-095627-106-106.txt
0521,O26,20220610,065623,100-0,065938,105-0,0521_O26-20220610/0521_O26-20220610-065623-100-0.json,0521_O26-20220610/0521_O26-20220610-065938-105-0.json,0521_O26-20220610/0521_O26-20220610-065623-100-0.txt,0521_O26-20220610/0521_O26-20220610-065938-105-0.txt
0521,O26,20220613,063645,30-0,081335,70-70,0521_O26-20220613/0521_O26-20220613-063645-30-0.json,0521_O26-20220613/0521_O26-20220613-081335-70-70.json,0521_O26-20220613/0521_O26-20220613-063645-30-0.txt,0521_O26-20220613/0521_O26-20220613-081335-70-70.txt
0521,O26,20220614,084143,57-0,094500,56-56,0521_O26-20220614/0521_O26-20220614-084143-57-0.json,0521_O26-20220614/0521_O26-20220614-094500-56-56.json,0521_O26-20220614/0521_O26-20220614-084143-57-0.txt,0521_O26-20220614/0521_O26-20220614-094500-56-56.txt
0521,O26,20220615,073014,30-0,082311,29-29,0521_O26-20220615/0521_O26-20220615-073014-30-0.json,0521_O26-20220615/0521_O26-20220615-082311-29-29.json,0521_O26-20220615/0521_O26-20220615-073014-30-0.txt,0521_O26-20220615/0521_O26-20220615-082311-29-29.txt
0521,O26,20220616,074348,47-0,104935,47-0,0521_O26-20220616/0521_O26-20220616-074348-47-0.json,0521_O26-20220616/0521_O26-20220616-104935-47-0.json,0521_O26-20220616/0521_O26-20220616-074348-47-0.txt,0521_O26-20220616/0521_O26-20220616-104935-47-0.txt
0521,O26,20220617,074503,11-0,084714,11-11,0521_O26-20220617/0521_O26-20220617-074503-11-0.json,0521_O26-20220617/0521_O26-20220617-084714-11-11.json,0521_O26-20220617/0521_O26-20220617-074503-11-0.txt,0521_O26-20220617/0521_O26-20220617-084714-11-11.txt
0521,O26,20220621,073650,79-0,084717,79-79,0521_O26-20220621/0521_O26-20220621-073650-79-0.json,0521_O26-20220621/0521_O26-20220621-084717-79-79.json,0521_O26-20220621/0521_O26-20220621-073650-79-0.txt,0521_O26-20220621/0521_O26-20220621-084717-79-79.txt
0521,O26,20220622,085232,49-0,101003,50-50,0521_O26-20220622/0521_O26-20220622-085232-49-0.json,0521_O26-20220622/0521_O26-20220622-101003-50-50.json,0521_O26-20220622/0521_O26-20220622-085232-49-0.txt,0521_O26-20220622/0521_O26-20220622-101003-50-50.txt
0521,O27,20220530,063423,32-0,074623,39-39,0521_O27-20220530/0521_O27-20220530-063423-32-0.json,0521_O27-20220530/0521_O27-20220530-074623-39-39.json,0521_O27-20220530/0521_O27-20220530-063423-32-0.txt,0521_O27-20220530/0521_O27-20220530-074623-39-39.txt
0521,O27,20220531,083528,91-0,115912,80-80,0521_O27-20220531/0521_O27-20220531-083528-91-0.json,0521_O27-20220531/0521_O27-20220531-115912-80-80.json,0521_O27-20220531/0521_O27-20220531-083528-91-0.txt,0521_O27-20220531/0521_O27-20220531-115912-80-80.txt
0521,O27,20220601,083516,3-0,083642,3-3,0521_O27-20220601/0521_O27-20220601-083516-3-0.json,0521_O27-20220601/0521_O27-20220601-083642-3-3.json,0521_O27-20220601/0521_O27-20220601-083516-3-0.txt,0521_O27-20220601/0521_O27-20220601-083642-3-3.txt
0521,O27,20220615,103525,31-0,103955,31-31,0521_O27-20220615/0521_O27-20220615-103525-31-0.json,0521_O27-20220615/0521_O27-20220615-103955-31-31.json,0521_O27-20220615/0521_O27-20220615-103525-31-0.txt,0521_O27-20220615/0521_O27-20220615-103955-31-31.txt
0521,O27,20220616,082156,16-0,082156,16-0,0521_O27-20220616/0521_O27-20220616-082156-16-0.json,0521_O27-20220616/0521_O27-20220616-082156-16-0.json,0521_O27-20220616/0521_O27-20220616-082156-16-0.txt,0521_O27-20220616/0521_O27-20220616-082156-16-0.txt
0521,O27,20220620,080029,1-0,084656,4-0,0521_O27-20220620/0521_O27-20220620-080029-1-0.json,0521_O27-20220620/0521_O27-20220620-084656-4-0.json,0521_O27-20220620/0521_O27-20220620-080029-1-0.txt,0521_O27-20220620/0521_O27-20220620-084656-4-0.txt
0521,O27,20220621,082437,47-0,104553,60-60,0521_O27-20220621/0521_O27-20220621-082437-47-0.json,0521_O27-20220621/0521_O27-20220621-104553-60-60.json,0521_O27-20220621/0521_O27-20220621-082437-47-0.txt,0521_O27-20220621/0521_O27-20220621-104553-60-60.txt
0521,O27,20220622,070909,6-0,072813,8-8,0521_O27-20220622/0521_O27-20220622-070909-6-0.json,0521_O27-20220622/0521_O27-20220622-072813-8-8.json,0521_O27-20220622/0521_O27-20220622-070909-6-0.txt,0521_O27-20220622/0521_O27-20220622-072813-8-8.txt
0521,O28,20220604,055609,27-0,080231,28-28,0521_O28-20220604/0521_O28-20220604-055609-27-0.json,0521_O28-20220604/0521_O28-20220604-080231-28-28.json,0521_O28-20220604/0521_O28-20220604-055609-27-0.txt,0521_O28-20220604/0521_O28-20220604-080231-28-28.txt
0521,O28,20220609,061932,77-0,062157,77-0,0521_O28-20220609/0521_O28-20220609-061932-77-0.json,0521_O28-20220609/0521_O28-20220609-062157-77-0.json,0521_O28-20220609/0521_O28-20220609-061932-77-0.txt,0521_O28-20220609/0521_O28-20220609-062157-77-0.txt
0521,O28,20220611,053423,26-0,055337,22-22,0521_O28-20220611/0521_O28-20220611-053423-26-0.json,0521_O28-20220611/0521_O28-20220611-055337-22-22.json,0521_O28-20220611/0521_O28-20220611-053423-26-0.txt,0521_O28-20220611/0521_O28-20220611-055337-22-22.txt
0521,O28,20220618,053551,6-0,053551,6-0,0521_O28-20220618/0521_O28-20220618-053551-6-0.json,0521_O28-20220618/0521_O28-20220618-053551-6-0.json,0521_O28-20220618/0521_O28-20220618-053551-6-0.txt,0521_O28-20220618/0521_O28-20220618-053551-6-0.txt
0521,O29,20220531,055236,50-0,073749,51-51,0521_O29-20220531/0521_O29-20220531-055236-50-0.json,0521_O29-20220531/0521_O29-20220531-073749-51-51.json,0521_O29-20220531/0521_O29-20220531-055236-50-0.txt,0521_O29-20220531/0521_O29-20220531-073749-51-51.txt
0521,O29,20220601,064325,58-0,072825,58-58,0521_O29-20220601/0521_O29-20220601-064325-58-0.json,0521_O29-20220601/0521_O29-20220601-072825-58-58.json,0521_O29-20220601/0521_O29-20220601-064325-58-0.txt,0521_O29-20220601/0521_O29-20220601-072825-58-58.txt
0521,O29,20220602,062336,28-0,064128,28-28,0521_O29-20220602/0521_O29-20220602-062336-28-0.json,0521_O29-20220602/0521_O29-20220602-064128-28-28.json,0521_O29-20220602/0521_O29-20220602-062336-28-0.txt,0521_O29-20220602/0521_O29-20220602-064128-28-28.txt
0521,O29,20220603,064814,28-0,081217,28-28,0521_O29-20220603/0521_O29-20220603-064814-28-0.json,0521_O29-20220603/0521_O29-20220603-081217-28-28.json,0521_O29-20220603/0521_O29-20220603-064814-28-0.txt,0521_O29-20220603/0521_O29-20220603-081217-28-28.txt
0521,O29,20220608,060038,104-0,072603,106-105,0521_O29-20220608/0521_O29-20220608-060038-104-0.json,0521_O29-20220608/0521_O29-20220608-072603-106-105.json,0521_O29-20220608/0521_O29-20220608-060038-104-0.txt,0521_O29-20220608/0521_O29-20220608-072603-106-105.txt
0521,O29,20220614,063800,132-0,075436,73-73,0521_O29-20220614/0521_O29-20220614-063800-132-0.json,0521_O29-20220614/0521_O29-20220614-075436-73-73.json,0521_O29-20220614/0521_O29-20220614-063800-132-0.txt,0521_O29-20220614/0521_O29-20220614-075436-73-73.txt
0521,O29,20220615,064239,66-0,071727,66-66,0521_O29-20220615/0521_O29-20220615-064239-66-0.json,0521_O29-20220615/0521_O29-20220615-071727-66-66.json,0521_O29-20220615/0521_O29-20220615-064239-66-0.txt,0521_O29-20220615/0521_O29-20220615-071727-66-66.txt
0521,O29,20220616,061927,56-0,074148,77-77,0521_O29-20220616/0521_O29-20220616-061927-56-0.json,0521_O29-20220616/0521_O29-20220616-074148-77-77.json,0521_O29-20220616/0521_O29-20220616-061927-56-0.txt,0521_O29-20220616/0521_O29-20220616-074148-77-77.txt
0521,O29,20220617,062032,23-0,065251,24-24,0521_O29-20220617/0521_O29-20220617-062032-23-0.json,0521_O29-20220617/0521_O29-20220617-065251-24-24.json,0521_O29-20220617/0521_O29-20220617-062032-23-0.txt,0521_O29-20220617/0521_O29-20220617-065251-24-24.txt
0521,O29,20220622,064510,46-0,070439,46-46,0521_O29-20220622/0521_O29-20220622-064510-46-0.json,0521_O29-20220622/0521_O29-20220622-070439-46-46.json,0521_O29-20220622/0521_O29-20220622-064510-46-0.txt,0521_O29-20220622/0521_O29-20220622-070439-46-46.txt
0521,O30,20220610,064133,120-0,075655,118-118,0521_O30-20220610/0521_O30-20220610-064133-120-0.json,0521_O30-20220610/0521_O30-20220610-075655-118-118.json,0521_O30-20220610/0521_O30-20220610-064133-120-0.txt,0521_O30-20220610/0521_O30-20220610-075655-118-118.txt
0521,O31,20220601,070500,18-0,071302,16-16,0521_O31-20220601/0521_O31-20220601-070500-18-0.json,0521_O31-20220601/0521_O31-20220601-071302-16-16.json,0521_O31-20220601/0521_O31-20220601-070500-18-0.txt,0521_O31-20220601/0521_O31-20220601-071302-16-16.txt
0521,O31,20220603,055249,57-0,070106,58-58,0521_O31-20220603/0521_O31-20220603-055249-57-0.json,0521_O31-20220603/0521_O31-20220603-070106-58-58.json,0521_O31-20220603/0521_O31-20220603-055249-57-0.txt,0521_O31-20220603/0521_O31-20220603-070106-58-58.txt
0521,O31,20220609,063206,75-0,074158,86-86,0521_O31-20220609/0521_O31-20220609-063206-75-0.json,0521_O31-20220609/0521_O31-20220609-074158-86-86.json,0521_O31-20220609/0521_O31-20220609-063206-75-0.txt,0521_O31-20220609/0521_O31-20220609-074158-86-86.txt
0521,O31,20220610,071836,2-0,074222,1-1,0521_O31-20220610/0521_O31-20220610-071836-2-0.json,0521_O31-20220610/0521_O31-20220610-074222-1-1.json,0521_O31-20220610/0521_O31-20220610-071836-2-0.txt,0521_O31-20220610/0521_O31-20220610-074222-1-1.txt
0521,O31,20220611,053143,16-0,053226,16-16,0521_O31-20220611/0521_O31-20220611-053143-16-0.json,0521_O31-20220611/0521_O31-20220611-053226-16-16.json,0521_O31-20220611/0521_O31-20220611-053143-16-0.txt,0521_O31-20220611/0521_O31-20220611-053226-16-16.txt
0521,O31,20220618,054226,51-0,064240,47-47,0521_O31-20220618/0521_O31-20220618-054226-51-0.json,0521_O31-20220618/0521_O31-20220618-064240-47-47.json,0521_O31-20220618/0521_O31-20220618-054226-51-0.txt,0521_O31-20220618/0521_O31-20220618-064240-47-47.txt
0521,O32,20220618,061718,4-0,061718,4-0,0521_O32-20220618/0521_O32-20220618-061718-4-0.json,0521_O32-20220618/0521_O32-20220618-061718-4-0.json,0521_O32-20220618/0521_O32-20220618-061718-4-0.txt,0521_O32-20220618/0521_O32-20220618-061718-4-0.txt
0521,O33,20220531,055040,22-0,060731,22-22,0521_O33-20220531/0521_O33-20220531-055040-22-0.json,0521_O33-20220531/0521_O33-20220531-060731-22-22.json,0521_O33-20220531/0521_O33-20220531-055040-22-0.txt,0521_O33-20220531/0521_O33-20220531-060731-22-22.txt
0521,O33,20220601,064220,26-0,065537,26-26,0521_O33-20220601/0521_O33-20220601-064220-26-0.json,0521_O33-20220601/0521_O33-20220601-065537-26-26.json,0521_O33-20220601/0521_O33-20220601-064220-26-0.txt,0521_O33-20220601/0521_O33-20220601-065537-26-26.txt
0521,O33,20220602,065522,21-0,071153,21-21,0521_O33-20220602/0521_O33-20220602-065522-21-0.json,0521_O33-20220602/0521_O33-20220602-071153-21-21.json,0521_O33-20220602/0521_O33-20220602-065522-21-0.txt,0521_O33-20220602/0521_O33-20220602-071153-21-21.txt
0521,O33,20220603,060900,29-0,063615,29-29,0521_O33-20220603/0521_O33-20220603-060900-29-0.json,0521_O33-20220603/0521_O33-20220603-063615-29-29.json,0521_O33-20220603/0521_O33-20220603-060900-29-0.txt,0521_O33-20220603/0521_O33-20220603-063615-29-29.txt
0521,O33,20220604,060024,25-0,070032,28-28,0521_O33-20220604/0521_O33-20220604-060024-25-0.json,0521_O33-20220604/0521_O33-20220604-070032-28-28.json,0521_O33-20220604/0521_O33-20220604-060024-25-0.txt,0521_O33-20220604/0521_O33-20220604-070032-28-28.txt
0521,O33,20220608,064802,54-0,073458,54-54,0521_O33-20220608/0521_O33-20220608-064802-54-0.json,0521_O33-20220608/0521_O33-20220608-073458-54-54.json,0521_O33-20220608/0521_O33-20220608-064802-54-0.txt,0521_O33-20220608/0521_O33-20220608-073458-54-54.txt
0521,O33,20220609,064120,32-0,072931,32-32,0521_O33-20220609/0521_O33-20220609-064120-32-0.json,0521_O33-20220609/0521_O33-20220609-072931-32-32.json,0521_O33-20220609/0521_O33-20220609-064120-32-0.txt,0521_O33-20220609/0521_O33-20220609-072931-32-32.txt
0521,O33,20220610,062857,60-0,071701,60-60,0521_O33-20220610/0521_O33-20220610-062857-60-0.json,0521_O33-20220610/0521_O33-20220610-071701-60-60.json,0521_O33-20220610/0521_O33-20220610-062857-60-0.txt,0521_O33-20220610/0521_O33-20220610-071701-60-60.txt
0521,O33,20220611,052726,35-0,060844,36-36,0521_O33-20220611/0521_O33-20220611-052726-35-0.json,0521_O33-20220611/0521_O33-20220611-060844-36-36.json,0521_O33-20220611/0521_O33-20220611-052726-35-0.txt,0521_O33-20220611/0521_O33-20220611-060844-36-36.txt
0521,O33,20220614,061600,51-0,070410,51-51,0521_O33-20220614/0521_O33-20220614-061600-51-0.json,0521_O33-20220614/0521_O33-20220614-070410-51-51.json,0521_O33-20220614/0521_O33-20220614-061600-51-0.txt,0521_O33-20220614/0521_O33-20220614-070410-51-51.txt
0521,O33,20220615,061015,46-0,063931,46-46,0521_O33-20220615/0521_O33-20220615-061015-46-0.json,0521_O33-20220615/0521_O33-20220615-063931-46-46.json,0521_O33-20220615/0521_O33-20220615-061015-46-0.txt,0521_O33-20220615/0521_O33-20220615-063931-46-46.txt
0521,O33,20220616,062556,39-39,062556,39-39,0521_O33-20220616/0521_O33-20220616-062556-39-39.json,0521_O33-20220616/0521_O33-20220616-062556-39-39.json,0521_O33-20220616/0521_O33-20220616-062556-39-39.txt,0521_O33-20220616/0521_O33-20220616-062556-39-39.txt
0521,O33,20220617,053456,27-0,060634,27-27,0521_O33-20220617/0521_O33-20220617-053456-27-0.json,0521_O33-20220617/0521_O33-20220617-060634-27-27.json,0521_O33-20220617/0521_O33-20220617-053456-27-0.txt,0521_O33-20220617/0521_O33-20220617-060634-27-27.txt
0521,O33,20220620,063416,50-0,065014,49-49,0521_O33-20220620/0521_O33-20220620-063416-50-0.json,0521_O33-20220620/0521_O33-20220620-065014-49-49.json,0521_O33-20220620/0521_O33-20220620-063416-50-0.txt,0521_O33-20220620/0521_O33-20220620-065014-49-49.txt
0521,O33,20220621,072051,55-0,080607,49-49,0521_O33-20220621/0521_O33-20220621-072051-55-0.json,0521_O33-20220621/0521_O33-20220621-080607-49-49.json,0521_O33-20220621/0521_O33-20220621-072051-55-0.txt,0521_O33-20220621/0521_O33-20220621-080607-49-49.txt
0521,O33,20220622,061418,65-0,064332,65-65,0521_O33-20220622/0521_O33-20220622-061418-65-0.json,0521_O33-20220622/0521_O33-20220622-064332-65-65.json,0521_O33-20220622/0521_O33-20220622-061418-65-0.txt,0521_O33-20220622/0521_O33-20220622-064332-65-65.txt
0521,O34,20220530,073522,71-0,081302,71-71,0521_O34-20220530/0521_O34-20220530-073522-71-0.json,0521_O34-20220530/0521_O34-20220530-081302-71-71.json,0521_O34-20220530/0521_O34-20220530-073522-71-0.txt,0521_O34-20220530/0521_O34-20220530-081302-71-71.txt
0521,O34,20220531,074724,97-0,084800,97-97,0521_O34-20220531/0521_O34-20220531-074724-97-0.json,0521_O34-20220531/0521_O34-20220531-084800-97-97.json,0521_O34-20220531/0521_O34-20220531-074724-97-0.txt,0521_O34-20220531/0521_O34-20220531-084800-97-97.txt
0521,O34,20220601,082859,75-0,083012,74-74,0521_O34-20220601/0521_O34-20220601-082859-75-0.json,0521_O34-20220601/0521_O34-20220601-083012-74-74.json,0521_O34-20220601/0521_O34-20220601-082859-75-0.txt,0521_O34-20220601/0521_O34-20220601-083012-74-74.txt
0521,O34,20220602,075757,93-0,090309,91-91,0521_O34-20220602/0521_O34-20220602-075757-93-0.json,0521_O34-20220602/0521_O34-20220602-090309-91-91.json,0521_O34-20220602/0521_O34-20220602-075757-93-0.txt,0521_O34-20220602/0521_O34-20220602-090309-91-91.txt
0521,O34,20220603,074003,96-0,084259,95-95,0521_O34-20220603/0521_O34-20220603-074003-96-0.json,0521_O34-20220603/0521_O34-20220603-084259-95-95.json,0521_O34-20220603/0521_O34-20220603-074003-96-0.txt,0521_O34-20220603/0521_O34-20220603-084259-95-95.txt
0521,O34,20220604,073850,98-0,084223,88-88,0521_O34-20220604/0521_O34-20220604-073850-98-0.json,0521_O34-20220604/0521_O34-20220604-084223-88-88.json,0521_O34-20220604/0521_O34-20220604-073850-98-0.txt,0521_O34-20220604/0521_O34-20220604-084223-88-88.txt
0521,O34,20220607,071640,6-0,091122,53-0,0521_O34-20220607/0521_O34-20220607-071640-6-0.json,0521_O34-20220607/0521_O34-20220607-091122-53-0.json,0521_O34-20220607/0521_O34-20220607-071640-6-0.txt,0521_O34-20220607/0521_O34-20220607-091122-53-0.txt
0521,O34,20220608,081517,108-0,085933,108-108,0521_O34-20220608/0521_O34-20220608-081517-108-0.json,0521_O34-20220608/0521_O34-20220608-085933-108-108.json,0521_O34-20220608/0521_O34-20220608-081517-108-0.txt,0521_O34-20220608/0521_O34-20220608-085933-108-108.txt
0521,O34,20220609,091542,114-114,091542,114-114,0521_O34-20220609/0521_O34-20220609-091542-114-114.json,0521_O34-20220609/0521_O34-20220609-091542-114-114.json,0521_O34-20220609/0521_O34-20220609-091542-114-114.txt,0521_O34-20220609/0521_O34-20220609-091542-114-114.txt
0521,O34,20220610,084059,92-0,094749,92-92,0521_O34-20220610/0521_O34-20220610-084059-92-0.json,0521_O34-20220610/0521_O34-20220610-094749-92-92.json,0521_O34-20220610/0521_O34-20220610-084059-92-0.txt,0521_O34-20220610/0521_O34-20220610-094749-92-92.txt
0521,O34,20220611,054753,9-0,061925,91-91,0521_O34-20220611/0521_O34-20220611-054753-9-0.json,0521_O34-20220611/0521_O34-20220611-061925-91-91.json,0521_O34-20220611/0521_O34-20220611-054753-9-0.txt,0521_O34-20220611/0521_O34-20220611-061925-91-91.txt
0521,O34,20220613,082812,90-0,094158,89-89,0521_O34-20220613/0521_O34-20220613-082812-90-0.json,0521_O34-20220613/0521_O34-20220613-094158-89-89.json,0521_O34-20220613/0521_O34-20220613-082812-90-0.txt,0521_O34-20220613/0521_O34-20220613-094158-89-89.txt
0521,O34,20220614,082740,127-0,092841,125-125,0521_O34-20220614/0521_O34-20220614-082740-127-0.json,0521_O34-20220614/0521_O34-20220614-092841-125-125.json,0521_O34-20220614/0521_O34-20220614-082740-127-0.txt,0521_O34-20220614/0521_O34-20220614-092841-125-125.txt
0521,O34,20220616,075328,76-0,075641,77-77,0521_O34-20220616/0521_O34-20220616-075328-76-0.json,0521_O34-20220616/0521_O34-20220616-075641-77-77.json,0521_O34-20220616/0521_O34-20220616-075328-76-0.txt,0521_O34-20220616/0521_O34-20220616-075641-77-77.txt
0521,O34,20220617,080919,60-0,092145,57-57,0521_O34-20220617/0521_O34-20220617-080919-60-0.json,0521_O34-20220617/0521_O34-20220617-092145-57-57.json,0521_O34-20220617/0521_O34-20220617-080919-60-0.txt,0521_O34-20220617/0521_O34-20220617-092145-57-57.txt
0521,O34,20220618,051826,9-0,063645,71-71,0521_O34-20220618/0521_O34-20220618-051826-9-0.json,0521_O34-20220618/0521_O34-20220618-063645-71-71.json,0521_O34-20220618/0521_O34-20220618-051826-9-0.txt,0521_O34-20220618/0521_O34-20220618-063645-71-71.txt
0521,O34,20220620,073644,70-0,081118,70-70,0521_O34-20220620/0521_O34-20220620-073644-70-0.json,0521_O34-20220620/0521_O34-20220620-081118-70-70.json,0521_O34-20220620/0521_O34-20220620-073644-70-0.txt,0521_O34-20220620/0521_O34-20220620-081118-70-70.txt
0521,O34,20220621,080620,120-0,085825,120-120,0521_O34-20220621/0521_O34-20220621-080620-120-0.json,0521_O34-20220621/0521_O34-20220621-085825-120-120.json,0521_O34-20220621/0521_O34-20220621-080620-120-0.txt,0521_O34-20220621/0521_O34-20220621-085825-120-120.txt
0521,O34,20220622,080209,122-0,084732,122-122,0521_O34-20220622/0521_O34-20220622-080209-122-0.json,0521_O34-20220622/0521_O34-20220622-084732-122-122.json,0521_O34-20220622/0521_O34-20220622-080209-122-0.txt,0521_O34-20220622/0521_O34-20220622-084732-122-122.txt
0521,O35,20220531,074943,50-0,081626,50-50,0521_O35-20220531/0521_O35-20220531-074943-50-0.json,0521_O35-20220531/0521_O35-20220531-081626-50-50.json,0521_O35-20220531/0521_O35-20220531-074943-50-0.txt,0521_O35-20220531/0521_O35-20220531-081626-50-50.txt
0521,O35,20220601,081709,66-0,092003,92-92,0521_O35-20220601/0521_O35-20220601-081709-66-0.json,0521_O35-20220601/0521_O35-20220601-092003-92-92.json,0521_O35-20220601/0521_O35-20220601-081709-66-0.txt,0521_O35-20220601/0521_O35-20220601-092003-92-92.txt
0521,O35,20220602,083943,61-0,092200,82-82,0521_O35-20220602/0521_O35-20220602-083943-61-0.json,0521_O35-20220602/0521_O35-20220602-092200-82-82.json,0521_O35-20220602/0521_O35-20220602-083943-61-0.txt,0521_O35-20220602/0521_O35-20220602-092200-82-82.txt
0521,O35,20220607,060233,17-0,064234,21-21,0521_O35-20220607/0521_O35-20220607-060233-17-0.json,0521_O35-20220607/0521_O35-20220607-064234-21-21.json,0521_O35-20220607/0521_O35-20220607-060233-17-0.txt,0521_O35-20220607/0521_O35-20220607-064234-21-21.txt
0521,O35,20220608,060219,20-0,065022,19-19,0521_O35-20220608/0521_O35-20220608-060219-20-0.json,0521_O35-20220608/0521_O35-20220608-065022-19-19.json,0521_O35-20220608/0521_O35-20220608-060219-20-0.txt,0521_O35-20220608/0521_O35-20220608-065022-19-19.txt
0521,O35,20220609,060954,25-0,070207,25-25,0521_O35-20220609/0521_O35-20220609-060954-25-0.json,0521_O35-20220609/0521_O35-20220609-070207-25-25.json,0521_O35-20220609/0521_O35-20220609-060954-25-0.txt,0521_O35-20220609/0521_O35-20220609-070207-25-25.txt
0521,O35,20220610,061526,22-0,063608,22-22,0521_O35-20220610/0521_O35-20220610-061526-22-0.json,0521_O35-20220610/0521_O35-20220610-063608-22-22.json,0521_O35-20220610/0521_O35-20220610-061526-22-0.txt,0521_O35-20220610/0521_O35-20220610-063608-22-22.txt
0521,O35,20220613,062741,24-0,070340,24-24,0521_O35-20220613/0521_O35-20220613-062741-24-0.json,0521_O35-20220613/0521_O35-20220613-070340-24-24.json,0521_O35-20220613/0521_O35-20220613-062741-24-0.txt,0521_O35-20220613/0521_O35-20220613-070340-24-24.txt
0521,O35,20220614,063512,11-0,064408,11-11,0521_O35-20220614/0521_O35-20220614-063512-11-0.json,0521_O35-20220614/0521_O35-20220614-064408-11-11.json,0521_O35-20220614/0521_O35-20220614-063512-11-0.txt,0521_O35-20220614/0521_O35-20220614-064408-11-11.txt
0521,O35,20220615,064751,4-0,065254,4-4,0521_O35-20220615/0521_O35-20220615-064751-4-0.json,0521_O35-20220615/0521_O35-20220615-065254-4-4.json,0521_O35-20220615/0521_O35-20220615-064751-4-0.txt,0521_O35-20220615/0521_O35-20220615-065254-4-4.txt
0521,O35,20220616,085708,89-0,085708,89-0,0521_O35-20220616/0521_O35-20220616-085708-89-0.json,0521_O35-20220616/0521_O35-20220616-085708-89-0.json,0521_O35-20220616/0521_O35-20220616-085708-89-0.txt,0521_O35-20220616/0521_O35-20220616-085708-89-0.txt
0521,O35,20220617,083725,35-0,103422,63-63,0521_O35-20220617/0521_O35-20220617-083725-35-0.json,0521_O35-20220617/0521_O35-20220617-103422-63-63.json,0521_O35-20220617/0521_O35-20220617-083725-35-0.txt,0521_O35-20220617/0521_O35-20220617-103422-63-63.txt
0521,O35,20220620,074955,5-0,074955,5-0,0521_O35-20220620/0521_O35-20220620-074955-5-0.json,0521_O35-20220620/0521_O35-20220620-074955-5-0.json,0521_O35-20220620/0521_O35-20220620-074955-5-0.txt,0521_O35-20220620/0521_O35-20220620-074955-5-0.txt
0521,O35,20220621,084107,134-0,093345,77-77,0521_O35-20220621/0521_O35-20220621-084107-134-0.json,0521_O35-20220621/0521_O35-20220621-093345-77-77.json,0521_O35-20220621/0521_O35-20220621-084107-134-0.txt,0521_O35-20220621/0521_O35-20220621-093345-77-77.txt
0521,O35,20220622,085910,26-0,090550,26-26,0521_O35-20220622/0521_O35-20220622-085910-26-0.json,0521_O35-20220622/0521_O35-20220622-090550-26-26.json,0521_O35-20220622/0521_O35-20220622-085910-26-0.txt,0521_O35-20220622/0521_O35-20220622-090550-26-26.txt
0521,O36,20220530,072133,2-0,072133,2-0,0521_O36-20220530/0521_O36-20220530-072133-2-0.json,0521_O36-20220530/0521_O36-20220530-072133-2-0.json,0521_O36-20220530/0521_O36-20220530-072133-2-0.txt,0521_O36-20220530/0521_O36-20220530-072133-2-0.txt
0521,O36,20220602,085246,90-0,092428,89-89,0521_O36-20220602/0521_O36-20220602-085246-90-0.json,0521_O36-20220602/0521_O36-20220602-092428-89-89.json,0521_O36-20220602/0521_O36-20220602-085246-90-0.txt,0521_O36-20220602/0521_O36-20220602-092428-89-89.txt
0521,O36,20220608,082237,89-0,090054,89-89,0521_O36-20220608/0521_O36-20220608-082237-89-0.json,0521_O36-20220608/0521_O36-20220608-090054-89-89.json,0521_O36-20220608/0521_O36-20220608-082237-89-0.txt,0521_O36-20220608/0521_O36-20220608-090054-89-89.txt
0521,O36,20220609,083048,49-0,090505,60-60,0521_O36-20220609/0521_O36-20220609-083048-49-0.json,0521_O36-20220609/0521_O36-20220609-090505-60-60.json,0521_O36-20220609/0521_O36-20220609-083048-49-0.txt,0521_O36-20220609/0521_O36-20220609-090505-60-60.txt
0521,O36,20220610,074035,56-0,080151,85-85,0521_O36-20220610/0521_O36-20220610-074035-56-0.json,0521_O36-20220610/0521_O36-20220610-080151-85-85.json,0521_O36-20220610/0521_O36-20220610-074035-56-0.txt,0521_O36-20220610/0521_O36-20220610-080151-85-85.txt
0521,O36,20220613,091036,8-0,091629,9-9,0521_O36-20220613/0521_O36-20220613-091036-8-0.json,0521_O36-20220613/0521_O36-20220613-091629-9-9.json,0521_O36-20220613/0521_O36-20220613-091036-8-0.txt,0521_O36-20220613/0521_O36-20220613-091629-9-9.txt
0521,O36,20220614,081721,108-0,082305,86-0,0521_O36-20220614/0521_O36-20220614-081721-108-0.json,0521_O36-20220614/0521_O36-20220614-082305-86-0.json,0521_O36-20220614/0521_O36-20220614-081721-108-0.txt,0521_O36-20220614/0521_O36-20220614-082305-86-0.txt
0521,O36,20220615,081332,97-0,085623,97-97,0521_O36-20220615/0521_O36-20220615-081332-97-0.json,0521_O36-20220615/0521_O36-20220615-085623-97-97.json,0521_O36-20220615/0521_O36-20220615-081332-97-0.txt,0521_O36-20220615/0521_O36-20220615-085623-97-97.txt
0521,O36,20220616,093438,2-0,095109,2-2,0521_O36-20220616/0521_O36-20220616-093438-2-0.json,0521_O36-20220616/0521_O36-20220616-095109-2-2.json,0521_O36-20220616/0521_O36-20220616-093438-2-0.txt,0521_O36-20220616/0521_O36-20220616-095109-2-2.txt
0521,O36,20220620,090131,6-0,090131,6-0,0521_O36-20220620/0521_O36-20220620-090131-6-0.json,0521_O36-20220620/0521_O36-20220620-090131-6-0.json,0521_O36-20220620/0521_O36-20220620-090131-6-0.txt,0521_O36-20220620/0521_O36-20220620-090131-6-0.txt
0521,O36,20220621,074535,7-0,091809,6-0,0521_O36-20220621/0521_O36-20220621-074535-7-0.json,0521_O36-20220621/0521_O36-20220621-091809-6-0.json,0521_O36-20220621/0521_O36-20220621-074535-7-0.txt,0521_O36-20220621/0521_O36-20220621-091809-6-0.txt
0521,O36,20220622,091356,5-0,091356,5-0,0521_O36-20220622/0521_O36-20220622-091356-5-0.json,0521_O36-20220622/0521_O36-20220622-091356-5-0.json,0521_O36-20220622/0521_O36-20220622-091356-5-0.txt,0521_O36-20220622/0521_O36-20220622-091356-5-0.txt
0521,O37,20220531,090333,43-0,093611,40-40,0521_O37-20220531/0521_O37-20220531-090333-43-0.json,0521_O37-20220531/0521_O37-20220531-093611-40-40.json,0521_O37-20220531/0521_O37-20220531-090333-43-0.txt,0521_O37-20220531/0521_O37-20220531-093611-40-40.txt
0521,O37,20220601,074947,85-0,085843,83-83,0521_O37-20220601/0521_O37-20220601-074947-85-0.json,0521_O37-20220601/0521_O37-20220601-085843-83-83.json,0521_O37-20220601/0521_O37-20220601-074947-85-0.txt,0521_O37-20220601/0521_O37-20220601-085843-83-83.txt
0521,O37,20220602,073912,67-0,084558,62-62,0521_O37-20220602/0521_O37-20220602-073912-67-0.json,0521_O37-20220602/0521_O37-20220602-084558-62-62.json,0521_O37-20220602/0521_O37-20220602-073912-67-0.txt,0521_O37-20220602/0521_O37-20220602-084558-62-62.txt
0521,O37,20220603,062147,9-0,065014,1-1,0521_O37-20220603/0521_O37-20220603-062147-9-0.json,0521_O37-20220603/0521_O37-20220603-065014-1-1.json,0521_O37-20220603/0521_O37-20220603-062147-9-0.txt,0521_O37-20220603/0521_O37-20220603-065014-1-1.txt
0521,O37,20220604,054318,83-0,060233,83-83,0521_O37-20220604/0521_O37-20220604-054318-83-0.json,0521_O37-20220604/0521_O37-20220604-060233-83-83.json,0521_O37-20220604/0521_O37-20220604-054318-83-0.txt,0521_O37-20220604/0521_O37-20220604-060233-83-83.txt
0521,O37,20220609,063325,97-0,071415,70-70,0521_O37-20220609/0521_O37-20220609-063325-97-0.json,0521_O37-20220609/0521_O37-20220609-071415-70-70.json,0521_O37-20220609/0521_O37-20220609-063325-97-0.txt,0521_O37-20220609/0521_O37-20220609-071415-70-70.txt
0521,O37,20220610,073408,97-0,082741,73-73,0521_O37-20220610/0521_O37-20220610-073408-97-0.json,0521_O37-20220610/0521_O37-20220610-082741-73-73.json,0521_O37-20220610/0521_O37-20220610-073408-97-0.txt,0521_O37-20220610/0521_O37-20220610-082741-73-73.txt
0521,O37,20220611,053529,77-0,055207,71-71,0521_O37-20220611/0521_O37-20220611-053529-77-0.json,0521_O37-20220611/0521_O37-20220611-055207-71-71.json,0521_O37-20220611/0521_O37-20220611-053529-77-0.txt,0521_O37-20220611/0521_O37-20220611-055207-71-71.txt
0521,O37,20220613,071602,43-0,092409,56-56,0521_O37-20220613/0521_O37-20220613-071602-43-0.json,0521_O37-20220613/0521_O37-20220613-092409-56-56.json,0521_O37-20220613/0521_O37-20220613-071602-43-0.txt,0521_O37-20220613/0521_O37-20220613-092409-56-56.txt
0521,O37,20220614,064329,65-0,073712,80-80,0521_O37-20220614/0521_O37-20220614-064329-65-0.json,0521_O37-20220614/0521_O37-20220614-073712-80-80.json,0521_O37-20220614/0521_O37-20220614-064329-65-0.txt,0521_O37-20220614/0521_O37-20220614-073712-80-80.txt
0521,O37,20220615,062457,56-0,072833,57-57,0521_O37-20220615/0521_O37-20220615-062457-56-0.json,0521_O37-20220615/0521_O37-20220615-072833-57-57.json,0521_O37-20220615/0521_O37-20220615-062457-56-0.txt,0521_O37-20220615/0521_O37-20220615-072833-57-57.txt
0521,O37,20220616,063518,61-0,072531,62-62,0521_O37-20220616/0521_O37-20220616-063518-61-0.json,0521_O37-20220616/0521_O37-20220616-072531-62-62.json,0521_O37-20220616/0521_O37-20220616-063518-61-0.txt,0521_O37-20220616/0521_O37-20220616-072531-62-62.txt
0521,O37,20220617,064945,55-0,072215,54-54,0521_O37-20220617/0521_O37-20220617-064945-55-0.json,0521_O37-20220617/0521_O37-20220617-072215-54-54.json,0521_O37-20220617/0521_O37-20220617-064945-55-0.txt,0521_O37-20220617/0521_O37-20220617-072215-54-54.txt
0521,O37,20220618,053527,63-0,054927,67-67,0521_O37-20220618/0521_O37-20220618-053527-63-0.json,0521_O37-20220618/0521_O37-20220618-054927-67-67.json,0521_O37-20220618/0521_O37-20220618-053527-63-0.txt,0521_O37-20220618/0521_O37-20220618-054927-67-67.txt
0521,O37,20220620,054027,11-0,064330,41-41,0521_O37-20220620/0521_O37-20220620-054027-11-0.json,0521_O37-20220620/0521_O37-20220620-064330-41-41.json,0521_O37-20220620/0521_O37-20220620-054027-11-0.txt,0521_O37-20220620/0521_O37-20220620-064330-41-41.txt
0521,O37,20220621,054315,33-0,072122,68-68,0521_O37-20220621/0521_O37-20220621-054315-33-0.json,0521_O37-20220621/0521_O37-20220621-072122-68-68.json,0521_O37-20220621/0521_O37-20220621-054315-33-0.txt,0521_O37-20220621/0521_O37-20220621-072122-68-68.txt
0521,O37,20220622,064709,63-0,083241,61-61,0521_O37-20220622/0521_O37-20220622-064709-63-0.json,0521_O37-20220622/0521_O37-20220622-083241-61-61.json,0521_O37-20220622/0521_O37-20220622-064709-63-0.txt,0521_O37-20220622/0521_O37-20220622-083241-61-61.txt
0521,O38,20220531,090116,57-0,101247,59-59,0521_O38-20220531/0521_O38-20220531-090116-57-0.json,0521_O38-20220531/0521_O38-20220531-101247-59-59.json,0521_O38-20220531/0521_O38-20220531-090116-57-0.txt,0521_O38-20220531/0521_O38-20220531-101247-59-59.txt
0521,O38,20220601,083116,8-0,103109,6-6,0521_O38-20220601/0521_O38-20220601-083116-8-0.json,0521_O38-20220601/0521_O38-20220601-103109-6-6.json,0521_O38-20220601/0521_O38-20220601-083116-8-0.txt,0521_O38-20220601/0521_O38-20220601-103109-6-6.txt
0521,O38,20220602,061734,10-0,061734,10-0,0521_O38-20220602/0521_O38-20220602-061734-10-0.json,0521_O38-20220602/0521_O38-20220602-061734-10-0.json,0521_O38-20220602/0521_O38-20220602-061734-10-0.txt,0521_O38-20220602/0521_O38-20220602-061734-10-0.txt
0521,O38,20220603,092933,38-0,095128,36-36,0521_O38-20220603/0521_O38-20220603-092933-38-0.json,0521_O38-20220603/0521_O38-20220603-095128-36-36.json,0521_O38-20220603/0521_O38-20220603-092933-38-0.txt,0521_O38-20220603/0521_O38-20220603-095128-36-36.txt
0521,O38,20220608,063503,54-0,070741,54-54,0521_O38-20220608/0521_O38-20220608-063503-54-0.json,0521_O38-20220608/0521_O38-20220608-070741-54-54.json,0521_O38-20220608/0521_O38-20220608-063503-54-0.txt,0521_O38-20220608/0521_O38-20220608-070741-54-54.txt
0521,O40,20220531,073702,96-0,081808,93-93,0521_O40-20220531/0521_O40-20220531-073702-96-0.json,0521_O40-20220531/0521_O40-20220531-081808-93-93.json,0521_O40-20220531/0521_O40-20220531-073702-96-0.txt,0521_O40-20220531/0521_O40-20220531-081808-93-93.txt
0521,O40,20220601,083230,62-0,085540,63-63,0521_O40-20220601/0521_O40-20220601-083230-62-0.json,0521_O40-20220601/0521_O40-20220601-085540-63-63.json,0521_O40-20220601/0521_O40-20220601-083230-62-0.txt,0521_O40-20220601/0521_O40-20220601-085540-63-63.txt
0521,O40,20220602,081942,58-0,090533,71-71,0521_O40-20220602/0521_O40-20220602-081942-58-0.json,0521_O40-20220602/0521_O40-20220602-090533-71-71.json,0521_O40-20220602/0521_O40-20220602-081942-58-0.txt,0521_O40-20220602/0521_O40-20220602-090533-71-71.txt
0521,O40,20220603,061719,5-0,092243,31-31,0521_O40-20220603/0521_O40-20220603-061719-5-0.json,0521_O40-20220603/0521_O40-20220603-092243-31-31.json,0521_O40-20220603/0521_O40-20220603-061719-5-0.txt,0521_O40-20220603/0521_O40-20220603-092243-31-31.txt
0521,O40,20220608,064236,41-0,095814,95-95,0521_O40-20220608/0521_O40-20220608-064236-41-0.json,0521_O40-20220608/0521_O40-20220608-095814-95-95.json,0521_O40-20220608/0521_O40-20220608-064236-41-0.txt,0521_O40-20220608/0521_O40-20220608-095814-95-95.txt
0521,O40,20220609,082333,65-0,095426,105-105,0521_O40-20220609/0521_O40-20220609-082333-65-0.json,0521_O40-20220609/0521_O40-20220609-095426-105-105.json,0521_O40-20220609/0521_O40-20220609-082333-65-0.txt,0521_O40-20220609/0521_O40-20220609-095426-105-105.txt
0521,O40,20220611,060828,10-0,060828,10-0,0521_O40-20220611/0521_O40-20220611-060828-10-0.json,0521_O40-20220611/0521_O40-20220611-060828-10-0.json,0521_O40-20220611/0521_O40-20220611-060828-10-0.txt,0521_O40-20220611/0521_O40-20220611-060828-10-0.txt
0521,O40,20220613,085010,49-0,091416,49-49,0521_O40-20220613/0521_O40-20220613-085010-49-0.json,0521_O40-20220613/0521_O40-20220613-091416-49-49.json,0521_O40-20220613/0521_O40-20220613-085010-49-0.txt,0521_O40-20220613/0521_O40-20220613-091416-49-49.txt
0521,O40,20220614,085203,32-0,100044,26-26,0521_O40-20220614/0521_O40-20220614-085203-32-0.json,0521_O40-20220614/0521_O40-20220614-100044-26-26.json,0521_O40-20220614/0521_O40-20220614-085203-32-0.txt,0521_O40-20220614/0521_O40-20220614-100044-26-26.txt
0521,O40,20220615,091136,106-0,100100,102-102,0521_O40-20220615/0521_O40-20220615-091136-106-0.json,0521_O40-20220615/0521_O40-20220615-100100-102-102.json,0521_O40-20220615/0521_O40-20220615-091136-106-0.txt,0521_O40-20220615/0521_O40-20220615-100100-102-102.txt
0521,O40,20220616,093342,76-76,100852,76-76,0521_O40-20220616/0521_O40-20220616-093342-76-76.json,0521_O40-20220616/0521_O40-20220616-100852-76-76.json,0521_O40-20220616/0521_O40-20220616-093342-76-76.txt,0521_O40-20220616/0521_O40-20220616-100852-76-76.txt
0521,O40,20220620,085751,21-0,094009,43-43,0521_O40-20220620/0521_O40-20220620-085751-21-0.json,0521_O40-20220620/0521_O40-20220620-094009-43-43.json,0521_O40-20220620/0521_O40-20220620-085751-21-0.txt,0521_O40-20220620/0521_O40-20220620-094009-43-43.txt
0521,O41,20220530,071742,63-0,075115,64-64,0521_O41-20220530/0521_O41-20220530-071742-63-0.json,0521_O41-20220530/0521_O41-20220530-075115-64-64.json,0521_O41-20220530/0521_O41-20220530-071742-63-0.txt,0521_O41-20220530/0521_O41-20220530-075115-64-64.txt
0521,O41,20220531,100846,115-0,110324,115-115,0521_O41-20220531/0521_O41-20220531-100846-115-0.json,0521_O41-20220531/0521_O41-20220531-110324-115-115.json,0521_O41-20220531/0521_O41-20220531-100846-115-0.txt,0521_O41-20220531/0521_O41-20220531-110324-115-115.txt
0521,O41,20220601,084944,29-0,090510,29-29,0521_O41-20220601/0521_O41-20220601-084944-29-0.json,0521_O41-20220601/0521_O41-20220601-090510-29-29.json,0521_O41-20220601/0521_O41-20220601-084944-29-0.txt,0521_O41-20220601/0521_O41-20220601-090510-29-29.txt
0521,O41,20220602,084930,26-0,092252,26-26,0521_O41-20220602/0521_O41-20220602-084930-26-0.json,0521_O41-20220602/0521_O41-20220602-092252-26-26.json,0521_O41-20220602/0521_O41-20220602-084930-26-0.txt,0521_O41-20220602/0521_O41-20220602-092252-26-26.txt
0521,O41,20220610,092446,42-0,095209,42-42,0521_O41-20220610/0521_O41-20220610-092446-42-0.json,0521_O41-20220610/0521_O41-20220610-095209-42-42.json,0521_O41-20220610/0521_O41-20220610-092446-42-0.txt,0521_O41-20220610/0521_O41-20220610-095209-42-42.txt
0521,O41,20220614,090236,81-0,094437,76-76,0521_O41-20220614/0521_O41-20220614-090236-81-0.json,0521_O41-20220614/0521_O41-20220614-094437-76-76.json,0521_O41-20220614/0521_O41-20220614-090236-81-0.txt,0521_O41-20220614/0521_O41-20220614-094437-76-76.txt
0521,O41,20220618,052737,10-0,052737,10-0,0521_O41-20220618/0521_O41-20220618-052737-10-0.json,0521_O41-20220618/0521_O41-20220618-052737-10-0.json,0521_O41-20220618/0521_O41-20220618-052737-10-0.txt,0521_O41-20220618/0521_O41-20220618-052737-10-0.txt
0521,O42,20220530,071555,167-167,071555,167-167,0521_O42-20220530/0521_O42-20220530-071555-167-167.json,0521_O42-20220530/0521_O42-20220530-071555-167-167.json,0521_O42-20220530/0521_O42-20220530-071555-167-167.txt,0521_O42-20220530/0521_O42-20220530-071555-167-167.txt
0521,O42,20220531,055703,157-0,071535,154-154,0521_O42-20220531/0521_O42-20220531-055703-157-0.json,0521_O42-20220531/0521_O42-20220531-071535-154-154.json,0521_O42-20220531/0521_O42-20220531-055703-157-0.txt,0521_O42-20220531/0521_O42-20220531-071535-154-154.txt
0521,O42,20220601,054439,154-0,065922,153-153,0521_O42-20220601/0521_O42-20220601-054439-154-0.json,0521_O42-20220601/0521_O42-20220601-065922-153-153.json,0521_O42-20220601/0521_O42-20220601-054439-154-0.txt,0521_O42-20220601/0521_O42-20220601-065922-153-153.txt
0521,O42,20220602,055230,149-0,065933,154-154,0521_O42-20220602/0521_O42-20220602-055230-149-0.json,0521_O42-20220602/0521_O42-20220602-065933-154-154.json,0521_O42-20220602/0521_O42-20220602-055230-149-0.txt,0521_O42-20220602/0521_O42-20220602-065933-154-154.txt
0521,O42,20220603,060205,162-0,072442,155-155,0521_O42-20220603/0521_O42-20220603-060205-162-0.json,0521_O42-20220603/0521_O42-20220603-072442-155-155.json,0521_O42-20220603/0521_O42-20220603-060205-162-0.txt,0521_O42-20220603/0521_O42-20220603-072442-155-155.txt
0521,O42,20220604,061814,43-0,064048,45-45,0521_O42-20220604/0521_O42-20220604-061814-43-0.json,0521_O42-20220604/0521_O42-20220604-064048-45-45.json,0521_O42-20220604/0521_O42-20220604-061814-43-0.txt,0521_O42-20220604/0521_O42-20220604-064048-45-45.txt
0521,O42,20220607,055813,122-0,064621,122-122,0521_O42-20220607/0521_O42-20220607-055813-122-0.json,0521_O42-20220607/0521_O42-20220607-064621-122-122.json,0521_O42-20220607/0521_O42-20220607-055813-122-0.txt,0521_O42-20220607/0521_O42-20220607-064621-122-122.txt
0521,O42,20220608,055931,155-0,070715,154-154,0521_O42-20220608/0521_O42-20220608-055931-155-0.json,0521_O42-20220608/0521_O42-20220608-070715-154-154.json,0521_O42-20220608/0521_O42-20220608-055931-155-0.txt,0521_O42-20220608/0521_O42-20220608-070715-154-154.txt
0521,O42,20220609,060158,168-0,071900,167-167,0521_O42-20220609/0521_O42-20220609-060158-168-0.json,0521_O42-20220609/0521_O42-20220609-071900-167-167.json,0521_O42-20220609/0521_O42-20220609-060158-168-0.txt,0521_O42-20220609/0521_O42-20220609-071900-167-167.txt
0521,O42,20220610,060417,160-0,072214,159-159,0521_O42-20220610/0521_O42-20220610-060417-160-0.json,0521_O42-20220610/0521_O42-20220610-072214-159-159.json,0521_O42-20220610/0521_O42-20220610-060417-160-0.txt,0521_O42-20220610/0521_O42-20220610-072214-159-159.txt
0521,O42,20220611,060331,40-0,063549,41-41,0521_O42-20220611/0521_O42-20220611-060331-40-0.json,0521_O42-20220611/0521_O42-20220611-063549-41-41.json,0521_O42-20220611/0521_O42-20220611-060331-40-0.txt,0521_O42-20220611/0521_O42-20220611-063549-41-41.txt
0521,O42,20220613,060015,139-0,070056,137-137,0521_O42-20220613/0521_O42-20220613-060015-139-0.json,0521_O42-20220613/0521_O42-20220613-070056-137-137.json,0521_O42-20220613/0521_O42-20220613-060015-139-0.txt,0521_O42-20220613/0521_O42-20220613-070056-137-137.txt
0521,O42,20220614,060412,165-0,071414,163-163,0521_O42-20220614/0521_O42-20220614-060412-165-0.json,0521_O42-20220614/0521_O42-20220614-071414-163-163.json,0521_O42-20220614/0521_O42-20220614-060412-165-0.txt,0521_O42-20220614/0521_O42-20220614-071414-163-163.txt
0521,O42,20220615,054836,127-0,070504,124-124,0521_O42-20220615/0521_O42-20220615-054836-127-0.json,0521_O42-20220615/0521_O42-20220615-070504-124-124.json,0521_O42-20220615/0521_O42-20220615-054836-127-0.txt,0521_O42-20220615/0521_O42-20220615-070504-124-124.txt
0521,O42,20220616,060639,147-0,070243,147-147,0521_O42-20220616/0521_O42-20220616-060639-147-0.json,0521_O42-20220616/0521_O42-20220616-070243-147-147.json,0521_O42-20220616/0521_O42-20220616-060639-147-0.txt,0521_O42-20220616/0521_O42-20220616-070243-147-147.txt
0521,O42,20220617,055750,120-0,065823,120-120,0521_O42-20220617/0521_O42-20220617-055750-120-0.json,0521_O42-20220617/0521_O42-20220617-065823-120-120.json,0521_O42-20220617/0521_O42-20220617-055750-120-0.txt,0521_O42-20220617/0521_O42-20220617-065823-120-120.txt
0521,O42,20220618,060537,24-0,063133,28-28,0521_O42-20220618/0521_O42-20220618-060537-24-0.json,0521_O42-20220618/0521_O42-20220618-063133-28-28.json,0521_O42-20220618/0521_O42-20220618-060537-24-0.txt,0521_O42-20220618/0521_O42-20220618-063133-28-28.txt
0521,O42,20220620,055424,109-0,065552,109-109,0521_O42-20220620/0521_O42-20220620-055424-109-0.json,0521_O42-20220620/0521_O42-20220620-065552-109-109.json,0521_O42-20220620/0521_O42-20220620-055424-109-0.txt,0521_O42-20220620/0521_O42-20220620-065552-109-109.txt
0521,O42,20220621,061044,158-0,072936,171-171,0521_O42-20220621/0521_O42-20220621-061044-158-0.json,0521_O42-20220621/0521_O42-20220621-072936-171-171.json,0521_O42-20220621/0521_O42-20220621-061044-158-0.txt,0521_O42-20220621/0521_O42-20220621-072936-171-171.txt
0521,O42,20220622,060223,159-0,071403,163-163,0521_O42-20220622/0521_O42-20220622-060223-159-0.json,0521_O42-20220622/0521_O42-20220622-071403-163-163.json,0521_O42-20220622/0521_O42-20220622-060223-159-0.txt,0521_O42-20220622/0521_O42-20220622-071403-163-163.txt
0521,O43,20220601,094031,102-0,101723,80-80,0521_O43-20220601/0521_O43-20220601-094031-102-0.json,0521_O43-20220601/0521_O43-20220601-101723-80-80.json,0521_O43-20220601/0521_O43-20220601-094031-102-0.txt,0521_O43-20220601/0521_O43-20220601-101723-80-80.txt
0521,O43,20220611,053645,81-0,062450,82-82,0521_O43-20220611/0521_O43-20220611-053645-81-0.json,0521_O43-20220611/0521_O43-20220611-062450-82-82.json,0521_O43-20220611/0521_O43-20220611-053645-81-0.txt,0521_O43-20220611/0521_O43-20220611-062450-82-82.txt
0521,O43,20220615,113832,5-0,115041,45-45,0521_O43-20220615/0521_O43-20220615-113832-5-0.json,0521_O43-20220615/0521_O43-20220615-115041-45-45.json,0521_O43-20220615/0521_O43-20220615-113832-5-0.txt,0521_O43-20220615/0521_O43-20220615-115041-45-45.txt
0521,O44,20220604,055942,31-0,064324,41-41,0521_O44-20220604/0521_O44-20220604-055942-31-0.json,0521_O44-20220604/0521_O44-20220604-064324-41-41.json,0521_O44-20220604/0521_O44-20220604-055942-31-0.txt,0521_O44-20220604/0521_O44-20220604-064324-41-41.txt
0521,O44,20220607,093245,40-0,095854,26-26,0521_O44-20220607/0521_O44-20220607-093245-40-0.json,0521_O44-20220607/0521_O44-20220607-095854-26-26.json,0521_O44-20220607/0521_O44-20220607-093245-40-0.txt,0521_O44-20220607/0521_O44-20220607-095854-26-26.txt
0521,O44,20220617,084536,89-0,093829,90-90,0521_O44-20220617/0521_O44-20220617-084536-89-0.json,0521_O44-20220617/0521_O44-20220617-093829-90-90.json,0521_O44-20220617/0521_O44-20220617-084536-89-0.txt,0521_O44-20220617/0521_O44-20220617-093829-90-90.txt
0521,O44,20220618,054621,65-0,061705,65-65,0521_O44-20220618/0521_O44-20220618-054621-65-0.json,0521_O44-20220618/0521_O44-20220618-061705-65-65.json,0521_O44-20220618/0521_O44-20220618-054621-65-0.txt,0521_O44-20220618/0521_O44-20220618-061705-65-65.txt
0521,O44,20220620,085727,47-0,090317,49-0,0521_O44-20220620/0521_O44-20220620-085727-47-0.json,0521_O44-20220620/0521_O44-20220620-090317-49-0.json,0521_O44-20220620/0521_O44-20220620-085727-47-0.txt,0521_O44-20220620/0521_O44-20220620-090317-49-0.txt
0521,O45,20220530,111020,69-69,111020,69-69,0521_O45-20220530/0521_O45-20220530-111020-69-69.json,0521_O45-20220530/0521_O45-20220530-111020-69-69.json,0521_O45-20220530/0521_O45-20220530-111020-69-69.txt,0521_O45-20220530/0521_O45-20220530-111020-69-69.txt
0521,O45,20220531,101018,138-0,105319,122-122,0521_O45-20220531/0521_O45-20220531-101018-138-0.json,0521_O45-20220531/0521_O45-20220531-105319-122-122.json,0521_O45-20220531/0521_O45-20220531-101018-138-0.txt,0521_O45-20220531/0521_O45-20220531-105319-122-122.txt
0521,O45,20220601,092827,93-0,093719,80-0,0521_O45-20220601/0521_O45-20220601-092827-93-0.json,0521_O45-20220601/0521_O45-20220601-093719-80-0.json,0521_O45-20220601/0521_O45-20220601-092827-93-0.txt,0521_O45-20220601/0521_O45-20220601-093719-80-0.txt
0521,O45,20220602,094413,10-0,104352,62-62,0521_O45-20220602/0521_O45-20220602-094413-10-0.json,0521_O45-20220602/0521_O45-20220602-104352-62-62.json,0521_O45-20220602/0521_O45-20220602-094413-10-0.txt,0521_O45-20220602/0521_O45-20220602-104352-62-62.txt
0521,O45,20220603,082742,15-0,095714,70-70,0521_O45-20220603/0521_O45-20220603-082742-15-0.json,0521_O45-20220603/0521_O45-20220603-095714-70-70.json,0521_O45-20220603/0521_O45-20220603-082742-15-0.txt,0521_O45-20220603/0521_O45-20220603-095714-70-70.txt
0521,O45,20220604,055920,41-0,064251,29-29,0521_O45-20220604/0521_O45-20220604-055920-41-0.json,0521_O45-20220604/0521_O45-20220604-064251-29-29.json,0521_O45-20220604/0521_O45-20220604-055920-41-0.txt,0521_O45-20220604/0521_O45-20220604-064251-29-29.txt
0521,O45,20220608,100700,44-0,113921,79-79,0521_O45-20220608/0521_O45-20220608-100700-44-0.json,0521_O45-20220608/0521_O45-20220608-113921-79-79.json,0521_O45-20220608/0521_O45-20220608-100700-44-0.txt,0521_O45-20220608/0521_O45-20220608-113921-79-79.txt
0521,O45,20220609,104903,9-0,111250,80-80,0521_O45-20220609/0521_O45-20220609-104903-9-0.json,0521_O45-20220609/0521_O45-20220609-111250-80-80.json,0521_O45-20220609/0521_O45-20220609-104903-9-0.txt,0521_O45-20220609/0521_O45-20220609-111250-80-80.txt
0521,O45,20220613,095901,115-0,105821,92-92,0521_O45-20220613/0521_O45-20220613-095901-115-0.json,0521_O45-20220613/0521_O45-20220613-105821-92-92.json,0521_O45-20220613/0521_O45-20220613-095901-115-0.txt,0521_O45-20220613/0521_O45-20220613-105821-92-92.txt
0521,O45,20220614,082151,18-0,100334,98-98,0521_O45-20220614/0521_O45-20220614-082151-18-0.json,0521_O45-20220614/0521_O45-20220614-100334-98-98.json,0521_O45-20220614/0521_O45-20220614-082151-18-0.txt,0521_O45-20220614/0521_O45-20220614-100334-98-98.txt
0521,O45,20220615,113434,25-0,115222,29-29,0521_O45-20220615/0521_O45-20220615-113434-25-0.json,0521_O45-20220615/0521_O45-20220615-115222-29-29.json,0521_O45-20220615/0521_O45-20220615-113434-25-0.txt,0521_O45-20220615/0521_O45-20220615-115222-29-29.txt
0521,O45,20220616,090053,16-0,094738,64-64,0521_O45-20220616/0521_O45-20220616-090053-16-0.json,0521_O45-20220616/0521_O45-20220616-094738-64-64.json,0521_O45-20220616/0521_O45-20220616-090053-16-0.txt,0521_O45-20220616/0521_O45-20220616-094738-64-64.txt
0521,O45,20220621,085105,18-0,095539,92-92,0521_O45-20220621/0521_O45-20220621-085105-18-0.json,0521_O45-20220621/0521_O45-20220621-095539-92-92.json,0521_O45-20220621/0521_O45-20220621-085105-18-0.txt,0521_O45-20220621/0521_O45-20220621-095539-92-92.txt
0521,O45,20220622,093547,19-0,104401,75-75,0521_O45-20220622/0521_O45-20220622-093547-19-0.json,0521_O45-20220622/0521_O45-20220622-104401-75-75.json,0521_O45-20220622/0521_O45-20220622-093547-19-0.txt,0521_O45-20220622/0521_O45-20220622-104401-75-75.txt
0521,O47,20220621,100939,39-0,100939,39-0,0521_O47-20220621/0521_O47-20220621-100939-39-0.json,0521_O47-20220621/0521_O47-20220621-100939-39-0.json,0521_O47-20220621/0521_O47-20220621-100939-39-0.txt,0521_O47-20220621/0521_O47-20220621-100939-39-0.txt
0521,O47,20220622,073513,90-0,083020,90-90,0521_O47-20220622/0521_O47-20220622-073513-90-0.json,0521_O47-20220622/0521_O47-20220622-083020-90-90.json,0521_O47-20220622/0521_O47-20220622-073513-90-0.txt,0521_O47-20220622/0521_O47-20220622-083020-90-90.txt
0521,O49,20220531,082909,27-0,083108,27-27,0521_O49-20220531/0521_O49-20220531-082909-27-0.json,0521_O49-20220531/0521_O49-20220531-083108-27-27.json,0521_O49-20220531/0521_O49-20220531-082909-27-0.txt,0521_O49-20220531/0521_O49-20220531-083108-27-27.txt
0521,O49,20220601,065503,54-0,072954,55-55,0521_O49-20220601/0521_O49-20220601-065503-54-0.json,0521_O49-20220601/0521_O49-20220601-072954-55-55.json,0521_O49-20220601/0521_O49-20220601-065503-54-0.txt,0521_O49-20220601/0521_O49-20220601-072954-55-55.txt
0521,O49,20220602,072408,48-0,073421,48-48,0521_O49-20220602/0521_O49-20220602-072408-48-0.json,0521_O49-20220602/0521_O49-20220602-073421-48-48.json,0521_O49-20220602/0521_O49-20220602-072408-48-0.txt,0521_O49-20220602/0521_O49-20220602-073421-48-48.txt
0521,O49,20220608,085524,76-0,093756,107-107,0521_O49-20220608/0521_O49-20220608-085524-76-0.json,0521_O49-20220608/0521_O49-20220608-093756-107-107.json,0521_O49-20220608/0521_O49-20220608-085524-76-0.txt,0521_O49-20220608/0521_O49-20220608-093756-107-107.txt
0521,O49,20220609,083523,87-0,091219,107-107,0521_O49-20220609/0521_O49-20220609-083523-87-0.json,0521_O49-20220609/0521_O49-20220609-091219-107-107.json,0521_O49-20220609/0521_O49-20220609-083523-87-0.txt,0521_O49-20220609/0521_O49-20220609-091219-107-107.txt
0521,O49,20220610,083611,110-0,084204,110-110,0521_O49-20220610/0521_O49-20220610-083611-110-0.json,0521_O49-20220610/0521_O49-20220610-084204-110-110.json,0521_O49-20220610/0521_O49-20220610-083611-110-0.txt,0521_O49-20220610/0521_O49-20220610-084204-110-110.txt
0521,O49,20220611,055239,7-0,055239,7-0,0521_O49-20220611/0521_O49-20220611-055239-7-0.json,0521_O49-20220611/0521_O49-20220611-055239-7-0.json,0521_O49-20220611/0521_O49-20220611-055239-7-0.txt,0521_O49-20220611/0521_O49-20220611-055239-7-0.txt
0521,O49,20220613,083512,17-0,083636,15-15,0521_O49-20220613/0521_O49-20220613-083512-17-0.json,0521_O49-20220613/0521_O49-20220613-083636-15-15.json,0521_O49-20220613/0521_O49-20220613-083512-17-0.txt,0521_O49-20220613/0521_O49-20220613-083636-15-15.txt
0521,O49,20220614,071349,114-0,080202,116-116,0521_O49-20220614/0521_O49-20220614-071349-114-0.json,0521_O49-20220614/0521_O49-20220614-080202-116-116.json,0521_O49-20220614/0521_O49-20220614-071349-114-0.txt,0521_O49-20220614/0521_O49-20220614-080202-116-116.txt
0521,O49,20220615,085942,83-0,093703,51-51,0521_O49-20220615/0521_O49-20220615-085942-83-0.json,0521_O49-20220615/0521_O49-20220615-093703-51-51.json,0521_O49-20220615/0521_O49-20220615-085942-83-0.txt,0521_O49-20220615/0521_O49-20220615-093703-51-51.txt
0521,O49,20220618,062441,68-0,065135,57-57,0521_O49-20220618/0521_O49-20220618-062441-68-0.json,0521_O49-20220618/0521_O49-20220618-065135-57-57.json,0521_O49-20220618/0521_O49-20220618-062441-68-0.txt,0521_O49-20220618/0521_O49-20220618-065135-57-57.txt
0521,O49,20220621,073202,64-0,090050,90-90,0521_O49-20220621/0521_O49-20220621-073202-64-0.json,0521_O49-20220621/0521_O49-20220621-090050-90-90.json,0521_O49-20220621/0521_O49-20220621-073202-64-0.txt,0521_O49-20220621/0521_O49-20220621-090050-90-90.txt
0521,O50,20220618,062320,57-0,064453,60-60,0521_O50-20220618/0521_O50-20220618-062320-57-0.json,0521_O50-20220618/0521_O50-20220618-064453-60-60.json,0521_O50-20220618/0521_O50-20220618-062320-57-0.txt,0521_O50-20220618/0521_O50-20220618-064453-60-60.txt
0521,O50,20220622,090953,30-0,091115,30-30,0521_O50-20220622/0521_O50-20220622-090953-30-0.json,0521_O50-20220622/0521_O50-20220622-091115-30-30.json,0521_O50-20220622/0521_O50-20220622-090953-30-0.txt,0521_O50-20220622/0521_O50-20220622-091115-30-30.txt
0521,O51,20220615,093826,32-0,094230,31-31,0521_O51-20220615/0521_O51-20220615-093826-32-0.json,0521_O51-20220615/0521_O51-20220615-094230-31-31.json,0521_O51-20220615/0521_O51-20220615-093826-32-0.txt,0521_O51-20220615/0521_O51-20220615-094230-31-31.txt
0521,O52,20220530,071320,124-0,082710,124-124,0521_O52-20220530/0521_O52-20220530-071320-124-0.json,0521_O52-20220530/0521_O52-20220530-082710-124-124.json,0521_O52-20220530/0521_O52-20220530-071320-124-0.txt,0521_O52-20220530/0521_O52-20220530-082710-124-124.txt
0521,O52,20220531,065023,216-0,083513,102-102,0521_O52-20220531/0521_O52-20220531-065023-216-0.json,0521_O52-20220531/0521_O52-20220531-083513-102-102.json,0521_O52-20220531/0521_O52-20220531-065023-216-0.txt,0521_O52-20220531/0521_O52-20220531-083513-102-102.txt
0521,O52,20220601,062220,120-0,082555,130-130,0521_O52-20220601/0521_O52-20220601-062220-120-0.json,0521_O52-20220601/0521_O52-20220601-082555-130-130.json,0521_O52-20220601/0521_O52-20220601-062220-120-0.txt,0521_O52-20220601/0521_O52-20220601-082555-130-130.txt
0521,O52,20220602,055617,120-0,073444,131-131,0521_O52-20220602/0521_O52-20220602-055617-120-0.json,0521_O52-20220602/0521_O52-20220602-073444-131-131.json,0521_O52-20220602/0521_O52-20220602-055617-120-0.txt,0521_O52-20220602/0521_O52-20220602-073444-131-131.txt
0521,O52,20220603,062355,92-0,065418,74-74,0521_O52-20220603/0521_O52-20220603-062355-92-0.json,0521_O52-20220603/0521_O52-20220603-065418-74-74.json,0521_O52-20220603/0521_O52-20220603-062355-92-0.txt,0521_O52-20220603/0521_O52-20220603-065418-74-74.txt
0521,O52,20220604,053407,86-0,061815,74-74,0521_O52-20220604/0521_O52-20220604-053407-86-0.json,0521_O52-20220604/0521_O52-20220604-061815-74-74.json,0521_O52-20220604/0521_O52-20220604-053407-86-0.txt,0521_O52-20220604/0521_O52-20220604-061815-74-74.txt
0521,O52,20220607,055601,63-0,073504,74-74,0521_O52-20220607/0521_O52-20220607-055601-63-0.json,0521_O52-20220607/0521_O52-20220607-073504-74-74.json,0521_O52-20220607/0521_O52-20220607-055601-63-0.txt,0521_O52-20220607/0521_O52-20220607-073504-74-74.txt
0521,O52,20220608,062615,136-0,083353,140-140,0521_O52-20220608/0521_O52-20220608-062615-136-0.json,0521_O52-20220608/0521_O52-20220608-083353-140-140.json,0521_O52-20220608/0521_O52-20220608-062615-136-0.txt,0521_O52-20220608/0521_O52-20220608-083353-140-140.txt
0521,O52,20220609,065113,87-0,073851,91-91,0521_O52-20220609/0521_O52-20220609-065113-87-0.json,0521_O52-20220609/0521_O52-20220609-073851-91-91.json,0521_O52-20220609/0521_O52-20220609-065113-87-0.txt,0521_O52-20220609/0521_O52-20220609-073851-91-91.txt
0521,O52,20220610,063952,75-0,074205,69-69,0521_O52-20220610/0521_O52-20220610-063952-75-0.json,0521_O52-20220610/0521_O52-20220610-074205-69-69.json,0521_O52-20220610/0521_O52-20220610-063952-75-0.txt,0521_O52-20220610/0521_O52-20220610-074205-69-69.txt
0521,O52,20220611,055333,79-0,062354,75-75,0521_O52-20220611/0521_O52-20220611-055333-79-0.json,0521_O52-20220611/0521_O52-20220611-062354-75-75.json,0521_O52-20220611/0521_O52-20220611-055333-79-0.txt,0521_O52-20220611/0521_O52-20220611-062354-75-75.txt
0521,O52,20220613,060525,78-0,081829,122-122,0521_O52-20220613/0521_O52-20220613-060525-78-0.json,0521_O52-20220613/0521_O52-20220613-081829-122-122.json,0521_O52-20220613/0521_O52-20220613-060525-78-0.txt,0521_O52-20220613/0521_O52-20220613-081829-122-122.txt
0521,O52,20220614,070434,86-0,085842,86-86,0521_O52-20220614/0521_O52-20220614-070434-86-0.json,0521_O52-20220614/0521_O52-20220614-085842-86-86.json,0521_O52-20220614/0521_O52-20220614-070434-86-0.txt,0521_O52-20220614/0521_O52-20220614-085842-86-86.txt
0521,O52,20220615,055155,30-0,081022,100-100,0521_O52-20220615/0521_O52-20220615-055155-30-0.json,0521_O52-20220615/0521_O52-20220615-081022-100-100.json,0521_O52-20220615/0521_O52-20220615-055155-30-0.txt,0521_O52-20220615/0521_O52-20220615-081022-100-100.txt
0521,O52,20220616,062024,94-0,075813,94-94,0521_O52-20220616/0521_O52-20220616-062024-94-0.json,0521_O52-20220616/0521_O52-20220616-075813-94-94.json,0521_O52-20220616/0521_O52-20220616-062024-94-0.txt,0521_O52-20220616/0521_O52-20220616-075813-94-94.txt
0521,O52,20220617,061729,73-0,075859,80-80,0521_O52-20220617/0521_O52-20220617-061729-73-0.json,0521_O52-20220617/0521_O52-20220617-075859-80-80.json,0521_O52-20220617/0521_O52-20220617-061729-73-0.txt,0521_O52-20220617/0521_O52-20220617-075859-80-80.txt
0521,O52,20220618,052741,75-0,060000,77-77,0521_O52-20220618/0521_O52-20220618-052741-75-0.json,0521_O52-20220618/0521_O52-20220618-060000-77-77.json,0521_O52-20220618/0521_O52-20220618-052741-75-0.txt,0521_O52-20220618/0521_O52-20220618-060000-77-77.txt
0521,O52,20220620,064905,13-0,073041,22-22,0521_O52-20220620/0521_O52-20220620-064905-13-0.json,0521_O52-20220620/0521_O52-20220620-073041-22-22.json,0521_O52-20220620/0521_O52-20220620-064905-13-0.txt,0521_O52-20220620/0521_O52-20220620-073041-22-22.txt
0521,O52,20220621,070220,95-0,082850,96-96,0521_O52-20220621/0521_O52-20220621-070220-95-0.json,0521_O52-20220621/0521_O52-20220621-082850-96-96.json,0521_O52-20220621/0521_O52-20220621-070220-95-0.txt,0521_O52-20220621/0521_O52-20220621-082850-96-96.txt
0521,O52,20220622,051134,140-0,073353,84-84,0521_O52-20220622/0521_O52-20220622-051134-140-0.json,0521_O52-20220622/0521_O52-20220622-073353-84-84.json,0521_O52-20220622/0521_O52-20220622-051134-140-0.txt,0521_O52-20220622/0521_O52-20220622-073353-84-84.txt
0521,O53,20220531,072850,7-0,080741,10-10,0521_O53-20220531/0521_O53-20220531-072850-7-0.json,0521_O53-20220531/0521_O53-20220531-080741-10-10.json,0521_O53-20220531/0521_O53-20220531-072850-7-0.txt,0521_O53-20220531/0521_O53-20220531-080741-10-10.txt
0521,O53,20220601,063857,76-0,074000,65-65,0521_O53-20220601/0521_O53-20220601-063857-76-0.json,0521_O53-20220601/0521_O53-20220601-074000-65-65.json,0521_O53-20220601/0521_O53-20220601-063857-76-0.txt,0521_O53-20220601/0521_O53-20220601-074000-65-65.txt
0521,O53,20220602,061053,44-0,065236,44-44,0521_O53-20220602/0521_O53-20220602-061053-44-0.json,0521_O53-20220602/0521_O53-20220602-065236-44-44.json,0521_O53-20220602/0521_O53-20220602-061053-44-0.txt,0521_O53-20220602/0521_O53-20220602-065236-44-44.txt
0521,O53,20220608,062426,90-0,073100,69-69,0521_O53-20220608/0521_O53-20220608-062426-90-0.json,0521_O53-20220608/0521_O53-20220608-073100-69-69.json,0521_O53-20220608/0521_O53-20220608-062426-90-0.txt,0521_O53-20220608/0521_O53-20220608-073100-69-69.txt
0521,O53,20220609,061649,104-0,074255,91-91,0521_O53-20220609/0521_O53-20220609-061649-104-0.json,0521_O53-20220609/0521_O53-20220609-074255-91-91.json,0521_O53-20220609/0521_O53-20220609-061649-104-0.txt,0521_O53-20220609/0521_O53-20220609-074255-91-91.txt
0521,O53,20220610,060734,115-0,073941,79-79,0521_O53-20220610/0521_O53-20220610-060734-115-0.json,0521_O53-20220610/0521_O53-20220610-073941-79-79.json,0521_O53-20220610/0521_O53-20220610-060734-115-0.txt,0521_O53-20220610/0521_O53-20220610-073941-79-79.txt
0521,O53,20220614,054219,30-0,094437,76-76,0521_O53-20220614/0521_O53-20220614-054219-30-0.json,0521_O53-20220614/0521_O53-20220614-094437-76-76.json,0521_O53-20220614/0521_O53-20220614-054219-30-0.txt,0521_O53-20220614/0521_O53-20220614-094437-76-76.txt
0521,O53,20220615,065622,32-0,081312,26-26,0521_O53-20220615/0521_O53-20220615-065622-32-0.json,0521_O53-20220615/0521_O53-20220615-081312-26-26.json,0521_O53-20220615/0521_O53-20220615-065622-32-0.txt,0521_O53-20220615/0521_O53-20220615-081312-26-26.txt
0521,O53,20220616,063326,33-0,080129,42-42,0521_O53-20220616/0521_O53-20220616-063326-33-0.json,0521_O53-20220616/0521_O53-20220616-080129-42-42.json,0521_O53-20220616/0521_O53-20220616-063326-33-0.txt,0521_O53-20220616/0521_O53-20220616-080129-42-42.txt
0521,O53,20220617,055811,150-0,072148,48-48,0521_O53-20220617/0521_O53-20220617-055811-150-0.json,0521_O53-20220617/0521_O53-20220617-072148-48-48.json,0521_O53-20220617/0521_O53-20220617-055811-150-0.txt,0521_O53-20220617/0521_O53-20220617-072148-48-48.txt
0521,O53,20220621,064302,136-0,083212,38-38,0521_O53-20220621/0521_O53-20220621-064302-136-0.json,0521_O53-20220621/0521_O53-20220621-083212-38-38.json,0521_O53-20220621/0521_O53-20220621-064302-136-0.txt,0521_O53-20220621/0521_O53-20220621-083212-38-38.txt
0521,O53,20220622,063743,55-0,073747,42-42,0521_O53-20220622/0521_O53-20220622-063743-55-0.json,0521_O53-20220622/0521_O53-20220622-073747-42-42.json,0521_O53-20220622/0521_O53-20220622-063743-55-0.txt,0521_O53-20220622/0521_O53-20220622-073747-42-42.txt
0521,O54,20220530,064331,65-0,083840,82-82,0521_O54-20220530/0521_O54-20220530-064331-65-0.json,0521_O54-20220530/0521_O54-20220530-083840-82-82.json,0521_O54-20220530/0521_O54-20220530-064331-65-0.txt,0521_O54-20220530/0521_O54-20220530-083840-82-82.txt
0521,O54,20220531,070309,140-0,081107,139-139,0521_O54-20220531/0521_O54-20220531-070309-140-0.json,0521_O54-20220531/0521_O54-20220531-081107-139-139.json,0521_O54-20220531/0521_O54-20220531-070309-140-0.txt,0521_O54-20220531/0521_O54-20220531-081107-139-139.txt
0521,O54,20220601,061020,67-0,074247,81-81,0521_O54-20220601/0521_O54-20220601-061020-67-0.json,0521_O54-20220601/0521_O54-20220601-074247-81-81.json,0521_O54-20220601/0521_O54-20220601-061020-67-0.txt,0521_O54-20220601/0521_O54-20220601-074247-81-81.txt
0521,O54,20220602,063237,52-0,071947,52-52,0521_O54-20220602/0521_O54-20220602-063237-52-0.json,0521_O54-20220602/0521_O54-20220602-071947-52-52.json,0521_O54-20220602/0521_O54-20220602-063237-52-0.txt,0521_O54-20220602/0521_O54-20220602-071947-52-52.txt
0521,O54,20220603,063019,24-0,072148,48-48,0521_O54-20220603/0521_O54-20220603-063019-24-0.json,0521_O54-20220603/0521_O54-20220603-072148-48-48.json,0521_O54-20220603/0521_O54-20220603-063019-24-0.txt,0521_O54-20220603/0521_O54-20220603-072148-48-48.txt
0521,O54,20220608,063703,83-0,072932,63-63,0521_O54-20220608/0521_O54-20220608-063703-83-0.json,0521_O54-20220608/0521_O54-20220608-072932-63-63.json,0521_O54-20220608/0521_O54-20220608-063703-83-0.txt,0521_O54-20220608/0521_O54-20220608-072932-63-63.txt
0521,O54,20220609,072429,142-0,083712,112-112,0521_O54-20220609/0521_O54-20220609-072429-142-0.json,0521_O54-20220609/0521_O54-20220609-083712-112-112.json,0521_O54-20220609/0521_O54-20220609-072429-142-0.txt,0521_O54-20220609/0521_O54-20220609-083712-112-112.txt
0521,O54,20220610,062244,79-0,082557,126-126,0521_O54-20220610/0521_O54-20220610-062244-79-0.json,0521_O54-20220610/0521_O54-20220610-082557-126-126.json,0521_O54-20220610/0521_O54-20220610-062244-79-0.txt,0521_O54-20220610/0521_O54-20220610-082557-126-126.txt
0521,O54,20220613,071727,55-0,071727,55-0,0521_O54-20220613/0521_O54-20220613-071727-55-0.json,0521_O54-20220613/0521_O54-20220613-071727-55-0.json,0521_O54-20220613/0521_O54-20220613-071727-55-0.txt,0521_O54-20220613/0521_O54-20220613-071727-55-0.txt
0521,O54,20220614,062706,58-0,074746,57-57,0521_O54-20220614/0521_O54-20220614-062706-58-0.json,0521_O54-20220614/0521_O54-20220614-074746-57-57.json,0521_O54-20220614/0521_O54-20220614-062706-58-0.txt,0521_O54-20220614/0521_O54-20220614-074746-57-57.txt
0521,O54,20220615,061319,45-0,071955,45-45,0521_O54-20220615/0521_O54-20220615-061319-45-0.json,0521_O54-20220615/0521_O54-20220615-071955-45-45.json,0521_O54-20220615/0521_O54-20220615-061319-45-0.txt,0521_O54-20220615/0521_O54-20220615-071955-45-45.txt
0521,O54,20220616,054842,35-0,071807,54-54,0521_O54-20220616/0521_O54-20220616-054842-35-0.json,0521_O54-20220616/0521_O54-20220616-071807-54-54.json,0521_O54-20220616/0521_O54-20220616-054842-35-0.txt,0521_O54-20220616/0521_O54-20220616-071807-54-54.txt
0521,O54,20220617,064538,68-0,073158,63-63,0521_O54-20220617/0521_O54-20220617-064538-68-0.json,0521_O54-20220617/0521_O54-20220617-073158-63-63.json,0521_O54-20220617/0521_O54-20220617-064538-68-0.txt,0521_O54-20220617/0521_O54-20220617-073158-63-63.txt
0521,O54,20220620,063757,82-0,072318,71-71,0521_O54-20220620/0521_O54-20220620-063757-82-0.json,0521_O54-20220620/0521_O54-20220620-072318-71-71.json,0521_O54-20220620/0521_O54-20220620-063757-82-0.txt,0521_O54-20220620/0521_O54-20220620-072318-71-71.txt
0521,O54,20220621,065346,104-0,084511,108-108,0521_O54-20220621/0521_O54-20220621-065346-104-0.json,0521_O54-20220621/0521_O54-20220621-084511-108-108.json,0521_O54-20220621/0521_O54-20220621-065346-104-0.txt,0521_O54-20220621/0521_O54-20220621-084511-108-108.txt
0521,O54,20220622,063008,123-0,082049,123-123,0521_O54-20220622/0521_O54-20220622-063008-123-0.json,0521_O54-20220622/0521_O54-20220622-082049-123-123.json,0521_O54-20220622/0521_O54-20220622-063008-123-0.txt,0521_O54-20220622/0521_O54-20220622-082049-123-123.txt
0521,O55,20220611,053756,4-0,053756,4-0,0521_O55-20220611/0521_O55-20220611-053756-4-0.json,0521_O55-20220611/0521_O55-20220611-053756-4-0.json,0521_O55-20220611/0521_O55-20220611-053756-4-0.txt,0521_O55-20220611/0521_O55-20220611-053756-4-0.txt
0521,O55,20220618,054909,4-0,054909,4-0,0521_O55-20220618/0521_O55-20220618-054909-4-0.json,0521_O55-20220618/0521_O55-20220618-054909-4-0.json,0521_O55-20220618/0521_O55-20220618-054909-4-0.txt,0521_O55-20220618/0521_O55-20220618-054909-4-0.txt
0521,O56,20220604,055911,73-0,073557,74-74,0521_O56-20220604/0521_O56-20220604-055911-73-0.json,0521_O56-20220604/0521_O56-20220604-073557-74-74.json,0521_O56-20220604/0521_O56-20220604-055911-73-0.txt,0521_O56-20220604/0521_O56-20220604-073557-74-74.txt
0521,O57,20220614,104317,37-0,104317,37-0,0521_O57-20220614/0521_O57-20220614-104317-37-0.json,0521_O57-20220614/0521_O57-20220614-104317-37-0.json,0521_O57-20220614/0521_O57-20220614-104317-37-0.txt,0521_O57-20220614/0521_O57-20220614-104317-37-0.txt
0521,O58,20220530,065755,90-0,080526,93-93,0521_O58-20220530/0521_O58-20220530-065755-90-0.json,0521_O58-20220530/0521_O58-20220530-080526-93-93.json,0521_O58-20220530/0521_O58-20220530-065755-90-0.txt,0521_O58-20220530/0521_O58-20220530-080526-93-93.txt
0521,O58,20220531,060723,1-0,084224,139-139,0521_O58-20220531/0521_O58-20220531-060723-1-0.json,0521_O58-20220531/0521_O58-20220531-084224-139-139.json,0521_O58-20220531/0521_O58-20220531-060723-1-0.txt,0521_O58-20220531/0521_O58-20220531-084224-139-139.txt
0521,O58,20220601,064906,85-0,072725,85-85,0521_O58-20220601/0521_O58-20220601-064906-85-0.json,0521_O58-20220601/0521_O58-20220601-072725-85-85.json,0521_O58-20220601/0521_O58-20220601-064906-85-0.txt,0521_O58-20220601/0521_O58-20220601-072725-85-85.txt
0521,O58,20220602,062917,92-0,082250,92-92,0521_O58-20220602/0521_O58-20220602-062917-92-0.json,0521_O58-20220602/0521_O58-20220602-082250-92-92.json,0521_O58-20220602/0521_O58-20220602-062917-92-0.txt,0521_O58-20220602/0521_O58-20220602-082250-92-92.txt
0521,O58,20220603,095621,7-0,095621,7-0,0521_O58-20220603/0521_O58-20220603-095621-7-0.json,0521_O58-20220603/0521_O58-20220603-095621-7-0.json,0521_O58-20220603/0521_O58-20220603-095621-7-0.txt,0521_O58-20220603/0521_O58-20220603-095621-7-0.txt
0521,O58,20220608,073922,104-0,092007,127-127,0521_O58-20220608/0521_O58-20220608-073922-104-0.json,0521_O58-20220608/0521_O58-20220608-092007-127-127.json,0521_O58-20220608/0521_O58-20220608-073922-104-0.txt,0521_O58-20220608/0521_O58-20220608-092007-127-127.txt
0521,O58,20220609,064720,69-0,064720,69-0,0521_O58-20220609/0521_O58-20220609-064720-69-0.json,0521_O58-20220609/0521_O58-20220609-064720-69-0.json,0521_O58-20220609/0521_O58-20220609-064720-69-0.txt,0521_O58-20220609/0521_O58-20220609-064720-69-0.txt
0521,O58,20220611,061504,14-0,061504,14-0,0521_O58-20220611/0521_O58-20220611-061504-14-0.json,0521_O58-20220611/0521_O58-20220611-061504-14-0.json,0521_O58-20220611/0521_O58-20220611-061504-14-0.txt,0521_O58-20220611/0521_O58-20220611-061504-14-0.txt
0521,O58,20220613,081320,132-0,091942,124-124,0521_O58-20220613/0521_O58-20220613-081320-132-0.json,0521_O58-20220613/0521_O58-20220613-091942-124-124.json,0521_O58-20220613/0521_O58-20220613-081320-132-0.txt,0521_O58-20220613/0521_O58-20220613-091942-124-124.txt
0521,O58,20220614,083425,124-0,092911,124-124,0521_O58-20220614/0521_O58-20220614-083425-124-0.json,0521_O58-20220614/0521_O58-20220614-092911-124-124.json,0521_O58-20220614/0521_O58-20220614-083425-124-0.txt,0521_O58-20220614/0521_O58-20220614-092911-124-124.txt
0521,O58,20220615,062043,69-0,081156,69-69,0521_O58-20220615/0521_O58-20220615-062043-69-0.json,0521_O58-20220615/0521_O58-20220615-081156-69-69.json,0521_O58-20220615/0521_O58-20220615-062043-69-0.txt,0521_O58-20220615/0521_O58-20220615-081156-69-69.txt
0521,O58,20220616,072331,124-0,081006,124-124,0521_O58-20220616/0521_O58-20220616-072331-124-0.json,0521_O58-20220616/0521_O58-20220616-081006-124-124.json,0521_O58-20220616/0521_O58-20220616-072331-124-0.txt,0521_O58-20220616/0521_O58-20220616-081006-124-124.txt
0521,O58,20220617,071346,91-0,083254,116-116,0521_O58-20220617/0521_O58-20220617-071346-91-0.json,0521_O58-20220617/0521_O58-20220617-083254-116-116.json,0521_O58-20220617/0521_O58-20220617-071346-91-0.txt,0521_O58-20220617/0521_O58-20220617-083254-116-116.txt
0521,O58,20220620,063136,101-0,080417,109-109,0521_O58-20220620/0521_O58-20220620-063136-101-0.json,0521_O58-20220620/0521_O58-20220620-080417-109-109.json,0521_O58-20220620/0521_O58-20220620-063136-101-0.txt,0521_O58-20220620/0521_O58-20220620-080417-109-109.txt
0521,O58,20220621,070803,117-0,083939,117-117,0521_O58-20220621/0521_O58-20220621-070803-117-0.json,0521_O58-20220621/0521_O58-20220621-083939-117-117.json,0521_O58-20220621/0521_O58-20220621-070803-117-0.txt,0521_O58-20220621/0521_O58-20220621-083939-117-117.txt
0521,O58,20220622,061728,66-0,084121,108-108,0521_O58-20220622/0521_O58-20220622-061728-66-0.json,0521_O58-20220622/0521_O58-20220622-084121-108-108.json,0521_O58-20220622/0521_O58-20220622-061728-66-0.txt,0521_O58-20220622/0521_O58-20220622-084121-108-108.txt
0521,O59,20220530,061122,114-0,073916,101-101,0521_O59-20220530/0521_O59-20220530-061122-114-0.json,0521_O59-20220530/0521_O59-20220530-073916-101-101.json,0521_O59-20220530/0521_O59-20220530-061122-114-0.txt,0521_O59-20220530/0521_O59-20220530-073916-101-101.txt
0521,O59,20220531,060928,19-0,080534,135-135,0521_O59-20220531/0521_O59-20220531-060928-19-0.json,0521_O59-20220531/0521_O59-20220531-080534-135-135.json,0521_O59-20220531/0521_O59-20220531-060928-19-0.txt,0521_O59-20220531/0521_O59-20220531-080534-135-135.txt
0521,O59,20220601,064840,82-0,080009,81-81,0521_O59-20220601/0521_O59-20220601-064840-82-0.json,0521_O59-20220601/0521_O59-20220601-080009-81-81.json,0521_O59-20220601/0521_O59-20220601-064840-82-0.txt,0521_O59-20220601/0521_O59-20220601-080009-81-81.txt
0521,O59,20220602,063137,61-0,072819,63-63,0521_O59-20220602/0521_O59-20220602-063137-61-0.json,0521_O59-20220602/0521_O59-20220602-072819-63-63.json,0521_O59-20220602/0521_O59-20220602-063137-61-0.txt,0521_O59-20220602/0521_O59-20220602-072819-63-63.txt
0521,O59,20220603,062254,52-0,070133,52-52,0521_O59-20220603/0521_O59-20220603-062254-52-0.json,0521_O59-20220603/0521_O59-20220603-070133-52-52.json,0521_O59-20220603/0521_O59-20220603-062254-52-0.txt,0521_O59-20220603/0521_O59-20220603-070133-52-52.txt
0521,O59,20220604,052923,75-0,070927,56-56,0521_O59-20220604/0521_O59-20220604-052923-75-0.json,0521_O59-20220604/0521_O59-20220604-070927-56-56.json,0521_O59-20220604/0521_O59-20220604-052923-75-0.txt,0521_O59-20220604/0521_O59-20220604-070927-56-56.txt
0521,O59,20220607,061156,75-0,074837,92-92,0521_O59-20220607/0521_O59-20220607-061156-75-0.json,0521_O59-20220607/0521_O59-20220607-074837-92-92.json,0521_O59-20220607/0521_O59-20220607-061156-75-0.txt,0521_O59-20220607/0521_O59-20220607-074837-92-92.txt
0521,O59,20220608,071423,124-0,084200,170-170,0521_O59-20220608/0521_O59-20220608-071423-124-0.json,0521_O59-20220608/0521_O59-20220608-084200-170-170.json,0521_O59-20220608/0521_O59-20220608-071423-124-0.txt,0521_O59-20220608/0521_O59-20220608-084200-170-170.txt
0521,O59,20220609,062855,82-0,072609,109-109,0521_O59-20220609/0521_O59-20220609-062855-82-0.json,0521_O59-20220609/0521_O59-20220609-072609-109-109.json,0521_O59-20220609/0521_O59-20220609-062855-82-0.txt,0521_O59-20220609/0521_O59-20220609-072609-109-109.txt
0521,O59,20220610,061528,63-0,091327,166-166,0521_O59-20220610/0521_O59-20220610-061528-63-0.json,0521_O59-20220610/0521_O59-20220610-091327-166-166.json,0521_O59-20220610/0521_O59-20220610-061528-63-0.txt,0521_O59-20220610/0521_O59-20220610-091327-166-166.txt
0521,O59,20220611,054627,28-0,065504,9-9,0521_O59-20220611/0521_O59-20220611-054627-28-0.json,0521_O59-20220611/0521_O59-20220611-065504-9-9.json,0521_O59-20220611/0521_O59-20220611-054627-28-0.txt,0521_O59-20220611/0521_O59-20220611-065504-9-9.txt
0521,O59,20220613,062752,59-0,075216,87-87,0521_O59-20220613/0521_O59-20220613-062752-59-0.json,0521_O59-20220613/0521_O59-20220613-075216-87-87.json,0521_O59-20220613/0521_O59-20220613-062752-59-0.txt,0521_O59-20220613/0521_O59-20220613-075216-87-87.txt
0521,O59,20220614,063323,172-0,083207,169-169,0521_O59-20220614/0521_O59-20220614-063323-172-0.json,0521_O59-20220614/0521_O59-20220614-083207-169-169.json,0521_O59-20220614/0521_O59-20220614-063323-172-0.txt,0521_O59-20220614/0521_O59-20220614-083207-169-169.txt
0521,O59,20220615,062308,35-0,083209,119-119,0521_O59-20220615/0521_O59-20220615-062308-35-0.json,0521_O59-20220615/0521_O59-20220615-083209-119-119.json,0521_O59-20220615/0521_O59-20220615-062308-35-0.txt,0521_O59-20220615/0521_O59-20220615-083209-119-119.txt
0521,O59,20220616,063023,128-127,081759,140-140,0521_O59-20220616/0521_O59-20220616-063023-128-127.json,0521_O59-20220616/0521_O59-20220616-081759-140-140.json,0521_O59-20220616/0521_O59-20220616-063023-128-127.txt,0521_O59-20220616/0521_O59-20220616-081759-140-140.txt
0521,O59,20220617,062657,77-0,075140,90-90,0521_O59-20220617/0521_O59-20220617-062657-77-0.json,0521_O59-20220617/0521_O59-20220617-075140-90-90.json,0521_O59-20220617/0521_O59-20220617-062657-77-0.txt,0521_O59-20220617/0521_O59-20220617-075140-90-90.txt
0521,O59,20220618,052354,52-0,062621,43-43,0521_O59-20220618/0521_O59-20220618-052354-52-0.json,0521_O59-20220618/0521_O59-20220618-062621-43-43.json,0521_O59-20220618/0521_O59-20220618-052354-52-0.txt,0521_O59-20220618/0521_O59-20220618-062621-43-43.txt
0521,O59,20220620,061409,73-0,071303,66-66,0521_O59-20220620/0521_O59-20220620-061409-73-0.json,0521_O59-20220620/0521_O59-20220620-071303-66-66.json,0521_O59-20220620/0521_O59-20220620-061409-73-0.txt,0521_O59-20220620/0521_O59-20220620-071303-66-66.txt
0521,O59,20220621,062504,138-0,073110,137-137,0521_O59-20220621/0521_O59-20220621-062504-138-0.json,0521_O59-20220621/0521_O59-20220621-073110-137-137.json,0521_O59-20220621/0521_O59-20220621-062504-138-0.txt,0521_O59-20220621/0521_O59-20220621-073110-137-137.txt
0521,O59,20220622,065422,72-0,075840,106-106,0521_O59-20220622/0521_O59-20220622-065422-72-0.json,0521_O59-20220622/0521_O59-20220622-075840-106-106.json,0521_O59-20220622/0521_O59-20220622-065422-72-0.txt,0521_O59-20220622/0521_O59-20220622-075840-106-106.txt
0521,O60,20220530,071700,80-0,080806,76-76,0521_O60-20220530/0521_O60-20220530-071700-80-0.json,0521_O60-20220530/0521_O60-20220530-080806-76-76.json,0521_O60-20220530/0521_O60-20220530-071700-80-0.txt,0521_O60-20220530/0521_O60-20220530-080806-76-76.txt
0521,O60,20220531,072727,107-0,080649,107-107,0521_O60-20220531/0521_O60-20220531-072727-107-0.json,0521_O60-20220531/0521_O60-20220531-080649-107-107.json,0521_O60-20220531/0521_O60-20220531-072727-107-0.txt,0521_O60-20220531/0521_O60-20220531-080649-107-107.txt
0521,O60,20220601,063007,160-0,081930,161-161,0521_O60-20220601/0521_O60-20220601-063007-160-0.json,0521_O60-20220601/0521_O60-20220601-081930-161-161.json,0521_O60-20220601/0521_O60-20220601-063007-160-0.txt,0521_O60-20220601/0521_O60-20220601-081930-161-161.txt
0521,O60,20220602,055301,139-0,075021,140-140,0521_O60-20220602/0521_O60-20220602-055301-139-0.json,0521_O60-20220602/0521_O60-20220602-075021-140-140.json,0521_O60-20220602/0521_O60-20220602-055301-139-0.txt,0521_O60-20220602/0521_O60-20220602-075021-140-140.txt
0521,O60,20220603,061215,124-0,090609,128-128,0521_O60-20220603/0521_O60-20220603-061215-124-0.json,0521_O60-20220603/0521_O60-20220603-090609-128-128.json,0521_O60-20220603/0521_O60-20220603-061215-124-0.txt,0521_O60-20220603/0521_O60-20220603-090609-128-128.txt
0521,O60,20220604,064151,47-0,074602,47-47,0521_O60-20220604/0521_O60-20220604-064151-47-0.json,0521_O60-20220604/0521_O60-20220604-074602-47-47.json,0521_O60-20220604/0521_O60-20220604-064151-47-0.txt,0521_O60-20220604/0521_O60-20220604-074602-47-47.txt
0521,O60,20220607,060350,113-0,074917,96-96,0521_O60-20220607/0521_O60-20220607-060350-113-0.json,0521_O60-20220607/0521_O60-20220607-074917-96-96.json,0521_O60-20220607/0521_O60-20220607-060350-113-0.txt,0521_O60-20220607/0521_O60-20220607-074917-96-96.txt
0521,O60,20220608,060226,201-0,075549,202-202,0521_O60-20220608/0521_O60-20220608-060226-201-0.json,0521_O60-20220608/0521_O60-20220608-075549-202-202.json,0521_O60-20220608/0521_O60-20220608-060226-201-0.txt,0521_O60-20220608/0521_O60-20220608-075549-202-202.txt
0521,O60,20220609,060600,178-0,092328,183-183,0521_O60-20220609/0521_O60-20220609-060600-178-0.json,0521_O60-20220609/0521_O60-20220609-092328-183-183.json,0521_O60-20220609/0521_O60-20220609-060600-178-0.txt,0521_O60-20220609/0521_O60-20220609-092328-183-183.txt
0521,O60,20220610,055649,165-0,091205,169-169,0521_O60-20220610/0521_O60-20220610-055649-165-0.json,0521_O60-20220610/0521_O60-20220610-091205-169-169.json,0521_O60-20220610/0521_O60-20220610-055649-165-0.txt,0521_O60-20220610/0521_O60-20220610-091205-169-169.txt
0521,O60,20220611,062028,32-0,071016,56-56,0521_O60-20220611/0521_O60-20220611-062028-32-0.json,0521_O60-20220611/0521_O60-20220611-071016-56-56.json,0521_O60-20220611/0521_O60-20220611-062028-32-0.txt,0521_O60-20220611/0521_O60-20220611-071016-56-56.txt
0521,O60,20220613,060605,135-0,084251,142-142,0521_O60-20220613/0521_O60-20220613-060605-135-0.json,0521_O60-20220613/0521_O60-20220613-084251-142-142.json,0521_O60-20220613/0521_O60-20220613-060605-135-0.txt,0521_O60-20220613/0521_O60-20220613-084251-142-142.txt
0521,O60,20220614,055132,148-0,083341,157-157,0521_O60-20220614/0521_O60-20220614-055132-148-0.json,0521_O60-20220614/0521_O60-20220614-083341-157-157.json,0521_O60-20220614/0521_O60-20220614-055132-148-0.txt,0521_O60-20220614/0521_O60-20220614-083341-157-157.txt
0521,O60,20220615,054252,121-0,085419,161-161,0521_O60-20220615/0521_O60-20220615-054252-121-0.json,0521_O60-20220615/0521_O60-20220615-085419-161-161.json,0521_O60-20220615/0521_O60-20220615-054252-121-0.txt,0521_O60-20220615/0521_O60-20220615-085419-161-161.txt
0521,O60,20220616,054656,137-0,082449,130-130,0521_O60-20220616/0521_O60-20220616-054656-137-0.json,0521_O60-20220616/0521_O60-20220616-082449-130-130.json,0521_O60-20220616/0521_O60-20220616-054656-137-0.txt,0521_O60-20220616/0521_O60-20220616-082449-130-130.txt
0521,O60,20220617,060256,110-0,075512,99-99,0521_O60-20220617/0521_O60-20220617-060256-110-0.json,0521_O60-20220617/0521_O60-20220617-075512-99-99.json,0521_O60-20220617/0521_O60-20220617-060256-110-0.txt,0521_O60-20220617/0521_O60-20220617-075512-99-99.txt
0521,O60,20220620,062631,76-0,072429,51-51,0521_O60-20220620/0521_O60-20220620-062631-76-0.json,0521_O60-20220620/0521_O60-20220620-072429-51-51.json,0521_O60-20220620/0521_O60-20220620-062631-76-0.txt,0521_O60-20220620/0521_O60-20220620-072429-51-51.txt
0521,O60,20220622,073814,95-0,090432,73-73,0521_O60-20220622/0521_O60-20220622-073814-95-0.json,0521_O60-20220622/0521_O60-20220622-090432-73-73.json,0521_O60-20220622/0521_O60-20220622-073814-95-0.txt,0521_O60-20220622/0521_O60-20220622-090432-73-73.txt
0521,O61,20220531,062912,117-0,102146,117-117,0521_O61-20220531/0521_O61-20220531-062912-117-0.json,0521_O61-20220531/0521_O61-20220531-102146-117-117.json,0521_O61-20220531/0521_O61-20220531-062912-117-0.txt,0521_O61-20220531/0521_O61-20220531-102146-117-117.txt
0521,O61,20220601,074843,81-0,100957,101-101,0521_O61-20220601/0521_O61-20220601-074843-81-0.json,0521_O61-20220601/0521_O61-20220601-100957-101-101.json,0521_O61-20220601/0521_O61-20220601-074843-81-0.txt,0521_O61-20220601/0521_O61-20220601-100957-101-101.txt
0521,O61,20220602,060348,41-0,100636,106-106,0521_O61-20220602/0521_O61-20220602-060348-41-0.json,0521_O61-20220602/0521_O61-20220602-100636-106-106.json,0521_O61-20220602/0521_O61-20220602-060348-41-0.txt,0521_O61-20220602/0521_O61-20220602-100636-106-106.txt
0521,O61,20220603,091013,87-0,103612,86-86,0521_O61-20220603/0521_O61-20220603-091013-87-0.json,0521_O61-20220603/0521_O61-20220603-103612-86-86.json,0521_O61-20220603/0521_O61-20220603-091013-87-0.txt,0521_O61-20220603/0521_O61-20220603-103612-86-86.txt
0521,O61,20220607,085842,85-0,101304,85-85,0521_O61-20220607/0521_O61-20220607-085842-85-0.json,0521_O61-20220607/0521_O61-20220607-101304-85-85.json,0521_O61-20220607/0521_O61-20220607-085842-85-0.txt,0521_O61-20220607/0521_O61-20220607-101304-85-85.txt
0521,O61,20220608,074348,85-0,092155,85-85,0521_O61-20220608/0521_O61-20220608-074348-85-0.json,0521_O61-20220608/0521_O61-20220608-092155-85-85.json,0521_O61-20220608/0521_O61-20220608-074348-85-0.txt,0521_O61-20220608/0521_O61-20220608-092155-85-85.txt
0521,O61,20220609,061429,83-0,073923,73-73,0521_O61-20220609/0521_O61-20220609-061429-83-0.json,0521_O61-20220609/0521_O61-20220609-073923-73-73.json,0521_O61-20220609/0521_O61-20220609-061429-83-0.txt,0521_O61-20220609/0521_O61-20220609-073923-73-73.txt
0521,O61,20220610,085846,35-11,095521,47-47,0521_O61-20220610/0521_O61-20220610-085846-35-11.json,0521_O61-20220610/0521_O61-20220610-095521-47-47.json,0521_O61-20220610/0521_O61-20220610-085846-35-11.txt,0521_O61-20220610/0521_O61-20220610-095521-47-47.txt
0521,O61,20220611,055648,14-0,062948,36-0,0521_O61-20220611/0521_O61-20220611-055648-14-0.json,0521_O61-20220611/0521_O61-20220611-062948-36-0.json,0521_O61-20220611/0521_O61-20220611-055648-14-0.txt,0521_O61-20220611/0521_O61-20220611-062948-36-0.txt
0521,O61,20220616,060304,46-0,075921,47-47,0521_O61-20220616/0521_O61-20220616-060304-46-0.json,0521_O61-20220616/0521_O61-20220616-075921-47-47.json,0521_O61-20220616/0521_O61-20220616-060304-46-0.txt,0521_O61-20220616/0521_O61-20220616-075921-47-47.txt
0521,O61,20220617,083602,27-0,093635,34-34,0521_O61-20220617/0521_O61-20220617-083602-27-0.json,0521_O61-20220617/0521_O61-20220617-093635-34-34.json,0521_O61-20220617/0521_O61-20220617-083602-27-0.txt,0521_O61-20220617/0521_O61-20220617-093635-34-34.txt
0521,O61,20220618,062834,14-0,070050,8-8,0521_O61-20220618/0521_O61-20220618-062834-14-0.json,0521_O61-20220618/0521_O61-20220618-070050-8-8.json,0521_O61-20220618/0521_O61-20220618-062834-14-0.txt,0521_O61-20220618/0521_O61-20220618-070050-8-8.txt
0521,O61,20220620,055454,50-0,093836,34-34,0521_O61-20220620/0521_O61-20220620-055454-50-0.json,0521_O61-20220620/0521_O61-20220620-093836-34-34.json,0521_O61-20220620/0521_O61-20220620-055454-50-0.txt,0521_O61-20220620/0521_O61-20220620-093836-34-34.txt
0521,O61,20220621,061946,76-0,101400,33-33,0521_O61-20220621/0521_O61-20220621-061946-76-0.json,0521_O61-20220621/0521_O61-20220621-101400-33-33.json,0521_O61-20220621/0521_O61-20220621-061946-76-0.txt,0521_O61-20220621/0521_O61-20220621-101400-33-33.txt
0521,O61,20220622,074323,43-0,074947,48-47,0521_O61-20220622/0521_O61-20220622-074323-43-0.json,0521_O61-20220622/0521_O61-20220622-074947-48-47.json,0521_O61-20220622/0521_O61-20220622-074323-43-0.txt,0521_O61-20220622/0521_O61-20220622-074947-48-47.txt
0521,O62,20220530,061327,108-0,065935,107-107,0521_O62-20220530/0521_O62-20220530-061327-108-0.json,0521_O62-20220530/0521_O62-20220530-065935-107-107.json,0521_O62-20220530/0521_O62-20220530-061327-108-0.txt,0521_O62-20220530/0521_O62-20220530-065935-107-107.txt
0521,O62,20220531,062139,185-0,063513,133-133,0521_O62-20220531/0521_O62-20220531-062139-185-0.json,0521_O62-20220531/0521_O62-20220531-063513-133-133.json,0521_O62-20220531/0521_O62-20220531-062139-185-0.txt,0521_O62-20220531/0521_O62-20220531-063513-133-133.txt
0521,O62,20220601,060333,150-0,070709,125-125,0521_O62-20220601/0521_O62-20220601-060333-150-0.json,0521_O62-20220601/0521_O62-20220601-070709-125-125.json,0521_O62-20220601/0521_O62-20220601-060333-150-0.txt,0521_O62-20220601/0521_O62-20220601-070709-125-125.txt
0521,O62,20220602,055242,153-0,065821,120-120,0521_O62-20220602/0521_O62-20220602-055242-153-0.json,0521_O62-20220602/0521_O62-20220602-065821-120-120.json,0521_O62-20220602/0521_O62-20220602-055242-153-0.txt,0521_O62-20220602/0521_O62-20220602-065821-120-120.txt
0521,O62,20220603,054710,130-0,061729,102-102,0521_O62-20220603/0521_O62-20220603-054710-130-0.json,0521_O62-20220603/0521_O62-20220603-061729-102-102.json,0521_O62-20220603/0521_O62-20220603-054710-130-0.txt,0521_O62-20220603/0521_O62-20220603-061729-102-102.txt
0521,O62,20220607,061825,49-0,094415,108-108,0521_O62-20220607/0521_O62-20220607-061825-49-0.json,0521_O62-20220607/0521_O62-20220607-094415-108-108.json,0521_O62-20220607/0521_O62-20220607-061825-49-0.txt,0521_O62-20220607/0521_O62-20220607-094415-108-108.txt
0521,O62,20220608,071557,86-0,100051,122-122,0521_O62-20220608/0521_O62-20220608-071557-86-0.json,0521_O62-20220608/0521_O62-20220608-100051-122-122.json,0521_O62-20220608/0521_O62-20220608-071557-86-0.txt,0521_O62-20220608/0521_O62-20220608-100051-122-122.txt
0521,O62,20220609,085701,127-0,100437,127-127,0521_O62-20220609/0521_O62-20220609-085701-127-0.json,0521_O62-20220609/0521_O62-20220609-100437-127-127.json,0521_O62-20220609/0521_O62-20220609-085701-127-0.txt,0521_O62-20220609/0521_O62-20220609-100437-127-127.txt
0521,O62,20220610,061352,116-0,101634,93-93,0521_O62-20220610/0521_O62-20220610-061352-116-0.json,0521_O62-20220610/0521_O62-20220610-101634-93-93.json,0521_O62-20220610/0521_O62-20220610-061352-116-0.txt,0521_O62-20220610/0521_O62-20220610-101634-93-93.txt
0521,O62,20220613,084205,97-0,090151,96-96,0521_O62-20220613/0521_O62-20220613-084205-97-0.json,0521_O62-20220613/0521_O62-20220613-090151-96-96.json,0521_O62-20220613/0521_O62-20220613-084205-97-0.txt,0521_O62-20220613/0521_O62-20220613-090151-96-96.txt
0521,O62,20220614,090945,133-0,103901,132-132,0521_O62-20220614/0521_O62-20220614-090945-133-0.json,0521_O62-20220614/0521_O62-20220614-103901-132-132.json,0521_O62-20220614/0521_O62-20220614-090945-133-0.txt,0521_O62-20220614/0521_O62-20220614-103901-132-132.txt
0521,O62,20220615,081009,55-0,094555,105-105,0521_O62-20220615/0521_O62-20220615-081009-55-0.json,0521_O62-20220615/0521_O62-20220615-094555-105-105.json,0521_O62-20220615/0521_O62-20220615-081009-55-0.txt,0521_O62-20220615/0521_O62-20220615-094555-105-105.txt
0521,O62,20220616,055056,175-0,064635,129-129,0521_O62-20220616/0521_O62-20220616-055056-175-0.json,0521_O62-20220616/0521_O62-20220616-064635-129-129.json,0521_O62-20220616/0521_O62-20220616-055056-175-0.txt,0521_O62-20220616/0521_O62-20220616-064635-129-129.txt
0521,O62,20220617,054214,119-0,062422,106-106,0521_O62-20220617/0521_O62-20220617-054214-119-0.json,0521_O62-20220617/0521_O62-20220617-062422-106-106.json,0521_O62-20220617/0521_O62-20220617-054214-119-0.txt,0521_O62-20220617/0521_O62-20220617-062422-106-106.txt
0521,O62,20220618,060813,29-0,063447,28-28,0521_O62-20220618/0521_O62-20220618-060813-29-0.json,0521_O62-20220618/0521_O62-20220618-063447-28-28.json,0521_O62-20220618/0521_O62-20220618-060813-29-0.txt,0521_O62-20220618/0521_O62-20220618-063447-28-28.txt
0521,O62,20220620,050353,1-0,063622,97-97,0521_O62-20220620/0521_O62-20220620-050353-1-0.json,0521_O62-20220620/0521_O62-20220620-063622-97-97.json,0521_O62-20220620/0521_O62-20220620-050353-1-0.txt,0521_O62-20220620/0521_O62-20220620-063622-97-97.txt
0521,O62,20220621,050345,1-0,063751,126-126,0521_O62-20220621/0521_O62-20220621-050345-1-0.json,0521_O62-20220621/0521_O62-20220621-063751-126-126.json,0521_O62-20220621/0521_O62-20220621-050345-1-0.txt,0521_O62-20220621/0521_O62-20220621-063751-126-126.txt
0521,O62,20220622,050314,1-0,060124,103-101,0521_O62-20220622/0521_O62-20220622-050314-1-0.json,0521_O62-20220622/0521_O62-20220622-060124-103-101.json,0521_O62-20220622/0521_O62-20220622-050314-1-0.txt,0521_O62-20220622/0521_O62-20220622-060124-103-101.txt
0521,O63,20220530,062846,88-0,062846,88-0,0521_O63-20220530/0521_O63-20220530-062846-88-0.json,0521_O63-20220530/0521_O63-20220530-062846-88-0.json,0521_O63-20220530/0521_O63-20220530-062846-88-0.txt,0521_O63-20220530/0521_O63-20220530-062846-88-0.txt
0521,O63,20220531,063257,52-0,103411,101-101,0521_O63-20220531/0521_O63-20220531-063257-52-0.json,0521_O63-20220531/0521_O63-20220531-103411-101-101.json,0521_O63-20220531/0521_O63-20220531-063257-52-0.txt,0521_O63-20220531/0521_O63-20220531-103411-101-101.txt
0521,O63,20220601,062257,81-0,100705,49-49,0521_O63-20220601/0521_O63-20220601-062257-81-0.json,0521_O63-20220601/0521_O63-20220601-100705-49-49.json,0521_O63-20220601/0521_O63-20220601-062257-81-0.txt,0521_O63-20220601/0521_O63-20220601-100705-49-49.txt
0521,O63,20220602,061320,83-0,101558,93-93,0521_O63-20220602/0521_O63-20220602-061320-83-0.json,0521_O63-20220602/0521_O63-20220602-101558-93-93.json,0521_O63-20220602/0521_O63-20220602-061320-83-0.txt,0521_O63-20220602/0521_O63-20220602-101558-93-93.txt
0521,O63,20220603,065757,48-0,103103,72-72,0521_O63-20220603/0521_O63-20220603-065757-48-0.json,0521_O63-20220603/0521_O63-20220603-103103-72-72.json,0521_O63-20220603/0521_O63-20220603-065757-48-0.txt,0521_O63-20220603/0521_O63-20220603-103103-72-72.txt
0521,O63,20220604,071126,13-0,075520,13-13,0521_O63-20220604/0521_O63-20220604-071126-13-0.json,0521_O63-20220604/0521_O63-20220604-075520-13-13.json,0521_O63-20220604/0521_O63-20220604-071126-13-0.txt,0521_O63-20220604/0521_O63-20220604-075520-13-13.txt
0521,O63,20220607,090834,67-0,105302,59-59,0521_O63-20220607/0521_O63-20220607-090834-67-0.json,0521_O63-20220607/0521_O63-20220607-105302-59-59.json,0521_O63-20220607/0521_O63-20220607-090834-67-0.txt,0521_O63-20220607/0521_O63-20220607-105302-59-59.txt
0521,O63,20220608,091156,43-0,101325,41-41,0521_O63-20220608/0521_O63-20220608-091156-43-0.json,0521_O63-20220608/0521_O63-20220608-101325-41-41.json,0521_O63-20220608/0521_O63-20220608-091156-43-0.txt,0521_O63-20220608/0521_O63-20220608-101325-41-41.txt
0521,O63,20220609,083703,27-0,100343,29-29,0521_O63-20220609/0521_O63-20220609-083703-27-0.json,0521_O63-20220609/0521_O63-20220609-100343-29-29.json,0521_O63-20220609/0521_O63-20220609-083703-27-0.txt,0521_O63-20220609/0521_O63-20220609-100343-29-29.txt
0521,O63,20220610,091022,90-64,105550,77-77,0521_O63-20220610/0521_O63-20220610-091022-90-64.json,0521_O63-20220610/0521_O63-20220610-105550-77-77.json,0521_O63-20220610/0521_O63-20220610-091022-90-64.txt,0521_O63-20220610/0521_O63-20220610-105550-77-77.txt
0521,O63,20220613,090756,23-0,095806,23-23,0521_O63-20220613/0521_O63-20220613-090756-23-0.json,0521_O63-20220613/0521_O63-20220613-095806-23-23.json,0521_O63-20220613/0521_O63-20220613-090756-23-0.txt,0521_O63-20220613/0521_O63-20220613-095806-23-23.txt
0521,O63,20220614,063410,74-0,075219,62-62,0521_O63-20220614/0521_O63-20220614-063410-74-0.json,0521_O63-20220614/0521_O63-20220614-075219-62-62.json,0521_O63-20220614/0521_O63-20220614-063410-74-0.txt,0521_O63-20220614/0521_O63-20220614-075219-62-62.txt
0521,O63,20220617,074010,23-0,095429,78-78,0521_O63-20220617/0521_O63-20220617-074010-23-0.json,0521_O63-20220617/0521_O63-20220617-095429-78-78.json,0521_O63-20220617/0521_O63-20220617-074010-23-0.txt,0521_O63-20220617/0521_O63-20220617-095429-78-78.txt
0521,O63,20220621,081612,41-0,095810,41-41,0521_O63-20220621/0521_O63-20220621-081612-41-0.json,0521_O63-20220621/0521_O63-20220621-095810-41-41.json,0521_O63-20220621/0521_O63-20220621-081612-41-0.txt,0521_O63-20220621/0521_O63-20220621-095810-41-41.txt
0521,O63,20220622,062034,76-0,100822,58-58,0521_O63-20220622/0521_O63-20220622-062034-76-0.json,0521_O63-20220622/0521_O63-20220622-100822-58-58.json,0521_O63-20220622/0521_O63-20220622-062034-76-0.txt,0521_O63-20220622/0521_O63-20220622-100822-58-58.txt
0521,O64,20220604,053008,71-0,055846,70-70,0521_O64-20220604/0521_O64-20220604-053008-71-0.json,0521_O64-20220604/0521_O64-20220604-055846-70-70.json,0521_O64-20220604/0521_O64-20220604-053008-71-0.txt,0521_O64-20220604/0521_O64-20220604-055846-70-70.txt
0521,O64,20220610,101218,66-0,102026,66-66,0521_O64-20220610/0521_O64-20220610-101218-66-0.json,0521_O64-20220610/0521_O64-20220610-102026-66-66.json,0521_O64-20220610/0521_O64-20220610-101218-66-0.txt,0521_O64-20220610/0521_O64-20220610-102026-66-66.txt
0521,O64,20220611,053438,55-0,055608,55-55,0521_O64-20220611/0521_O64-20220611-053438-55-0.json,0521_O64-20220611/0521_O64-20220611-055608-55-55.json,0521_O64-20220611/0521_O64-20220611-053438-55-0.txt,0521_O64-20220611/0521_O64-20220611-055608-55-55.txt
0521,O64,20220618,053220,51-0,054644,56-55,0521_O64-20220618/0521_O64-20220618-053220-51-0.json,0521_O64-20220618/0521_O64-20220618-054644-56-55.json,0521_O64-20220618/0521_O64-20220618-053220-51-0.txt,0521_O64-20220618/0521_O64-20220618-054644-56-55.txt
0521,O65,20220531,062309,63-0,064012,63-63,0521_O65-20220531/0521_O65-20220531-062309-63-0.json,0521_O65-20220531/0521_O65-20220531-064012-63-63.json,0521_O65-20220531/0521_O65-20220531-062309-63-0.txt,0521_O65-20220531/0521_O65-20220531-064012-63-63.txt
0521,O65,20220621,072332,40-0,074700,39-39,0521_O65-20220621/0521_O65-20220621-072332-40-0.json,0521_O65-20220621/0521_O65-20220621-074700-39-39.json,0521_O65-20220621/0521_O65-20220621-072332-40-0.txt,0521_O65-20220621/0521_O65-20220621-074700-39-39.txt
0521,O66,20220601,063514,50-0,063514,50-0,0521_O66-20220601/0521_O66-20220601-063514-50-0.json,0521_O66-20220601/0521_O66-20220601-063514-50-0.json,0521_O66-20220601/0521_O66-20220601-063514-50-0.txt,0521_O66-20220601/0521_O66-20220601-063514-50-0.txt
0521,O66,20220602,062522,45-0,062846,45-45,0521_O66-20220602/0521_O66-20220602-062522-45-0.json,0521_O66-20220602/0521_O66-20220602-062846-45-45.json,0521_O66-20220602/0521_O66-20220602-062522-45-0.txt,0521_O66-20220602/0521_O66-20220602-062846-45-45.txt
0521,O66,20220608,084026,53-0,084618,53-53,0521_O66-20220608/0521_O66-20220608-084026-53-0.json,0521_O66-20220608/0521_O66-20220608-084618-53-53.json,0521_O66-20220608/0521_O66-20220608-084026-53-0.txt,0521_O66-20220608/0521_O66-20220608-084618-53-53.txt
0521,O66,20220614,075841,54-0,084332,52-52,0521_O66-20220614/0521_O66-20220614-075841-54-0.json,0521_O66-20220614/0521_O66-20220614-084332-52-52.json,0521_O66-20220614/0521_O66-20220614-075841-54-0.txt,0521_O66-20220614/0521_O66-20220614-084332-52-52.txt
0521,O66,20220615,060935,36-0,061230,36-36,0521_O66-20220615/0521_O66-20220615-060935-36-0.json,0521_O66-20220615/0521_O66-20220615-061230-36-36.json,0521_O66-20220615/0521_O66-20220615-060935-36-0.txt,0521_O66-20220615/0521_O66-20220615-061230-36-36.txt
0521,O67,20220530,070712,96-0,072450,62-0,0521_O67-20220530/0521_O67-20220530-070712-96-0.json,0521_O67-20220530/0521_O67-20220530-072450-62-0.json,0521_O67-20220530/0521_O67-20220530-070712-96-0.txt,0521_O67-20220530/0521_O67-20220530-072450-62-0.txt
0521,O67,20220531,085646,119-0,100610,119-119,0521_O67-20220531/0521_O67-20220531-085646-119-0.json,0521_O67-20220531/0521_O67-20220531-100610-119-119.json,0521_O67-20220531/0521_O67-20220531-085646-119-0.txt,0521_O67-20220531/0521_O67-20220531-100610-119-119.txt
0521,O67,20220601,064725,99-0,081152,51-51,0521_O67-20220601/0521_O67-20220601-064725-99-0.json,0521_O67-20220601/0521_O67-20220601-081152-51-51.json,0521_O67-20220601/0521_O67-20220601-064725-99-0.txt,0521_O67-20220601/0521_O67-20220601-081152-51-51.txt
0521,O67,20220603,064726,58-0,064726,58-0,0521_O67-20220603/0521_O67-20220603-064726-58-0.json,0521_O67-20220603/0521_O67-20220603-064726-58-0.json,0521_O67-20220603/0521_O67-20220603-064726-58-0.txt,0521_O67-20220603/0521_O67-20220603-064726-58-0.txt
0521,O67,20220604,052726,56-0,060520,53-53,0521_O67-20220604/0521_O67-20220604-052726-56-0.json,0521_O67-20220604/0521_O67-20220604-060520-53-53.json,0521_O67-20220604/0521_O67-20220604-052726-56-0.txt,0521_O67-20220604/0521_O67-20220604-060520-53-53.txt
0521,O67,20220607,063606,56-0,063606,56-0,0521_O67-20220607/0521_O67-20220607-063606-56-0.json,0521_O67-20220607/0521_O67-20220607-063606-56-0.json,0521_O67-20220607/0521_O67-20220607-063606-56-0.txt,0521_O67-20220607/0521_O67-20220607-063606-56-0.txt
0521,O67,20220608,065257,95-0,065257,95-0,0521_O67-20220608/0521_O67-20220608-065257-95-0.json,0521_O67-20220608/0521_O67-20220608-065257-95-0.json,0521_O67-20220608/0521_O67-20220608-065257-95-0.txt,0521_O67-20220608/0521_O67-20220608-065257-95-0.txt
0521,O67,20220610,070719,96-0,070719,96-0,0521_O67-20220610/0521_O67-20220610-070719-96-0.json,0521_O67-20220610/0521_O67-20220610-070719-96-0.json,0521_O67-20220610/0521_O67-20220610-070719-96-0.txt,0521_O67-20220610/0521_O67-20220610-070719-96-0.txt
0521,O67,20220613,070706,88-0,082839,2-0,0521_O67-20220613/0521_O67-20220613-070706-88-0.json,0521_O67-20220613/0521_O67-20220613-082839-2-0.json,0521_O67-20220613/0521_O67-20220613-070706-88-0.txt,0521_O67-20220613/0521_O67-20220613-082839-2-0.txt
0521,O67,20220614,065400,108-0,065400,108-0,0521_O67-20220614/0521_O67-20220614-065400-108-0.json,0521_O67-20220614/0521_O67-20220614-065400-108-0.json,0521_O67-20220614/0521_O67-20220614-065400-108-0.txt,0521_O67-20220614/0521_O67-20220614-065400-108-0.txt
0521,O67,20220615,064655,93-0,064655,93-0,0521_O67-20220615/0521_O67-20220615-064655-93-0.json,0521_O67-20220615/0521_O67-20220615-064655-93-0.json,0521_O67-20220615/0521_O67-20220615-064655-93-0.txt,0521_O67-20220615/0521_O67-20220615-064655-93-0.txt
0521,O67,20220620,063802,37-0,063802,37-0,0521_O67-20220620/0521_O67-20220620-063802-37-0.json,0521_O67-20220620/0521_O67-20220620-063802-37-0.json,0521_O67-20220620/0521_O67-20220620-063802-37-0.txt,0521_O67-20220620/0521_O67-20220620-063802-37-0.txt
0521,O67,20220622,064417,91-0,084208,43-43,0521_O67-20220622/0521_O67-20220622-064417-91-0.json,0521_O67-20220622/0521_O67-20220622-084208-43-43.json,0521_O67-20220622/0521_O67-20220622-064417-91-0.txt,0521_O67-20220622/0521_O67-20220622-084208-43-43.txt
0521,O69,20220530,064908,147-0,084109,140-140,0521_O69-20220530/0521_O69-20220530-064908-147-0.json,0521_O69-20220530/0521_O69-20220530-084109-140-140.json,0521_O69-20220530/0521_O69-20220530-064908-147-0.txt,0521_O69-20220530/0521_O69-20220530-084109-140-140.txt
0521,O69,20220531,070557,170-0,085639,141-141,0521_O69-20220531/0521_O69-20220531-070557-170-0.json,0521_O69-20220531/0521_O69-20220531-085639-141-141.json,0521_O69-20220531/0521_O69-20220531-070557-170-0.txt,0521_O69-20220531/0521_O69-20220531-085639-141-141.txt
0521,O69,20220601,070556,140-0,081749,140-140,0521_O69-20220601/0521_O69-20220601-070556-140-0.json,0521_O69-20220601/0521_O69-20220601-081749-140-140.json,0521_O69-20220601/0521_O69-20220601-070556-140-0.txt,0521_O69-20220601/0521_O69-20220601-081749-140-140.txt
0521,O69,20220602,070145,141-0,085112,142-142,0521_O69-20220602/0521_O69-20220602-070145-141-0.json,0521_O69-20220602/0521_O69-20220602-085112-142-142.json,0521_O69-20220602/0521_O69-20220602-070145-141-0.txt,0521_O69-20220602/0521_O69-20220602-085112-142-142.txt
0521,O69,20220603,070752,112-0,082419,110-110,0521_O69-20220603/0521_O69-20220603-070752-112-0.json,0521_O69-20220603/0521_O69-20220603-082419-110-110.json,0521_O69-20220603/0521_O69-20220603-070752-112-0.txt,0521_O69-20220603/0521_O69-20220603-082419-110-110.txt
0521,O69,20220607,063303,118-0,082332,119-119,0521_O69-20220607/0521_O69-20220607-063303-118-0.json,0521_O69-20220607/0521_O69-20220607-082332-119-119.json,0521_O69-20220607/0521_O69-20220607-063303-118-0.txt,0521_O69-20220607/0521_O69-20220607-082332-119-119.txt
0521,O69,20220608,064944,146-0,083530,146-146,0521_O69-20220608/0521_O69-20220608-064944-146-0.json,0521_O69-20220608/0521_O69-20220608-083530-146-146.json,0521_O69-20220608/0521_O69-20220608-064944-146-0.txt,0521_O69-20220608/0521_O69-20220608-083530-146-146.txt
0521,O69,20220609,071142,147-0,083213,145-145,0521_O69-20220609/0521_O69-20220609-071142-147-0.json,0521_O69-20220609/0521_O69-20220609-083213-145-145.json,0521_O69-20220609/0521_O69-20220609-071142-147-0.txt,0521_O69-20220609/0521_O69-20220609-083213-145-145.txt
0521,O69,20220610,072003,140-0,073132,140-140,0521_O69-20220610/0521_O69-20220610-072003-140-0.json,0521_O69-20220610/0521_O69-20220610-073132-140-140.json,0521_O69-20220610/0521_O69-20220610-072003-140-0.txt,0521_O69-20220610/0521_O69-20220610-073132-140-140.txt
0521,O69,20220613,063826,96-0,084129,150-150,0521_O69-20220613/0521_O69-20220613-063826-96-0.json,0521_O69-20220613/0521_O69-20220613-084129-150-150.json,0521_O69-20220613/0521_O69-20220613-063826-96-0.txt,0521_O69-20220613/0521_O69-20220613-084129-150-150.txt
0521,O69,20220614,063746,131-0,091546,138-138,0521_O69-20220614/0521_O69-20220614-063746-131-0.json,0521_O69-20220614/0521_O69-20220614-091546-138-138.json,0521_O69-20220614/0521_O69-20220614-063746-131-0.txt,0521_O69-20220614/0521_O69-20220614-091546-138-138.txt
0521,O69,20220615,071130,139-0,083538,139-139,0521_O69-20220615/0521_O69-20220615-071130-139-0.json,0521_O69-20220615/0521_O69-20220615-083538-139-139.json,0521_O69-20220615/0521_O69-20220615-071130-139-0.txt,0521_O69-20220615/0521_O69-20220615-083538-139-139.txt
0521,O69,20220616,065957,131-0,082235,130-130,0521_O69-20220616/0521_O69-20220616-065957-131-0.json,0521_O69-20220616/0521_O69-20220616-082235-130-130.json,0521_O69-20220616/0521_O69-20220616-065957-131-0.txt,0521_O69-20220616/0521_O69-20220616-082235-130-130.txt
0521,O69,20220617,062002,116-0,085313,135-135,0521_O69-20220617/0521_O69-20220617-062002-116-0.json,0521_O69-20220617/0521_O69-20220617-085313-135-135.json,0521_O69-20220617/0521_O69-20220617-062002-116-0.txt,0521_O69-20220617/0521_O69-20220617-085313-135-135.txt
0521,O69,20220620,064528,110-0,095057,110-110,0521_O69-20220620/0521_O69-20220620-064528-110-0.json,0521_O69-20220620/0521_O69-20220620-095057-110-110.json,0521_O69-20220620/0521_O69-20220620-064528-110-0.txt,0521_O69-20220620/0521_O69-20220620-095057-110-110.txt
0521,O69,20220621,063646,144-0,085425,144-144,0521_O69-20220621/0521_O69-20220621-063646-144-0.json,0521_O69-20220621/0521_O69-20220621-085425-144-144.json,0521_O69-20220621/0521_O69-20220621-063646-144-0.txt,0521_O69-20220621/0521_O69-20220621-085425-144-144.txt
0521,O69,20220622,064101,135-0,083833,139-139,0521_O69-20220622/0521_O69-20220622-064101-135-0.json,0521_O69-20220622/0521_O69-20220622-083833-139-139.json,0521_O69-20220622/0521_O69-20220622-064101-135-0.txt,0521_O69-20220622/0521_O69-20220622-083833-139-139.txt
